ISO-10303-21;
HEADER;
FILE_DESCRIPTION (( 'STEP AP214' ),
    '1' );
FILE_NAME ('F1192CC7-2881-4982-9C21-0658DC83C581.STEP',
    '2025-03-05T10:16:04',
    ( '' ),
    ( '' ),
    'SwSTEP 2.0',
    'SolidWorks 2022',
    '' );
FILE_SCHEMA (( 'AUTOMOTIVE_DESIGN' ));
ENDSEC;

DATA;
#1 = ORIENTED_EDGE ( 'NONE', *, *, #1477, .F. ) ;
#2 = DIRECTION ( 'NONE',  ( -0.0000000000000000000, -0.0000000000000000000, 1.000000000000000000 ) ) ;
#3 = VERTEX_POINT ( 'NONE', #221 ) ;
#4 = CARTESIAN_POINT ( 'NONE',  ( 2.100000000000000089, -2.600000000000000533, 1.199999999999999956 ) ) ;
#5 = CARTESIAN_POINT ( 'NONE',  ( 0.0000000000000000000, 4.000000000000000000, 3.799999999999999822 ) ) ;
#6 = ADVANCED_FACE ( 'NONE', ( #1288 ), #1165, .T. ) ;
#7 = AXIS2_PLACEMENT_3D ( 'NONE', #851, #165, #980 ) ;
#8 = ORIENTED_EDGE ( 'NONE', *, *, #1457, .F. ) ;
#9 = CARTESIAN_POINT ( 'NONE',  ( 4.400000000000000355, 4.500000000000000888, 4.799999999999999822 ) ) ;
#10 = VECTOR ( 'NONE', #1619, 1000.000000000000000 ) ;
#11 = EDGE_CURVE ( 'NONE', #899, #1521, #1443, .T. ) ;
#12 = VECTOR ( 'NONE', #1222, 1000.000000000000000 ) ;
#13 = ORIENTED_EDGE ( 'NONE', *, *, #1694, .F. ) ;
#14 = CARTESIAN_POINT ( 'NONE',  ( 3.700000000000000178, -2.500000000000000444, 1.700000000000000178 ) ) ;
#15 = VECTOR ( 'NONE', #1420, 1000.000000000000000 ) ;
#16 = ADVANCED_FACE ( 'NONE', ( #627 ), #1146, .F. ) ;
#17 = FACE_OUTER_BOUND ( 'NONE', #1609, .T. ) ;
#18 = LINE ( 'NONE', #416, #538 ) ;
#19 = ORIENTED_EDGE ( 'NONE', *, *, #1533, .T. ) ;
#20 = CARTESIAN_POINT ( 'NONE',  ( 3.899999999999999911, -2.700000000000000178, 1.199999999999999956 ) ) ;
#21 = ORIENTED_EDGE ( 'NONE', *, *, #1704, .F. ) ;
#22 = ADVANCED_FACE ( 'NONE', ( #1019 ), #643, .T. ) ;
#23 = LINE ( 'NONE', #1381, #513 ) ;
#24 = CARTESIAN_POINT ( 'NONE',  ( 5.900000000000000355, 0.0000000000000000000, 0.0000000000000000000 ) ) ;
#25 = LINE ( 'NONE', #1600, #313 ) ;
#26 = ORIENTED_EDGE ( 'NONE', *, *, #1409, .T. ) ;
#27 = LINE ( 'NONE', #558, #1622 ) ;
#28 = ORIENTED_EDGE ( 'NONE', *, *, #662, .F. ) ;
#29 = DIRECTION ( 'NONE',  ( -0.0000000000000000000, 1.000000000000000000, 0.0000000000000000000 ) ) ;
#30 = ADVANCED_FACE ( 'NONE', ( #651 ), #1188, .F. ) ;
#31 = DIRECTION ( 'NONE',  ( 0.7071067811865474617, -0.7071067811865474617, 0.0000000000000000000 ) ) ;
#32 = LINE ( 'NONE', #1467, #1592 ) ;
#33 = VERTEX_POINT ( 'NONE', #355 ) ;
#34 = DIRECTION ( 'NONE',  ( 0.0000000000000000000, 0.0000000000000000000, -1.000000000000000000 ) ) ;
#35 = ORIENTED_EDGE ( 'NONE', *, *, #1533, .F. ) ;
#36 = VECTOR ( 'NONE', #1359, 1000.000000000000000 ) ;
#37 = CARTESIAN_POINT ( 'NONE',  ( 0.4999999999999997780, 0.0000000000000000000, 4.299999999999999822 ) ) ;
#38 = VECTOR ( 'NONE', #1635, 1000.000000000000000 ) ;
#39 = DIRECTION ( 'NONE',  ( -0.0000000000000000000, 1.000000000000000000, 0.0000000000000000000 ) ) ;
#40 = VECTOR ( 'NONE', #1205, 1000.000000000000000 ) ;
#41 = AXIS2_PLACEMENT_3D ( 'NONE', #210, #1390, #351 ) ;
#42 = DIRECTION ( 'NONE',  ( 0.0000000000000000000, -0.0000000000000000000, -1.000000000000000000 ) ) ;
#43 = EDGE_CURVE ( 'NONE', #79, #947, #888, .T. ) ;
#44 = EDGE_CURVE ( 'NONE', #1545, #1032, #422, .T. ) ;
#45 = VERTEX_POINT ( 'NONE', #935 ) ;
#46 = SURFACE_SIDE_STYLE ('',( #1240 ) ) ;
#47 = ADVANCED_FACE ( 'NONE', ( #1342 ), #409, .T. ) ;
#48 = EDGE_LOOP ( 'NONE', ( #283, #1627, #1378, #610, #1296, #394 ) ) ;
#49 = DIRECTION ( 'NONE',  ( 0.0000000000000000000, -0.0000000000000000000, 1.000000000000000000 ) ) ;
#50 = DIRECTION ( 'NONE',  ( 0.0000000000000000000, 1.000000000000000000, 0.0000000000000000000 ) ) ;
#51 = DIRECTION ( 'NONE',  ( -0.5773502691896257311, -0.5773502691896257311, 0.5773502691896257311 ) ) ;
#52 = ORIENTED_EDGE ( 'NONE', *, *, #1132, .F. ) ;
#53 = ORIENTED_EDGE ( 'NONE', *, *, #1663, .F. ) ;
#54 = DIRECTION ( 'NONE',  ( -1.000000000000000000, 0.0000000000000000000, 1.062075597536819982E-15 ) ) ;
#55 = DIRECTION ( 'NONE',  ( 2.220446049250320181E-15, 0.0000000000000000000, 1.000000000000000000 ) ) ;
#56 = LINE ( 'NONE', #590, #149 ) ;
#57 = LINE ( 'NONE', #720, #1562 ) ;
#58 = ORIENTED_EDGE ( 'NONE', *, *, #1078, .T. ) ;
#59 = LINE ( 'NONE', #391, #819 ) ;
#60 = VERTEX_POINT ( 'NONE', #958 ) ;
#61 = CARTESIAN_POINT ( 'NONE',  ( 0.0000000000000000000, 6.000000000000000000, 2.799999999999999822 ) ) ;
#62 = EDGE_CURVE ( 'NONE', #1549, #1545, #951, .T. ) ;
#63 = DIRECTION ( 'NONE',  ( -0.0000000000000000000, -1.000000000000000000, 0.0000000000000000000 ) ) ;
#64 = AXIS2_PLACEMENT_3D ( 'NONE', #1330, #771, #1031 ) ;
#65 = EDGE_CURVE ( 'NONE', #780, #1683, #809, .T. ) ;
#66 = VECTOR ( 'NONE', #829, 1000.000000000000000 ) ;
#67 = VECTOR ( 'NONE', #1392, 1000.000000000000000 ) ;
#68 = CARTESIAN_POINT ( 'NONE',  ( 3.700000000000000178, 5.999999999999999112, 1.200000000000000178 ) ) ;
#69 = ORIENTED_EDGE ( 'NONE', *, *, #423, .F. ) ;
#70 = CARTESIAN_POINT ( 'NONE',  ( 5.400000000000000355, 6.000000000000000000, 0.4999999999999950040 ) ) ;
#71 = DIRECTION ( 'NONE',  ( 1.000000000000000000, 0.0000000000000000000, -0.0000000000000000000 ) ) ;
#72 = EDGE_CURVE ( 'NONE', #749, #161, #158, .T. ) ;
#73 = LINE ( 'NONE', #881, #986 ) ;
#74 = EDGE_CURVE ( 'NONE', #1291, #1683, #25, .T. ) ;
#75 = ORIENTED_EDGE ( 'NONE', *, *, #680, .T. ) ;
#76 = CARTESIAN_POINT ( 'NONE',  ( 5.400000000000000355, 4.000000000000000000, 3.299999999999999822 ) ) ;
#77 = CARTESIAN_POINT ( 'NONE',  ( 5.400000000000000355, 6.000000000000000000, 2.800000000000000266 ) ) ;
#78 = CARTESIAN_POINT ( 'NONE',  ( 3.450000000000000178, 2.000000000000000000, 4.799999999999999822 ) ) ;
#79 = VERTEX_POINT ( 'NONE', #1485 ) ;
#80 = DIRECTION ( 'NONE',  ( 0.7071067811865475727, 0.7071067811865475727, 0.0000000000000000000 ) ) ;
#81 = DIRECTION ( 'NONE',  ( -1.000000000000000000, 0.0000000000000000000, 0.0000000000000000000 ) ) ;
#82 = DIRECTION ( 'NONE',  ( -0.0000000000000000000, 1.000000000000000000, 0.0000000000000000000 ) ) ;
#83 = EDGE_LOOP ( 'NONE', ( #1177, #343, #681, #515 ) ) ;
#84 = PLANE ( 'NONE',  #677 ) ;
#85 = DIRECTION ( 'NONE',  ( -1.000000000000000000, -0.0000000000000000000, -0.0000000000000000000 ) ) ;
#86 = ORIENTED_EDGE ( 'NONE', *, *, #1269, .F. ) ;
#87 = CARTESIAN_POINT ( 'NONE',  ( 2.200000000000000178, -2.500000000000000000, 1.199999999999999956 ) ) ;
#88 = VECTOR ( 'NONE', #51, 999.9999999999998863 ) ;
#89 = DIRECTION ( 'NONE',  ( 0.0000000000000000000, 0.0000000000000000000, 1.000000000000000000 ) ) ;
#90 = PRESENTATION_LAYER_ASSIGNMENT (  '', '', ( #844 ) ) ;
#91 = VECTOR ( 'NONE', #1386, 1000.000000000000000 ) ;
#92 = EDGE_CURVE ( 'NONE', #954, #325, #32, .T. ) ;
#93 = CARTESIAN_POINT ( 'NONE',  ( 4.075000000000000178, 6.200000000000000178, 1.400000000000000355 ) ) ;
#94 = CARTESIAN_POINT ( 'NONE',  ( 3.999999999999999112, 6.200000000000000178, 1.500000000000000000 ) ) ;
#95 = VECTOR ( 'NONE', #1116, 1000.000000000000000 ) ;
#96 = ORIENTED_EDGE ( 'NONE', *, *, #842, .F. ) ;
#97 = DIRECTION ( 'NONE',  ( 0.7071067811865475727, -0.7071067811865475727, 0.0000000000000000000 ) ) ;
#98 = EDGE_CURVE ( 'NONE', #937, #381, #18, .T. ) ;
#99 = ORIENTED_EDGE ( 'NONE', *, *, #840, .F. ) ;
#100 = DIRECTION ( 'NONE',  ( -0.0000000000000000000, -1.000000000000000000, 0.0000000000000000000 ) ) ;
#101 = EDGE_LOOP ( 'NONE', ( #1529, #1309, #333, #35, #1436, #1447 ) ) ;
#102 = DIRECTION ( 'NONE',  ( 0.0000000000000000000, 0.0000000000000000000, -1.000000000000000000 ) ) ;
#103 = EDGE_LOOP ( 'NONE', ( #412, #811, #1664, #1318 ) ) ;
#104 = DIRECTION ( 'NONE',  ( 1.000000000000000000, 0.0000000000000000000, -0.0000000000000000000 ) ) ;
#105 = ORIENTED_EDGE ( 'NONE', *, *, #1278, .F. ) ;
#106 = FILL_AREA_STYLE ('',( #1200 ) ) ;
#107 = CARTESIAN_POINT ( 'NONE',  ( 2.200000000000000178, -2.700000000000000178, 1.199999999999999956 ) ) ;
#108 = DIRECTION ( 'NONE',  ( 1.000000000000000000, 0.0000000000000000000, -0.0000000000000000000 ) ) ;
#109 = CARTESIAN_POINT ( 'NONE',  ( 2.950000000000000178, 6.000000000000000000, 4.299999999999999822 ) ) ;
#110 = ORIENTED_EDGE ( 'NONE', *, *, #617, .T. ) ;
#111 = CARTESIAN_POINT ( 'NONE',  ( 0.0000000000000000000, 6.000000000000000000, 2.799999999999999822 ) ) ;
#112 = VERTEX_POINT ( 'NONE', #280 ) ;
#113 = EDGE_CURVE ( 'NONE', #311, #837, #1724, .T. ) ;
#114 = DIRECTION ( 'NONE',  ( -0.0000000000000000000, 0.0000000000000000000, -1.000000000000000000 ) ) ;
#115 = EDGE_CURVE ( 'NONE', #1545, #33, #1088, .T. ) ;
#116 = CARTESIAN_POINT ( 'NONE',  ( 0.0000000000000000000, 0.0000000000000000000, 0.0000000000000000000 ) ) ;
#117 = PLANE ( 'NONE',  #1043 ) ;
#118 = VECTOR ( 'NONE', #308, 1000.000000000000000 ) ;
#119 = ORIENTED_EDGE ( 'NONE', *, *, #792, .F. ) ;
#120 = FACE_OUTER_BOUND ( 'NONE', #740, .T. ) ;
#121 = AXIS2_PLACEMENT_3D ( 'NONE', #1605, #138, #1482 ) ;
#122 = CARTESIAN_POINT ( 'NONE',  ( 2.000000000000000000, -2.700000000000000178, 1.199999999999999956 ) ) ;
#123 = ORIENTED_EDGE ( 'NONE', *, *, #1026, .T. ) ;
#124 = DIRECTION ( 'NONE',  ( 0.0000000000000000000, 0.7071067811865480168, 0.7071067811865470176 ) ) ;
#125 = CARTESIAN_POINT ( 'NONE',  ( 4.200000000000000178, 6.000000000000000000, 1.200000000000000178 ) ) ;
#126 = FACE_OUTER_BOUND ( 'NONE', #559, .T. ) ;
#127 = ORIENTED_EDGE ( 'NONE', *, *, #1690, .T. ) ;
#128 = FACE_OUTER_BOUND ( 'NONE', #1367, .T. ) ;
#129 = ORIENTED_EDGE ( 'NONE', *, *, #1280, .T. ) ;
#130 = CARTESIAN_POINT ( 'NONE',  ( 1.500000000000000000, 4.500000000000000888, 4.799999999999999822 ) ) ;
#131 = DIRECTION ( 'NONE',  ( 0.0000000000000000000, -1.000000000000000000, 0.0000000000000000000 ) ) ;
#132 = DIRECTION ( 'NONE',  ( 0.0000000000000000000, 1.000000000000000000, 0.0000000000000000000 ) ) ;
#133 = EDGE_CURVE ( 'NONE', #3, #1512, #696, .T. ) ;
#134 = ORIENTED_EDGE ( 'NONE', *, *, #259, .T. ) ;
#135 = CARTESIAN_POINT ( 'NONE',  ( 5.400000000000000355, 6.000000000000000000, 0.4999999999999950040 ) ) ;
#136 = ORIENTED_EDGE ( 'NONE', *, *, #1130, .F. ) ;
#137 = LINE ( 'NONE', #395, #1565 ) ;
#138 = DIRECTION ( 'NONE',  ( 1.000000000000000000, 0.0000000000000000000, -0.0000000000000000000 ) ) ;
#139 = CARTESIAN_POINT ( 'NONE',  ( 1.500000000000000000, 4.500000000000000888, 4.299999999999999822 ) ) ;
#140 = EDGE_CURVE ( 'NONE', #1248, #884, #1607, .T. ) ;
#141 = STYLED_ITEM ( 'NONE', ( #1033 ), #262 ) ;
#142 = ORIENTED_EDGE ( 'NONE', *, *, #244, .T. ) ;
#143 = LINE ( 'NONE', #683, #1508 ) ;
#144 = AXIS2_PLACEMENT_3D ( 'NONE', #384, #266, #275 ) ;
#145 = STYLED_ITEM ( 'NONE', ( #1273 ), #852 ) ;
#146 = VERTEX_POINT ( 'NONE', #1202 ) ;
#147 = EDGE_CURVE ( 'NONE', #1640, #704, #1591, .T. ) ;
#148 = PLANE ( 'NONE',  #1673 ) ;
#149 = VECTOR ( 'NONE', #727, 1000.000000000000000 ) ;
#150 = FACE_OUTER_BOUND ( 'NONE', #723, .T. ) ;
#151 = DIRECTION ( 'NONE',  ( 1.000000000000000000, -0.0000000000000000000, 0.0000000000000000000 ) ) ;
#152 = ORIENTED_EDGE ( 'NONE', *, *, #423, .T. ) ;
#153 = DIRECTION ( 'NONE',  ( 0.0000000000000000000, -0.0000000000000000000, 1.000000000000000000 ) ) ;
#154 = ADVANCED_FACE ( 'NONE', ( #126 ), #531, .T. ) ;
#155 = ORIENTED_EDGE ( 'NONE', *, *, #1245, .F. ) ;
#156 = PLANE ( 'NONE',  #1180 ) ;
#157 = FACE_OUTER_BOUND ( 'NONE', #490, .T. ) ;
#158 = LINE ( 'NONE', #1335, #929 ) ;
#159 = ORIENTED_EDGE ( 'NONE', *, *, #680, .F. ) ;
#160 = LINE ( 'NONE', #1353, #650 ) ;
#161 = VERTEX_POINT ( 'NONE', #5 ) ;
#162 = DIRECTION ( 'NONE',  ( -1.000000000000000000, -0.0000000000000000000, 0.0000000000000000000 ) ) ;
#163 = LINE ( 'NONE', #24, #682 ) ;
#164 = EDGE_CURVE ( 'NONE', #45, #976, #563, .T. ) ;
#165 = DIRECTION ( 'NONE',  ( -1.000000000000000000, 0.0000000000000000000, 0.0000000000000000000 ) ) ;
#166 = EDGE_CURVE ( 'NONE', #1396, #754, #434, .T. ) ;
#167 = VERTEX_POINT ( 'NONE', #794 ) ;
#168 = FILL_AREA_STYLE ('',( #1495 ) ) ;
#169 = VECTOR ( 'NONE', #548, 1000.000000000000000 ) ;
#170 = ORIENTED_EDGE ( 'NONE', *, *, #1171, .F. ) ;
#171 = LINE ( 'NONE', #1628, #982 ) ;
#172 = DIRECTION ( 'NONE',  ( -0.0000000000000000000, -1.000000000000000000, -0.0000000000000000000 ) ) ;
#173 = VECTOR ( 'NONE', #100, 1000.000000000000000 ) ;
#174 = VECTOR ( 'NONE', #329, 999.9999999999998863 ) ;
#175 = CARTESIAN_POINT ( 'NONE',  ( 1.000000000000000000, 2.250000000000000444, 4.299999999999999822 ) ) ;
#176 = ADVANCED_FACE ( 'NONE', ( #661 ), #1195, .F. ) ;
#177 = EDGE_LOOP ( 'NONE', ( #352, #1138, #1066, #142 ) ) ;
#178 = ORIENTED_EDGE ( 'NONE', *, *, #185, .T. ) ;
#179 = CARTESIAN_POINT ( 'NONE',  ( 0.4999999999999990563, 6.000000000000000000, 0.5000000000000000000 ) ) ;
#180 = DIRECTION ( 'NONE',  ( 1.000000000000000000, 0.0000000000000000000, -0.0000000000000000000 ) ) ;
#181 = CARTESIAN_POINT ( 'NONE',  ( 5.900000000000000355, 0.0000000000000000000, 4.799999999999999822 ) ) ;
#182 = EDGE_CURVE ( 'NONE', #749, #796, #442, .T. ) ;
#183 = FACE_OUTER_BOUND ( 'NONE', #258, .T. ) ;
#184 = EDGE_CURVE ( 'NONE', #542, #1248, #581, .T. ) ;
#185 = EDGE_CURVE ( 'NONE', #1320, #824, #1376, .T. ) ;
#186 = EDGE_LOOP ( 'NONE', ( #1657, #855, #1385, #1578 ) ) ;
#187 = LINE ( 'NONE', #616, #204 ) ;
#188 = ORIENTED_EDGE ( 'NONE', *, *, #1078, .F. ) ;
#189 = LINE ( 'NONE', #61, #649 ) ;
#190 = EDGE_CURVE ( 'NONE', #899, #542, #994, .T. ) ;
#191 = CARTESIAN_POINT ( 'NONE',  ( 0.4999999999999993339, 2.000000000000000000, 4.299999999999999822 ) ) ;
#192 = LINE ( 'NONE', #1655, #1375 ) ;
#193 = DIRECTION ( 'NONE',  ( -0.0000000000000000000, -1.000000000000000000, 0.0000000000000000000 ) ) ;
#194 = PRODUCT ( 'F1192CC7-2881-4982-9C21-0658DC83C581', 'F1192CC7-2881-4982-9C21-0658DC83C581', '', ( #1586 ) ) ;
#195 = CARTESIAN_POINT ( 'NONE',  ( 2.200000000000000178, 6.000000000000000000, 1.699999999999999734 ) ) ;
#196 = EDGE_CURVE ( 'NONE', #1030, #870, #973, .T. ) ;
#197 = VERTEX_POINT ( 'NONE', #1236 ) ;
#198 = CARTESIAN_POINT ( 'NONE',  ( 3.700000000000000178, 6.000000000000000000, 1.699999999999999734 ) ) ;
#199 = ADVANCED_FACE ( 'NONE', ( #503 ), #623, .F. ) ;
#200 = FACE_OUTER_BOUND ( 'NONE', #1518, .T. ) ;
#201 = VECTOR ( 'NONE', #132, 1000.000000000000000 ) ;
#202 = VECTOR ( 'NONE', #250, 1000.000000000000000 ) ;
#203 = DIRECTION ( 'NONE',  ( 0.5773502691896259531, -0.5773502691896259531, -0.5773502691896252870 ) ) ;
#204 = VECTOR ( 'NONE', #714, 1000.000000000000000 ) ;
#205 = VECTOR ( 'NONE', #344, 1000.000000000000000 ) ;
#206 = ORIENTED_EDGE ( 'NONE', *, *, #1203, .F. ) ;
#207 = CARTESIAN_POINT ( 'NONE',  ( 1.899999999999999911, -2.700000000000000178, 1.199999999999999956 ) ) ;
#208 = ORIENTED_EDGE ( 'NONE', *, *, #140, .T. ) ;
#209 = CARTESIAN_POINT ( 'NONE',  ( 0.4999999999999991673, 6.000000000000000000, 3.799999999999999822 ) ) ;
#210 = CARTESIAN_POINT ( 'NONE',  ( 1.800000000000000266, 6.099999999999999645, 1.199999999999999956 ) ) ;
#211 = ORIENTED_EDGE ( 'NONE', *, *, #1457, .T. ) ;
#212 = CARTESIAN_POINT ( 'NONE',  ( 1.949999999999999956, -2.500000000000000444, 1.199999999999999956 ) ) ;
#213 = ORIENTED_EDGE ( 'NONE', *, *, #1056, .F. ) ;
#214 = CARTESIAN_POINT ( 'NONE',  ( 5.900000000000000355, 6.000000000000000000, 2.399999999999999911 ) ) ;
#215 = ORIENTED_EDGE ( 'NONE', *, *, #1096, .F. ) ;
#216 = DIRECTION ( 'NONE',  ( 0.0000000000000000000, 0.0000000000000000000, -1.000000000000000000 ) ) ;
#217 = DIRECTION ( 'NONE',  ( 0.0000000000000000000, 1.000000000000000000, -0.0000000000000000000 ) ) ;
#218 = ORIENTED_EDGE ( 'NONE', *, *, #133, .T. ) ;
#219 = ADVANCED_FACE ( 'NONE', ( #183 ), #1630, .T. ) ;
#220 = CARTESIAN_POINT ( 'NONE',  ( 5.650000000000000355, 4.000000000000000000, 3.799999999999999822 ) ) ;
#221 = CARTESIAN_POINT ( 'NONE',  ( 5.400000000000000355, 0.0000000000000000000, 4.299999999999999822 ) ) ;
#222 = LINE ( 'NONE', #109, #793 ) ;
#223 = ORIENTED_EDGE ( 'NONE', *, *, #380, .T. ) ;
#224 = CARTESIAN_POINT ( 'NONE',  ( 4.000000000000000000, 6.200000000000001066, 1.500000000000000000 ) ) ;
#225 = CARTESIAN_POINT ( 'NONE',  ( 3.700000000000000178, -2.500000000000000444, 1.199999999999999956 ) ) ;
#226 = ORIENTED_EDGE ( 'NONE', *, *, #43, .F. ) ;
#227 = CLOSED_SHELL ( 'NONE', ( #629, #1474, #219, #281, #1357, #319, #1374, #1301, #1588, #584, #562, #428, #979, #693 ) ) ;
#228 = DIRECTION ( 'NONE',  ( 0.0000000000000000000, 0.0000000000000000000, -1.000000000000000000 ) ) ;
#229 = VECTOR ( 'NONE', #1013, 1000.000000000000000 ) ;
#230 = AXIS2_PLACEMENT_3D ( 'NONE', #1161, #1191, #1585 ) ;
#231 = VERTEX_POINT ( 'NONE', #1421 ) ;
#232 = FACE_OUTER_BOUND ( 'NONE', #1581, .T. ) ;
#233 = VECTOR ( 'NONE', #886, 1000.000000000000000 ) ;
#234 = ADVANCED_FACE ( 'NONE', ( #1297 ), #1509, .F. ) ;
#235 = ORIENTED_EDGE ( 'NONE', *, *, #1608, .F. ) ;
#236 = CARTESIAN_POINT ( 'NONE',  ( 5.400000000000000355, 6.000000000000000000, 4.299999999999999822 ) ) ;
#237 = LINE ( 'NONE', #656, #1213 ) ;
#238 = EDGE_LOOP ( 'NONE', ( #1315, #1587, #99, #1339, #453, #170, #1515, #1069, #438, #594, #1037, #647 ) ) ;
#239 = LINE ( 'NONE', #1042, #703 ) ;
#240 = DIRECTION ( 'NONE',  ( 0.0000000000000000000, 0.0000000000000000000, -1.000000000000000000 ) ) ;
#241 = PRODUCT_DEFINITION_SHAPE ( 'NONE', 'NONE',  #290 ) ;
#242 = DIRECTION ( 'NONE',  ( 0.0000000000000000000, 0.0000000000000000000, 1.000000000000000000 ) ) ;
#243 = LINE ( 'NONE', #373, #1325 ) ;
#244 = EDGE_CURVE ( 'NONE', #645, #363, #321, .T. ) ;
#245 = ORIENTED_EDGE ( 'NONE', *, *, #92, .T. ) ;
#246 = LINE ( 'NONE', #527, #315 ) ;
#247 = CARTESIAN_POINT ( 'NONE',  ( 5.400000000000000355, 2.000000000000000000, 0.4999999999999973910 ) ) ;
#248 = ORIENTED_EDGE ( 'NONE', *, *, #1694, .T. ) ;
#249 = EDGE_CURVE ( 'NONE', #704, #425, #1500, .T. ) ;
#250 = DIRECTION ( 'NONE',  ( -1.000000000000000000, -0.0000000000000000000, -0.0000000000000000000 ) ) ;
#251 = CARTESIAN_POINT ( 'NONE',  ( 4.200000000000000178, 6.200000000000001066, 1.199999999999999956 ) ) ;
#252 = ORIENTED_EDGE ( 'NONE', *, *, #772, .T. ) ;
#253 = PLANE ( 'NONE',  #291 ) ;
#254 = ORIENTED_EDGE ( 'NONE', *, *, #331, .F. ) ;
#255 = CARTESIAN_POINT ( 'NONE',  ( 5.900000000000000355, 6.000000000000000000, 4.799999999999999822 ) ) ;
#256 = EDGE_CURVE ( 'NONE', #197, #1323, #841, .T. ) ;
#257 = DIRECTION ( 'NONE',  ( -0.0000000000000000000, 1.000000000000000000, 0.0000000000000000000 ) ) ;
#258 = EDGE_LOOP ( 'NONE', ( #1431, #746, #1388, #524 ) ) ;
#259 = EDGE_CURVE ( 'NONE', #1692, #314, #57, .T. ) ;
#260 = CARTESIAN_POINT ( 'NONE',  ( 0.0000000000000000000, 0.0000000000000000000, 4.799999999999999822 ) ) ;
#261 = VERTEX_POINT ( 'NONE', #493 ) ;
#262 = MANIFOLD_SOLID_BREP ( 'Body1', #1346 ) ;
#263 = AXIS2_PLACEMENT_3D ( 'NONE', #1604, #29, #413 ) ;
#264 = ORIENTED_EDGE ( 'NONE', *, *, #1174, .T. ) ;
#265 = VECTOR ( 'NONE', #652, 1000.000000000000000 ) ;
#266 = DIRECTION ( 'NONE',  ( 0.0000000000000000000, 0.0000000000000000000, 1.000000000000000000 ) ) ;
#267 = VECTOR ( 'NONE', #850, 1000.000000000000000 ) ;
#268 =( LENGTH_UNIT ( ) NAMED_UNIT ( * ) SI_UNIT ( .MILLI., .METRE. ) );
#269 = ORIENTED_EDGE ( 'NONE', *, *, #196, .T. ) ;
#270 = DIRECTION ( 'NONE',  ( 0.0000000000000000000, -0.0000000000000000000, 1.000000000000000000 ) ) ;
#271 = PLANE ( 'NONE',  #458 ) ;
#272 = ADVANCED_FACE ( 'NONE', ( #1324 ), #330, .T. ) ;
#273 = DIRECTION ( 'NONE',  ( -1.000000000000000000, -0.0000000000000000000, 0.0000000000000000000 ) ) ;
#274 = EDGE_LOOP ( 'NONE', ( #1563, #1167, #589, #1667 ) ) ;
#275 = DIRECTION ( 'NONE',  ( 1.000000000000000000, 0.0000000000000000000, -0.0000000000000000000 ) ) ;
#276 = VERTEX_POINT ( 'NONE', #277 ) ;
#277 = CARTESIAN_POINT ( 'NONE',  ( 2.000000000000000000, -2.700000000000000178, 1.500000000000000222 ) ) ;
#278 = CARTESIAN_POINT ( 'NONE',  ( 4.900000000000000355, 2.250000000000000444, 4.299999999999999822 ) ) ;
#279 = EDGE_CURVE ( 'NONE', #1651, #1596, #1713, .T. ) ;
#280 = CARTESIAN_POINT ( 'NONE',  ( 5.400000000000000355, 0.0000000000000000000, 4.799999999999999822 ) ) ;
#281 = ADVANCED_FACE ( 'NONE', ( #522 ), #1589, .T. ) ;
#282 = DIRECTION ( 'NONE',  ( -0.0000000000000000000, -0.0000000000000000000, -1.000000000000000000 ) ) ;
#283 = ORIENTED_EDGE ( 'NONE', *, *, #65, .F. ) ;
#284 = DIRECTION ( 'NONE',  ( -1.062075597536819982E-15, 0.0000000000000000000, -1.000000000000000000 ) ) ;
#285 = MANIFOLD_SOLID_BREP ( 'Body2', #227 ) ;
#286 = PLANE ( 'NONE',  #346 ) ;
#287 = DIRECTION ( 'NONE',  ( -0.0000000000000000000, 0.0000000000000000000, -1.000000000000000000 ) ) ;
#288 = ORIENTED_EDGE ( 'NONE', *, *, #1583, .T. ) ;
#289 = DIRECTION ( 'NONE',  ( 0.0000000000000000000, -0.0000000000000000000, 1.000000000000000000 ) ) ;
#290 = PRODUCT_DEFINITION ( 'UNKNOWN', '', #1513, #341 ) ;
#291 = AXIS2_PLACEMENT_3D ( 'NONE', #1437, #784, #924 ) ;
#292 = ORIENTED_EDGE ( 'NONE', *, *, #995, .T. ) ;
#293 = CARTESIAN_POINT ( 'NONE',  ( 2.950000000000000178, 6.000000000000000000, 4.299999999999999822 ) ) ;
#294 = VECTOR ( 'NONE', #755, 1000.000000000000000 ) ;
#295 = LINE ( 'NONE', #1613, #1679 ) ;
#296 = DIRECTION ( 'NONE',  ( -0.0000000000000000000, 0.0000000000000000000, -1.000000000000000000 ) ) ;
#297 = ORIENTED_EDGE ( 'NONE', *, *, #1280, .F. ) ;
#298 = DIRECTION ( 'NONE',  ( 1.000000000000000000, 0.0000000000000000000, -0.0000000000000000000 ) ) ;
#299 = EDGE_CURVE ( 'NONE', #471, #1686, #1209, .T. ) ;
#300 = ORIENTED_EDGE ( 'NONE', *, *, #587, .T. ) ;
#301 = LINE ( 'NONE', #179, #118 ) ;
#302 = EDGE_CURVE ( 'NONE', #1554, #381, #137, .T. ) ;
#303 = CARTESIAN_POINT ( 'NONE',  ( 2.950000000000000178, 2.000000000000000000, 4.299999999999999822 ) ) ;
#304 =( NAMED_UNIT ( * ) SI_UNIT ( $, .STERADIAN. ) SOLID_ANGLE_UNIT ( ) );
#305 = VERTEX_POINT ( 'NONE', #130 ) ;
#306 = CARTESIAN_POINT ( 'NONE',  ( 5.900000000000000355, 0.0000000000000000000, 0.0000000000000000000 ) ) ;
#307 = VERTEX_POINT ( 'NONE', #806 ) ;
#308 = DIRECTION ( 'NONE',  ( 0.0000000000000000000, 1.000000000000000000, -0.0000000000000000000 ) ) ;
#309 = FACE_OUTER_BOUND ( 'NONE', #177, .T. ) ;
#310 = CARTESIAN_POINT ( 'NONE',  ( 3.825000000000000178, -2.700000000000000178, 1.399999999999999911 ) ) ;
#311 = VERTEX_POINT ( 'NONE', #1054 ) ;
#312 = CARTESIAN_POINT ( 'NONE',  ( 1.899999999999999911, -2.700000000000000178, 1.400000000000000133 ) ) ;
#313 = VECTOR ( 'NONE', #944, 1000.000000000000000 ) ;
#314 = VERTEX_POINT ( 'NONE', #14 ) ;
#315 = VECTOR ( 'NONE', #1051, 1000.000000000000000 ) ;
#316 = LINE ( 'NONE', #1652, #229 ) ;
#317 = LINE ( 'NONE', #1407, #432 ) ;
#318 = AXIS2_PLACEMENT_3D ( 'NONE', #523, #504, #537 ) ;
#319 = ADVANCED_FACE ( 'NONE', ( #914 ), #546, .T. ) ;
#320 = EDGE_CURVE ( 'NONE', #615, #1396, #921, .T. ) ;
#321 = LINE ( 'NONE', #87, #88 ) ;
#322 = EDGE_CURVE ( 'NONE', #430, #1501, #904, .T. ) ;
#323 = ORIENTED_EDGE ( 'NONE', *, *, #745, .T. ) ;
#324 = CARTESIAN_POINT ( 'NONE',  ( 5.400000000000000355, 6.000000000000000000, 4.299999999999999822 ) ) ;
#325 = VERTEX_POINT ( 'NONE', #930 ) ;
#326 = DIRECTION ( 'NONE',  ( -1.000000000000000000, 0.0000000000000000000, -0.0000000000000000000 ) ) ;
#327 = CARTESIAN_POINT ( 'NONE',  ( 5.400000000000000355, 2.000000000000000000, 0.4999999999999950040 ) ) ;
#328 = ORIENTED_EDGE ( 'NONE', *, *, #1528, .T. ) ;
#329 = DIRECTION ( 'NONE',  ( -0.5773502691896257311, -0.5773502691896270633, -0.5773502691896246208 ) ) ;
#330 = PLANE ( 'NONE',  #1235 ) ;
#331 = EDGE_CURVE ( 'NONE', #1683, #1651, #239, .T. ) ;
#332 = VERTEX_POINT ( 'NONE', #378 ) ;
#333 = ORIENTED_EDGE ( 'NONE', *, *, #1068, .F. ) ;
#334 = CARTESIAN_POINT ( 'NONE',  ( 0.4999999999999990563, 6.000000000000000000, 4.299999999999999822 ) ) ;
#335 = LINE ( 'NONE', #1136, #1294 ) ;
#336 = LINE ( 'NONE', #220, #1149 ) ;
#337 = EDGE_CURVE ( 'NONE', #311, #381, #1218, .T. ) ;
#338 = ORIENTED_EDGE ( 'NONE', *, *, #1466, .T. ) ;
#339 = LINE ( 'NONE', #207, #91 ) ;
#340 = EDGE_LOOP ( 'NONE', ( #479, #1470, #1057, #545 ) ) ;
#341 = PRODUCT_DEFINITION_CONTEXT ( 'detailed design', #500, 'design' ) ;
#342 = FACE_OUTER_BOUND ( 'NONE', #1531, .T. ) ;
#343 = ORIENTED_EDGE ( 'NONE', *, *, #147, .F. ) ;
#344 = DIRECTION ( 'NONE',  ( 0.0000000000000000000, 0.0000000000000000000, 1.000000000000000000 ) ) ;
#345 = COLOUR_RGB ( '',0.6274509803921568540, 0.6274509803921568540, 0.6274509803921568540 ) ;
#346 = AXIS2_PLACEMENT_3D ( 'NONE', #1348, #50, #1499 ) ;
#347 = DIRECTION ( 'NONE',  ( 1.000000000000000000, 0.0000000000000000000, -0.0000000000000000000 ) ) ;
#348 = ORIENTED_EDGE ( 'NONE', *, *, #113, .T. ) ;
#349 = DIRECTION ( 'NONE',  ( 1.000000000000000000, 0.0000000000000000000, 0.0000000000000000000 ) ) ;
#350 = EDGE_CURVE ( 'NONE', #146, #325, #301, .T. ) ;
#351 = DIRECTION ( 'NONE',  ( -0.7071067811865474617, -0.7071067811865474617, 0.0000000000000000000 ) ) ;
#352 = ORIENTED_EDGE ( 'NONE', *, *, #476, .T. ) ;
#353 = EDGE_CURVE ( 'NONE', #732, #884, #832, .T. ) ;
#354 = CARTESIAN_POINT ( 'NONE',  ( 2.450000000000000178, 2.000000000000000000, 4.799999999999999822 ) ) ;
#355 = CARTESIAN_POINT ( 'NONE',  ( 5.900000000000000355, 6.000000000000000000, 0.0000000000000000000 ) ) ;
#356 = DIRECTION ( 'NONE',  ( 0.0000000000000000000, -0.7071067811865480168, 0.7071067811865470176 ) ) ;
#357 = ORIENTED_EDGE ( 'NONE', *, *, #408, .T. ) ;
#358 = DIRECTION ( 'NONE',  ( 0.5773502691896250649, -0.5773502691896263972, -0.5773502691896257311 ) ) ;
#359 =( LENGTH_UNIT ( ) NAMED_UNIT ( * ) SI_UNIT ( .MILLI., .METRE. ) );
#360 = CARTESIAN_POINT ( 'NONE',  ( 4.075000000000000178, 6.099999999999999645, 1.300000000000000266 ) ) ;
#361 = DIRECTION ( 'NONE',  ( 0.0000000000000000000, 0.0000000000000000000, 1.000000000000000000 ) ) ;
#362 = CARTESIAN_POINT ( 'NONE',  ( 2.950000000000000178, 6.000000000000000000, 0.5000000000000000000 ) ) ;
#363 = VERTEX_POINT ( 'NONE', #1471 ) ;
#364 = CARTESIAN_POINT ( 'NONE',  ( 2.450000000000000178, 0.0000000000000000000, 4.799999999999999822 ) ) ;
#365 = CARTESIAN_POINT ( 'NONE',  ( 2.950000000000000178, 2.000000000000000000, 4.299999999999999822 ) ) ;
#366 = ORIENTED_EDGE ( 'NONE', *, *, #511, .T. ) ;
#367 = FACE_OUTER_BOUND ( 'NONE', #814, .T. ) ;
#368 = COLOUR_RGB ( '',0.6274509803921568540, 0.6274509803921568540, 0.6274509803921568540 ) ;
#369 = EDGE_CURVE ( 'NONE', #821, #1692, #23, .T. ) ;
#370 = ADVANCED_FACE ( 'NONE', ( #717 ), #446, .F. ) ;
#371 = VECTOR ( 'NONE', #289, 1000.000000000000000 ) ;
#372 = VERTEX_POINT ( 'NONE', #1480 ) ;
#373 = CARTESIAN_POINT ( 'NONE',  ( 1.699999999999999956, 6.000000000000000000, 1.199999999999999956 ) ) ;
#374 = VECTOR ( 'NONE', #1637, 1000.000000000000000 ) ;
#375 = EDGE_CURVE ( 'NONE', #533, #332, #1347, .T. ) ;
#376 = CARTESIAN_POINT ( 'NONE',  ( 3.950000000000000178, -2.500000000000000444, 1.699999999999999956 ) ) ;
#377 = ORIENTED_EDGE ( 'NONE', *, *, #607, .T. ) ;
#378 = CARTESIAN_POINT ( 'NONE',  ( 5.900000000000000355, 6.000000000000000000, 2.799999999999999822 ) ) ;
#379 = DIRECTION ( 'NONE',  ( -0.0000000000000000000, 0.0000000000000000000, 1.000000000000000000 ) ) ;
#380 = EDGE_CURVE ( 'NONE', #372, #1032, #1370, .T. ) ;
#381 = VERTEX_POINT ( 'NONE', #37 ) ;
#382 = CARTESIAN_POINT ( 'NONE',  ( 0.2500000000000000000, 4.000000000000000000, 2.799999999999999822 ) ) ;
#383 = EDGE_LOOP ( 'NONE', ( #96, #1722, #417, #803 ) ) ;
#384 = CARTESIAN_POINT ( 'NONE',  ( 1.949999999999999956, 1.750000000000000000, 1.699999999999999956 ) ) ;
#385 = ADVANCED_FACE ( 'NONE', ( #552 ), #1079, .F. ) ;
#386 = LINE ( 'NONE', #365, #1511 ) ;
#387 = VERTEX_POINT ( 'NONE', #560 ) ;
#388 =( NAMED_UNIT ( * ) SI_UNIT ( $, .STERADIAN. ) SOLID_ANGLE_UNIT ( ) );
#389 = DIRECTION ( 'NONE',  ( 0.0000000000000000000, 0.0000000000000000000, 1.000000000000000000 ) ) ;
#390 = CARTESIAN_POINT ( 'NONE',  ( 4.400000000000000355, 4.500000000000000888, 4.799999999999999822 ) ) ;
#391 = CARTESIAN_POINT ( 'NONE',  ( 0.4999999999999990563, 6.000000000000000000, 2.799999999999999822 ) ) ;
#392 = CARTESIAN_POINT ( 'NONE',  ( 5.400000000000000355, 2.000000000000000000, 4.299999999999999822 ) ) ;
#393 =( NAMED_UNIT ( * ) SI_UNIT ( $, .STERADIAN. ) SOLID_ANGLE_UNIT ( ) );
#394 = ORIENTED_EDGE ( 'NONE', *, *, #74, .T. ) ;
#395 = CARTESIAN_POINT ( 'NONE',  ( 0.4999999999999990563, 6.000000000000000000, 4.299999999999999822 ) ) ;
#396 = CARTESIAN_POINT ( 'NONE',  ( 4.400000000000000355, 6.123233995736769734E-17, 4.299999999999999822 ) ) ;
#397 = VECTOR ( 'NONE', #273, 1000.000000000000000 ) ;
#398 = VECTOR ( 'NONE', #1063, 1000.000000000000000 ) ;
#399 = DIRECTION ( 'NONE',  ( 0.0000000000000000000, -0.0000000000000000000, -1.000000000000000000 ) ) ;
#400 = VECTOR ( 'NONE', #1131, 999.9999999999998863 ) ;
#401 = VERTEX_POINT ( 'NONE', #1356 ) ;
#402 = AXIS2_PLACEMENT_3D ( 'NONE', #473, #1669, #55 ) ;
#403 = PLANE ( 'NONE',  #1072 ) ;
#404 = ORIENTED_EDGE ( 'NONE', *, *, #789, .T. ) ;
#405 = ADVANCED_FACE ( 'NONE', ( #838 ), #156, .T. ) ;
#406 = SURFACE_STYLE_USAGE ( .BOTH. , #673 ) ;
#407 = CARTESIAN_POINT ( 'NONE',  ( 5.900000000000000355, 4.000000000000000000, 4.799999999999999822 ) ) ;
#408 = EDGE_CURVE ( 'NONE', #387, #1221, #171, .T. ) ;
#409 = PLANE ( 'NONE',  #565 ) ;
#410 = ORIENTED_EDGE ( 'NONE', *, *, #532, .F. ) ;
#411 = LINE ( 'NONE', #550, #1402 ) ;
#412 = ORIENTED_EDGE ( 'NONE', *, *, #633, .T. ) ;
#413 = DIRECTION ( 'NONE',  ( 0.0000000000000000000, -0.0000000000000000000, 1.000000000000000000 ) ) ;
#414 = CARTESIAN_POINT ( 'NONE',  ( 0.0000000000000000000, 6.000000000000000000, 4.799999999999999822 ) ) ;
#415 = ADVANCED_FACE ( 'NONE', ( #964 ), #440, .F. ) ;
#416 = CARTESIAN_POINT ( 'NONE',  ( 0.5000000000000000000, 0.0000000000000000000, 2.399999999999999911 ) ) ;
#417 = ORIENTED_EDGE ( 'NONE', *, *, #971, .T. ) ;
#418 = CARTESIAN_POINT ( 'NONE',  ( 2.000000000000000000, 6.200000000000001066, 1.400000000000000133 ) ) ;
#419 = VERTEX_POINT ( 'NONE', #1092 ) ;
#420 = CARTESIAN_POINT ( 'NONE',  ( 3.799999999999999822, 6.099999999999999645, 1.199999999999999956 ) ) ;
#421 = LINE ( 'NONE', #942, #934 ) ;
#422 = LINE ( 'NONE', #1065, #36 ) ;
#423 = EDGE_CURVE ( 'NONE', #1030, #231, #955, .T. ) ;
#424 = VECTOR ( 'NONE', #574, 1000.000000000000000 ) ;
#425 = VERTEX_POINT ( 'NONE', #815 ) ;
#426 = LINE ( 'NONE', #135, #905 ) ;
#427 = VECTOR ( 'NONE', #1109, 1000.000000000000000 ) ;
#428 = ADVANCED_FACE ( 'NONE', ( #709 ), #148, .T. ) ;
#429 = VECTOR ( 'NONE', #705, 1000.000000000000000 ) ;
#430 = VERTEX_POINT ( 'NONE', #970 ) ;
#431 = DIRECTION ( 'NONE',  ( -0.0000000000000000000, 1.000000000000000000, 0.0000000000000000000 ) ) ;
#432 = VECTOR ( 'NONE', #63, 1000.000000000000000 ) ;
#433 = PLANE ( 'NONE',  #936 ) ;
#434 = LINE ( 'NONE', #966, #593 ) ;
#435 = EDGE_CURVE ( 'NONE', #947, #535, #1497, .T. ) ;
#436 = ORIENTED_EDGE ( 'NONE', *, *, #556, .F. ) ;
#437 = CARTESIAN_POINT ( 'NONE',  ( 1.699999999999999956, -2.500000000000000444, 1.199999999999999956 ) ) ;
#438 = ORIENTED_EDGE ( 'NONE', *, *, #1174, .F. ) ;
#439 = EDGE_CURVE ( 'NONE', #3, #697, #1504, .T. ) ;
#440 = PLANE ( 'NONE',  #791 ) ;
#441 = PLANE ( 'NONE',  #121 ) ;
#442 = LINE ( 'NONE', #461, #482 ) ;
#443 = EDGE_LOOP ( 'NONE', ( #178, #26, #828, #292 ) ) ;
#444 = LINE ( 'NONE', #1502, #371 ) ;
#445 = ORIENTED_EDGE ( 'NONE', *, *, #866, .F. ) ;
#446 = PLANE ( 'NONE',  #1400 ) ;
#447 = EDGE_CURVE ( 'NONE', #510, #1640, #316, .T. ) ;
#448 = LINE ( 'NONE', #1505, #95 ) ;
#449 = DIRECTION ( 'NONE',  ( -0.0000000000000000000, -0.0000000000000000000, 1.000000000000000000 ) ) ;
#450 = ORIENTED_EDGE ( 'NONE', *, *, #408, .F. ) ;
#451 = CARTESIAN_POINT ( 'NONE',  ( 5.900000000000000355, 0.0000000000000000000, 4.799999999999999822 ) ) ;
#452 = VECTOR ( 'NONE', #1383, 1000.000000000000000 ) ;
#453 = ORIENTED_EDGE ( 'NONE', *, *, #1046, .F. ) ;
#454 = VECTOR ( 'NONE', #1114, 1000.000000000000000 ) ;
#455 = AXIS2_PLACEMENT_3D ( 'NONE', #111, #646, #1038 ) ;
#456 = CARTESIAN_POINT ( 'NONE',  ( 3.450000000000000178, 6.000000000000000000, 4.799999999999999822 ) ) ;
#457 = EDGE_CURVE ( 'NONE', #1305, #387, #1150, .T. ) ;
#458 = AXIS2_PLACEMENT_3D ( 'NONE', #659, #1590, #1599 ) ;
#459 = LINE ( 'NONE', #181, #67 ) ;
#460 = COLOUR_RGB ( '',0.6274509803921568540, 0.6274509803921568540, 0.6274509803921568540 ) ;
#461 = CARTESIAN_POINT ( 'NONE',  ( 0.4999999999999990563, 4.000000000000000000, 4.299999999999999822 ) ) ;
#462 = EDGE_CURVE ( 'NONE', #401, #732, #743, .T. ) ;
#463 = ORIENTED_EDGE ( 'NONE', *, *, #840, .T. ) ;
#464 = CARTESIAN_POINT ( 'NONE',  ( 5.900000000000000355, 4.000000000000000000, 2.799999999999999822 ) ) ;
#465 = VERTEX_POINT ( 'NONE', #198 ) ;
#466 = DIRECTION ( 'NONE',  ( 1.000000000000000000, -0.0000000000000000000, 0.0000000000000000000 ) ) ;
#467 = CARTESIAN_POINT ( 'NONE',  ( 3.700000000000000178, 6.200000000000001066, 1.199999999999999956 ) ) ;
#468 = CARTESIAN_POINT ( 'NONE',  ( 3.899999999999999911, -2.700000000000000178, 1.500000000000000000 ) ) ;
#469 = ORIENTED_EDGE ( 'NONE', *, *, #375, .T. ) ;
#470 = LINE ( 'NONE', #76, #1595 ) ;
#471 = VERTEX_POINT ( 'NONE', #603 ) ;
#472 = CARTESIAN_POINT ( 'NONE',  ( 5.400000000000000355, 4.000000000000000000, 2.800000000000000266 ) ) ;
#473 = CARTESIAN_POINT ( 'NONE',  ( 2.450000000000000178, 6.000000000000000000, 4.799999999999999822 ) ) ;
#474 = ORIENTED_EDGE ( 'NONE', *, *, #1666, .F. ) ;
#475 = DIRECTION ( 'NONE',  ( -1.000000000000000000, -0.0000000000000000000, -0.0000000000000000000 ) ) ;
#476 = EDGE_CURVE ( 'NONE', #363, #768, #988, .T. ) ;
#477 = ORIENTED_EDGE ( 'NONE', *, *, #1373, .F. ) ;
#478 = FACE_OUTER_BOUND ( 'NONE', #528, .T. ) ;
#479 = ORIENTED_EDGE ( 'NONE', *, *, #115, .T. ) ;
#480 = CARTESIAN_POINT ( 'NONE',  ( 5.400000000000000355, 4.500000000000000888, 0.4999999999999950040 ) ) ;
#481 = ADVANCED_FACE ( 'NONE', ( #342 ), #998, .F. ) ;
#482 = VECTOR ( 'NONE', #893, 1000.000000000000000 ) ;
#483 = CARTESIAN_POINT ( 'NONE',  ( 1.699999999999999956, -2.700000000000000178, 1.500000000000000000 ) ) ;
#484 = VERTEX_POINT ( 'NONE', #209 ) ;
#485 = VECTOR ( 'NONE', #875, 1000.000000000000000 ) ;
#486 = CARTESIAN_POINT ( 'NONE',  ( 1.899999999999999911, -2.700000000000000178, 1.399999999999999911 ) ) ;
#487 = VECTOR ( 'NONE', #1706, 1000.000000000000000 ) ;
#488 = AXIS2_PLACEMENT_3D ( 'NONE', #1398, #1642, #180 ) ;
#489 = LINE ( 'NONE', #214, #1459 ) ;
#490 = EDGE_LOOP ( 'NONE', ( #1277, #672, #404, #1016 ) ) ;
#491 = CARTESIAN_POINT ( 'NONE',  ( 1.700000000000000178, 6.000000000000000000, 1.699999999999999734 ) ) ;
#492 = EDGE_CURVE ( 'NONE', #732, #307, #1284, .T. ) ;
#493 = CARTESIAN_POINT ( 'NONE',  ( 4.400000000000000355, 4.500000000000000888, 4.299999999999999822 ) ) ;
#494 = DIRECTION ( 'NONE',  ( 0.0000000000000000000, 0.7071067811865480168, 0.7071067811865470176 ) ) ;
#495 = ORIENTED_EDGE ( 'NONE', *, *, #380, .F. ) ;
#496 = LINE ( 'NONE', #1310, #265 ) ;
#497 = ORIENTED_EDGE ( 'NONE', *, *, #72, .T. ) ;
#498 = FACE_OUTER_BOUND ( 'NONE', #1098, .T. ) ;
#499 = ADVANCED_FACE ( 'NONE', ( #865 ), #1525, .F. ) ;
#500 = APPLICATION_CONTEXT ( 'automotive_design' ) ;
#501 =( NAMED_UNIT ( * ) SI_UNIT ( $, .STERADIAN. ) SOLID_ANGLE_UNIT ( ) );
#502 = ORIENTED_EDGE ( 'NONE', *, *, #1409, .F. ) ;
#503 = FACE_OUTER_BOUND ( 'NONE', #1257, .T. ) ;
#504 = DIRECTION ( 'NONE',  ( 0.0000000000000000000, 0.0000000000000000000, 1.000000000000000000 ) ) ;
#505 = EDGE_CURVE ( 'NONE', #112, #471, #1516, .T. ) ;
#506 = CARTESIAN_POINT ( 'NONE',  ( 2.200000000000000178, -2.700000000000000178, 1.699999999999999956 ) ) ;
#507 = CARTESIAN_POINT ( 'NONE',  ( 4.000000000000000000, -2.700000000000000178, 1.500000000000000222 ) ) ;
#508 = ORIENTED_EDGE ( 'NONE', *, *, #147, .T. ) ;
#509 = LINE ( 'NONE', #975, #1645 ) ;
#510 = VERTEX_POINT ( 'NONE', #1258 ) ;
#511 = EDGE_CURVE ( 'NONE', #1106, #1193, #1419, .T. ) ;
#512 = FACE_OUTER_BOUND ( 'NONE', #1418, .T. ) ;
#513 = VECTOR ( 'NONE', #977, 1000.000000000000000 ) ;
#514 = VECTOR ( 'NONE', #1417, 1000.000000000000000 ) ;
#515 = ORIENTED_EDGE ( 'NONE', *, *, #1278, .T. ) ;
#516 = LINE ( 'NONE', #1575, #707 ) ;
#517 = VECTOR ( 'NONE', #711, 1000.000000000000000 ) ;
#518 = ORIENTED_EDGE ( 'NONE', *, *, #457, .F. ) ;
#519 = LINE ( 'NONE', #1577, #1183 ) ;
#520 = CARTESIAN_POINT ( 'NONE',  ( 0.0000000000000000000, 0.0000000000000000000, 0.0000000000000000000 ) ) ;
#521 = ORIENTED_EDGE ( 'NONE', *, *, #1663, .T. ) ;
#522 = FACE_OUTER_BOUND ( 'NONE', #952, .T. ) ;
#523 = CARTESIAN_POINT ( 'NONE',  ( 5.400000000000000355, 6.000000000000000000, 4.299999999999999822 ) ) ;
#524 = ORIENTED_EDGE ( 'NONE', *, *, #1573, .T. ) ;
#525 = LINE ( 'NONE', #362, #1483 ) ;
#526 = ORIENTED_EDGE ( 'NONE', *, *, #1490, .T. ) ;
#527 = CARTESIAN_POINT ( 'NONE',  ( 0.0000000000000000000, 0.0000000000000000000, 4.799999999999999822 ) ) ;
#528 = EDGE_LOOP ( 'NONE', ( #585, #1143, #1570, #1009, #1085, #1228, #663, #774 ) ) ;
#529 = CARTESIAN_POINT ( 'NONE',  ( 5.900000000000000355, 6.000000000000000000, 3.799999999999999822 ) ) ;
#530 = LINE ( 'NONE', #1087, #517 ) ;
#531 = PLANE ( 'NONE',  #1233 ) ;
#532 = EDGE_CURVE ( 'NONE', #1698, #1464, #1389, .T. ) ;
#533 = VERTEX_POINT ( 'NONE', #77 ) ;
#534 = DIRECTION ( 'NONE',  ( 1.000000000000000000, 0.0000000000000000000, -0.0000000000000000000 ) ) ;
#535 = VERTEX_POINT ( 'NONE', #224 ) ;
#536 = EDGE_CURVE ( 'NONE', #1032, #954, #189, .T. ) ;
#537 = DIRECTION ( 'NONE',  ( 1.000000000000000000, 0.0000000000000000000, -0.0000000000000000000 ) ) ;
#538 = VECTOR ( 'NONE', #296, 1000.000000000000000 ) ;
#539 = VECTOR ( 'NONE', #162, 1000.000000000000000 ) ;
#540 = DIRECTION ( 'NONE',  ( -0.5773502691896266192, -0.5773502691896253980, 0.5773502691896253980 ) ) ;
#541 = VECTOR ( 'NONE', #606, 1000.000000000000000 ) ;
#542 = VERTEX_POINT ( 'NONE', #491 ) ;
#543 = VECTOR ( 'NONE', #1439, 1000.000000000000000 ) ;
#544 = CARTESIAN_POINT ( 'NONE',  ( 0.4999999999999990563, 4.000000000000000000, 2.799999999999999822 ) ) ;
#545 = ORIENTED_EDGE ( 'NONE', *, *, #62, .T. ) ;
#546 = PLANE ( 'NONE',  #568 ) ;
#547 = DIRECTION ( 'NONE',  ( -0.7071067811865475727, -0.7071067811865475727, 0.0000000000000000000 ) ) ;
#548 = DIRECTION ( 'NONE',  ( 1.000000000000000000, -0.0000000000000000000, 0.0000000000000000000 ) ) ;
#549 = VERTEX_POINT ( 'NONE', #472 ) ;
#550 = CARTESIAN_POINT ( 'NONE',  ( 3.700000000000000178, 6.000000000000000000, 1.199999999999999956 ) ) ;
#551 = EDGE_LOOP ( 'NONE', ( #853, #657, #1263, #690 ) ) ;
#552 = FACE_OUTER_BOUND ( 'NONE', #1355, .T. ) ;
#553 = LINE ( 'NONE', #1110, #374 ) ;
#554 = EDGE_CURVE ( 'NONE', #713, #167, #1005, .T. ) ;
#555 = DIRECTION ( 'NONE',  ( 1.000000000000000000, 0.0000000000000000000, 0.0000000000000000000 ) ) ;
#556 = EDGE_CURVE ( 'NONE', #974, #261, #586, .T. ) ;
#557 = ORIENTED_EDGE ( 'NONE', *, *, #1715, .F. ) ;
#558 = CARTESIAN_POINT ( 'NONE',  ( 5.900000000000000355, 0.0000000000000000000, 0.0000000000000000000 ) ) ;
#559 = EDGE_LOOP ( 'NONE', ( #366, #1134, #1408, #1157 ) ) ;
#560 = CARTESIAN_POINT ( 'NONE',  ( 4.400000000000000355, 0.0000000000000000000, 4.799999999999999822 ) ) ;
#561 = CARTESIAN_POINT ( 'NONE',  ( 5.400000000000000355, 6.000000000000000000, 0.4999999999999961142 ) ) ;
#562 = ADVANCED_FACE ( 'NONE', ( #1641 ), #84, .T. ) ;
#563 = LINE ( 'NONE', #1095, #1234 ) ;
#564 = EDGE_CURVE ( 'NONE', #1489, #615, #1275, .T. ) ;
#565 = AXIS2_PLACEMENT_3D ( 'NONE', #1615, #555, #1074 ) ;
#566 = ORIENTED_EDGE ( 'NONE', *, *, #1256, .T. ) ;
#567 = LINE ( 'NONE', #1338, #429 ) ;
#568 = AXIS2_PLACEMENT_3D ( 'NONE', #1579, #667, #1559 ) ;
#569 = VECTOR ( 'NONE', #1048, 1000.000000000000000 ) ;
#570 = ORIENTED_EDGE ( 'NONE', *, *, #505, .T. ) ;
#571 = CARTESIAN_POINT ( 'NONE',  ( 2.950000000000000178, 6.000000000000000000, 2.799999999999999822 ) ) ;
#572 = VECTOR ( 'NONE', #1144, 1000.000000000000000 ) ;
#573 = CARTESIAN_POINT ( 'NONE',  ( 0.4999999999999995559, 4.500000000000000888, 4.799999999999999822 ) ) ;
#574 = DIRECTION ( 'NONE',  ( -1.000000000000000000, -0.0000000000000000000, 0.0000000000000000000 ) ) ;
#575 = EDGE_CURVE ( 'NONE', #974, #638, #1668, .T. ) ;
#576 = ORIENTED_EDGE ( 'NONE', *, *, #74, .F. ) ;
#577 = DIRECTION ( 'NONE',  ( 0.0000000000000000000, 0.0000000000000000000, 1.000000000000000000 ) ) ;
#578 = ORIENTED_EDGE ( 'NONE', *, *, #554, .F. ) ;
#579 = CARTESIAN_POINT ( 'NONE',  ( 5.400000000000000355, 6.000000000000000000, 4.299999999999999822 ) ) ;
#580 = DIRECTION ( 'NONE',  ( 0.0000000000000000000, 0.7071067811865480168, -0.7071067811865470176 ) ) ;
#581 = LINE ( 'NONE', #1693, #1643 ) ;
#582 = EDGE_LOOP ( 'NONE', ( #1028, #1494, #223, #1362, #1215, #1556, #110, #1181 ) ) ;
#583 = CARTESIAN_POINT ( 'NONE',  ( 3.950000000000000178, -2.500000000000000444, 1.199999999999999956 ) ) ;
#584 = ADVANCED_FACE ( 'NONE', ( #1550 ), #1413, .T. ) ;
#585 = ORIENTED_EDGE ( 'NONE', *, *, #1313, .T. ) ;
#586 = LINE ( 'NONE', #1532, #454 ) ;
#587 = EDGE_CURVE ( 'NONE', #314, #510, #1568, .T. ) ;
#588 = DIRECTION ( 'NONE',  ( 0.0000000000000000000, 0.0000000000000000000, 1.000000000000000000 ) ) ;
#589 = ORIENTED_EDGE ( 'NONE', *, *, #166, .F. ) ;
#590 = CARTESIAN_POINT ( 'NONE',  ( 1.949999999999999956, 6.000000000000000000, 1.199999999999999956 ) ) ;
#591 = DIRECTION ( 'NONE',  ( 0.0000000000000000000, 0.0000000000000000000, 1.000000000000000000 ) ) ;
#592 = ORIENTED_EDGE ( 'NONE', *, *, #943, .F. ) ;
#593 = VECTOR ( 'NONE', #1493, 1000.000000000000000 ) ;
#594 = ORIENTED_EDGE ( 'NONE', *, *, #350, .T. ) ;
#595 = VECTOR ( 'NONE', #1127, 1000.000000000000000 ) ;
#596 = CARTESIAN_POINT ( 'NONE',  ( 2.950000000000000178, 0.0000000000000000000, 4.799999999999999822 ) ) ;
#597 = VECTOR ( 'NONE', #730, 1000.000000000000000 ) ;
#598 = VECTOR ( 'NONE', #1243, 1000.000000000000000 ) ;
#599 = DIRECTION ( 'NONE',  ( 0.0000000000000000000, -0.7071067811865470176, 0.7071067811865480168 ) ) ;
#600 = ORIENTED_EDGE ( 'NONE', *, *, #353, .T. ) ;
#601 =( LENGTH_UNIT ( ) NAMED_UNIT ( * ) SI_UNIT ( .MILLI., .METRE. ) );
#602 = EDGE_LOOP ( 'NONE', ( #600, #708, #1648, #1670 ) ) ;
#603 = CARTESIAN_POINT ( 'NONE',  ( 5.900000000000000355, 0.0000000000000000000, 4.799999999999999822 ) ) ;
#604 = FACE_OUTER_BOUND ( 'NONE', #1558, .T. ) ;
#605 = EDGE_CURVE ( 'NONE', #1698, #146, #639, .T. ) ;
#606 = DIRECTION ( 'NONE',  ( -0.0000000000000000000, 1.000000000000000000, 0.0000000000000000000 ) ) ;
#607 = EDGE_CURVE ( 'NONE', #1596, #430, #779, .T. ) ;
#608 = ORIENTED_EDGE ( 'NONE', *, *, #554, .T. ) ;
#609 = FACE_OUTER_BOUND ( 'NONE', #670, .T. ) ;
#610 = ORIENTED_EDGE ( 'NONE', *, *, #734, .T. ) ;
#611 = CARTESIAN_POINT ( 'NONE',  ( 5.900000000000000355, 0.0000000000000000000, 3.799999999999999822 ) ) ;
#612 = DIRECTION ( 'NONE',  ( -1.000000000000000000, 0.0000000000000000000, 0.0000000000000000000 ) ) ;
#613 = ORIENTED_EDGE ( 'NONE', *, *, #861, .F. ) ;
#614 = DIRECTION ( 'NONE',  ( 0.0000000000000000000, -0.7071067811865480168, -0.7071067811865470176 ) ) ;
#615 = VERTEX_POINT ( 'NONE', #804 ) ;
#616 = CARTESIAN_POINT ( 'NONE',  ( 0.4999999999999987232, 6.000000000000000000, 4.299999999999999822 ) ) ;
#617 = EDGE_CURVE ( 'NONE', #1401, #1501, #246, .T. ) ;
#618 = ORIENTED_EDGE ( 'NONE', *, *, #1608, .T. ) ;
#619 = DIRECTION ( 'NONE',  ( 0.0000000000000000000, 0.0000000000000000000, 1.000000000000000000 ) ) ;
#620 = CLOSED_SHELL ( 'NONE', ( #16, #640, #1606, #1184, #47, #1510, #154, #687, #405, #877, #1207, #1387, #1117, #992 ) ) ;
#621 = CARTESIAN_POINT ( 'NONE',  ( 2.950000000000000178, 2.000000000000000000, 4.299999999999999822 ) ) ;
#622 = VECTOR ( 'NONE', #1438, 1000.000000000000000 ) ;
#623 = PLANE ( 'NONE',  #1145 ) ;
#624 = VECTOR ( 'NONE', #1321, 1000.000000000000000 ) ;
#625 = FACE_OUTER_BOUND ( 'NONE', #103, .T. ) ;
#626 = VECTOR ( 'NONE', #956, 1000.000000000000000 ) ;
#627 = FACE_OUTER_BOUND ( 'NONE', #1267, .T. ) ;
#628 = FACE_OUTER_BOUND ( 'NONE', #1148, .T. ) ;
#629 = ADVANCED_FACE ( 'NONE', ( #120 ), #900, .F. ) ;
#630 = ORIENTED_EDGE ( 'NONE', *, *, #350, .F. ) ;
#631 = FACE_OUTER_BOUND ( 'NONE', #186, .T. ) ;
#632 = ORIENTED_EDGE ( 'NONE', *, *, #190, .T. ) ;
#633 = EDGE_CURVE ( 'NONE', #1320, #821, #1710, .T. ) ;
#634 = CARTESIAN_POINT ( 'NONE',  ( 1.699999999999999956, 1.750000000000000000, 1.199999999999999956 ) ) ;
#635 = PLANE ( 'NONE',  #653 ) ;
#636 = EDGE_LOOP ( 'NONE', ( #654, #1634, #134, #338 ) ) ;
#637 = LINE ( 'NONE', #917, #514 ) ;
#638 = VERTEX_POINT ( 'NONE', #1446 ) ;
#639 = LINE ( 'NONE', #912, #622 ) ;
#640 = ADVANCED_FACE ( 'NONE', ( #938 ), #797, .T. ) ;
#641 = ORIENTED_EDGE ( 'NONE', *, *, #1227, .F. ) ;
#642 = LINE ( 'NONE', #407, #880 ) ;
#643 = PLANE ( 'NONE',  #675 ) ;
#644 = DIRECTION ( 'NONE',  ( 1.000000000000000000, -0.0000000000000000000, 0.0000000000000000000 ) ) ;
#645 = VERTEX_POINT ( 'NONE', #1312 ) ;
#646 = DIRECTION ( 'NONE',  ( 0.0000000000000000000, 0.0000000000000000000, -1.000000000000000000 ) ) ;
#647 = ORIENTED_EDGE ( 'NONE', *, *, #990, .F. ) ;
#648 = CARTESIAN_POINT ( 'NONE',  ( 1.500000000000000000, 0.0000000000000000000, 4.799999999999999822 ) ) ;
#649 = VECTOR ( 'NONE', #1293, 1000.000000000000000 ) ;
#650 = VECTOR ( 'NONE', #1361, 1000.000000000000000 ) ;
#651 = FACE_OUTER_BOUND ( 'NONE', #1416, .T. ) ;
#652 = DIRECTION ( 'NONE',  ( -0.0000000000000000000, 1.000000000000000000, 0.0000000000000000000 ) ) ;
#653 = AXIS2_PLACEMENT_3D ( 'NONE', #107, #1703, #240 ) ;
#654 = ORIENTED_EDGE ( 'NONE', *, *, #808, .T. ) ;
#655 = DIRECTION ( 'NONE',  ( 0.7071067811865474617, 0.7071067811865474617, 0.0000000000000000000 ) ) ;
#656 = CARTESIAN_POINT ( 'NONE',  ( 1.500000000000000000, 0.0000000000000000000, 4.799999999999999822 ) ) ;
#657 = ORIENTED_EDGE ( 'NONE', *, *, #1130, .T. ) ;
#658 = PRESENTATION_STYLE_ASSIGNMENT (( #406 ) ) ;
#659 = CARTESIAN_POINT ( 'NONE',  ( 4.400000000000000355, 6.123233995736769734E-17, 4.799999999999999822 ) ) ;
#660 = ADVANCED_FACE ( 'NONE', ( #128 ), #1699, .F. ) ;
#661 = FACE_OUTER_BOUND ( 'NONE', #1394, .T. ) ;
#662 = EDGE_CURVE ( 'NONE', #1412, #161, #519, .T. ) ;
#663 = ORIENTED_EDGE ( 'NONE', *, *, #1486, .F. ) ;
#664 = LINE ( 'NONE', #1198, #624 ) ;
#665 = FILL_AREA_STYLE ('',( #1169 ) ) ;
#666 = ORIENTED_EDGE ( 'NONE', *, *, #748, .T. ) ;
#667 = DIRECTION ( 'NONE',  ( -0.7071067811865475727, -0.7071067811865475727, 0.0000000000000000000 ) ) ;
#668 = PLANE ( 'NONE',  #1073 ) ;
#669 = CARTESIAN_POINT ( 'NONE',  ( 5.900000000000000355, 6.000000000000000000, 0.0000000000000000000 ) ) ;
#670 = EDGE_LOOP ( 'NONE', ( #805, #940, #300, #502 ) ) ;
#671 = LINE ( 'NONE', #1476, #1349 ) ;
#672 = ORIENTED_EDGE ( 'NONE', *, *, #738, .F. ) ;
#673 = SURFACE_SIDE_STYLE ('',( #1307 ) ) ;
#674 = DIRECTION ( 'NONE',  ( 0.0000000000000000000, -1.000000000000000000, -0.0000000000000000000 ) ) ;
#675 = AXIS2_PLACEMENT_3D ( 'NONE', #1175, #783, #1705 ) ;
#676 = APPLICATION_CONTEXT ( 'automotive_design' ) ;
#677 = AXIS2_PLACEMENT_3D ( 'NONE', #1543, #1681, #1405 ) ;
#678 = DIRECTION ( 'NONE',  ( -0.0000000000000000000, 1.000000000000000000, 0.0000000000000000000 ) ) ;
#679 = VECTOR ( 'NONE', #1602, 1000.000000000000000 ) ;
#680 = EDGE_CURVE ( 'NONE', #549, #882, #664, .T. ) ;
#681 = ORIENTED_EDGE ( 'NONE', *, *, #447, .F. ) ;
#682 = VECTOR ( 'NONE', #172, 1000.000000000000000 ) ;
#683 = CARTESIAN_POINT ( 'NONE',  ( 1.699999999999999956, 5.999999999999999112, 1.200000000000000178 ) ) ;
#684 = EDGE_CURVE ( 'NONE', #33, #332, #919, .T. ) ;
#685 = ORIENTED_EDGE ( 'NONE', *, *, #1427, .F. ) ;
#686 = DIRECTION ( 'NONE',  ( 0.0000000000000000000, 1.000000000000000000, -0.0000000000000000000 ) ) ;
#687 = ADVANCED_FACE ( 'NONE', ( #786 ), #403, .T. ) ;
#688 = CARTESIAN_POINT ( 'NONE',  ( 1.824999999999999956, -2.600000000000000533, 1.300000000000000266 ) ) ;
#689 = CARTESIAN_POINT ( 'NONE',  ( 4.200000000000000178, -2.500000000000000000, 1.199999999999999956 ) ) ;
#690 = ORIENTED_EDGE ( 'NONE', *, *, #939, .F. ) ;
#691 = CARTESIAN_POINT ( 'NONE',  ( 5.900000000000000355, 6.000000000000000000, 4.799999999999999822 ) ) ;
#692 = ORIENTED_EDGE ( 'NONE', *, *, #1498, .T. ) ;
#693 = ADVANCED_FACE ( 'NONE', ( #631 ), #1557, .T. ) ;
#694 = DIRECTION ( 'NONE',  ( -0.7071067811865475727, 0.7071067811865475727, 0.0000000000000000000 ) ) ;
#695 = CARTESIAN_POINT ( 'NONE',  ( 1.999999999999999112, 6.200000000000001066, 1.500000000000000000 ) ) ;
#696 = LINE ( 'NONE', #1082, #843 ) ;
#697 = VERTEX_POINT ( 'NONE', #392 ) ;
#698 = CARTESIAN_POINT ( 'NONE',  ( 1.500000000000000000, 2.000000000000000000, 4.299999999999999822 ) ) ;
#699 = ORIENTED_EDGE ( 'NONE', *, *, #1115, .T. ) ;
#700 = CARTESIAN_POINT ( 'NONE',  ( 2.200000000000000178, 6.200000000000001066, 1.199999999999999956 ) ) ;
#701 = LINE ( 'NONE', #1232, #1327 ) ;
#702 = VECTOR ( 'NONE', #193, 1000.000000000000000 ) ;
#703 = VECTOR ( 'NONE', #1458, 1000.000000000000000 ) ;
#704 = VERTEX_POINT ( 'NONE', #926 ) ;
#705 = DIRECTION ( 'NONE',  ( -0.0000000000000000000, 0.0000000000000000000, -1.000000000000000000 ) ) ;
#706 = VECTOR ( 'NONE', #644, 1000.000000000000000 ) ;
#707 = VECTOR ( 'NONE', #102, 1000.000000000000000 ) ;
#708 = ORIENTED_EDGE ( 'NONE', *, *, #1435, .T. ) ;
#709 = FACE_OUTER_BOUND ( 'NONE', #1206, .T. ) ;
#710 = VECTOR ( 'NONE', #85, 1000.000000000000000 ) ;
#711 = DIRECTION ( 'NONE',  ( 0.0000000000000000000, -1.000000000000000000, -0.0000000000000000000 ) ) ;
#712 = DIRECTION ( 'NONE',  ( 0.5773502691896261751, 0.5773502691896250649, -0.5773502691896261751 ) ) ;
#713 = VERTEX_POINT ( 'NONE', #1689 ) ;
#714 = DIRECTION ( 'NONE',  ( 0.0000000000000000000, -1.000000000000000000, -0.0000000000000000000 ) ) ;
#715 = ADVANCED_FACE ( 'NONE', ( #498 ), #1429, .F. ) ;
#716 = ORIENTED_EDGE ( 'NONE', *, *, #1560, .F. ) ;
#717 = FACE_OUTER_BOUND ( 'NONE', #963, .T. ) ;
#718 = PLANE ( 'NONE',  #41 ) ;
#719 = LINE ( 'NONE', #354, #1541 ) ;
#720 = CARTESIAN_POINT ( 'NONE',  ( 3.700000000000000178, -2.500000000000000444, 1.199999999999999956 ) ) ;
#721 = ORIENTED_EDGE ( 'NONE', *, *, #1678, .T. ) ;
#722 = DIRECTION ( 'NONE',  ( 0.5773502691896242878, 0.5773502691896268413, 0.5773502691896261751 ) ) ;
#723 = EDGE_LOOP ( 'NONE', ( #215, #1659, #254, #576 ) ) ;
#724 = EDGE_CURVE ( 'NONE', #1651, #60, #509, .T. ) ;
#725 = CARTESIAN_POINT ( 'NONE',  ( 2.000000000000000000, 6.200000000000000178, 1.400000000000000355 ) ) ;
#726 = LINE ( 'NONE', #327, #822 ) ;
#727 = DIRECTION ( 'NONE',  ( -1.000000000000000000, -0.0000000000000000000, 0.0000000000000000000 ) ) ;
#728 =( LENGTH_UNIT ( ) NAMED_UNIT ( * ) SI_UNIT ( .MILLI., .METRE. ) );
#729 = ORIENTED_EDGE ( 'NONE', *, *, #1614, .F. ) ;
#730 = DIRECTION ( 'NONE',  ( -0.0000000000000000000, -0.0000000000000000000, -1.000000000000000000 ) ) ;
#731 = VECTOR ( 'NONE', #151, 1000.000000000000000 ) ;
#732 = VERTEX_POINT ( 'NONE', #418 ) ;
#733 = CARTESIAN_POINT ( 'NONE',  ( 2.950000000000000178, 0.0000000000000000000, 4.799999999999999822 ) ) ;
#734 = EDGE_CURVE ( 'NONE', #1396, #911, #426, .T. ) ;
#735 = AXIS2_PLACEMENT_3D ( 'NONE', #236, #1303, #104 ) ;
#736 = CARTESIAN_POINT ( 'NONE',  ( 3.899999999999999911, -2.700000000000000178, 1.500000000000000000 ) ) ;
#737 = VECTOR ( 'NONE', #816, 999.9999999999998863 ) ;
#738 = EDGE_CURVE ( 'NONE', #425, #1692, #1610, .T. ) ;
#739 = CARTESIAN_POINT ( 'NONE',  ( 0.5000000000000000000, 0.0000000000000000000, 4.799999999999999822 ) ) ;
#740 = EDGE_LOOP ( 'NONE', ( #1112, #86, #1283, #1574 ) ) ;
#741 = CARTESIAN_POINT ( 'NONE',  ( 1.699999999999999956, -2.500000000000000444, 1.700000000000000178 ) ) ;
#742 = ORIENTED_EDGE ( 'NONE', *, *, #164, .F. ) ;
#743 = LINE ( 'NONE', #1135, #1538 ) ;
#744 = CARTESIAN_POINT ( 'NONE',  ( 2.450000000000000178, 2.000000000000000000, 4.799999999999999822 ) ) ;
#745 = EDGE_CURVE ( 'NONE', #1221, #638, #671, .T. ) ;
#746 = ORIENTED_EDGE ( 'NONE', *, *, #256, .T. ) ;
#747 = CARTESIAN_POINT ( 'NONE',  ( 1.900000000000000133, 6.200000000000001066, 1.500000000000000000 ) ) ;
#748 = EDGE_CURVE ( 'NONE', #1412, #1501, #444, .T. ) ;
#749 = VERTEX_POINT ( 'NONE', #823 ) ;
#750 = PLANE ( 'NONE',  #1014 ) ;
#751 = ORIENTED_EDGE ( 'NONE', *, *, #1187, .T. ) ;
#752 = DIRECTION ( 'NONE',  ( -1.000000000000000000, 0.0000000000000000000, -0.0000000000000000000 ) ) ;
#753 = DIRECTION ( 'NONE',  ( -1.000000000000000000, -0.0000000000000000000, -0.0000000000000000000 ) ) ;
#754 = VERTEX_POINT ( 'NONE', #836 ) ;
#755 = DIRECTION ( 'NONE',  ( 1.000000000000000000, 0.0000000000000000000, -0.0000000000000000000 ) ) ;
#756 = EDGE_CURVE ( 'NONE', #197, #401, #143, .T. ) ;
#757 = DIRECTION ( 'NONE',  ( -1.000000000000000000, -0.0000000000000000000, 0.0000000000000000000 ) ) ;
#758 = ORIENTED_EDGE ( 'NONE', *, *, #1704, .T. ) ;
#759 = CARTESIAN_POINT ( 'NONE',  ( 0.5000000000000000000, 4.500000000000000888, 4.299999999999999822 ) ) ;
#760 = VECTOR ( 'NONE', #1333, 1000.000000000000000 ) ;
#761 = ORIENTED_EDGE ( 'NONE', *, *, #1336, .T. ) ;
#762 =( NAMED_UNIT ( * ) PLANE_ANGLE_UNIT ( ) SI_UNIT ( $, .RADIAN. ) );
#763 = VECTOR ( 'NONE', #2, 1000.000000000000000 ) ;
#764 = LINE ( 'NONE', #1034, #907 ) ;
#765 = VECTOR ( 'NONE', #257, 1000.000000000000000 ) ;
#766 = STYLED_ITEM ( 'NONE', ( #1700 ), #869 ) ;
#767 = EDGE_CURVE ( 'NONE', #1401, #937, #160, .T. ) ;
#768 = VERTEX_POINT ( 'NONE', #312 ) ;
#769 = LINE ( 'NONE', #1166, #1237 ) ;
#770 = ORIENTED_EDGE ( 'NONE', *, *, #185, .F. ) ;
#771 = DIRECTION ( 'NONE',  ( 0.0000000000000000000, 0.0000000000000000000, 1.000000000000000000 ) ) ;
#772 = EDGE_CURVE ( 'NONE', #261, #1221, #1368, .T. ) ;
#773 =( NAMED_UNIT ( * ) PLANE_ANGLE_UNIT ( ) SI_UNIT ( $, .RADIAN. ) );
#774 = ORIENTED_EDGE ( 'NONE', *, *, #684, .T. ) ;
#775 = PLANE ( 'NONE',  #1266 ) ;
#776 = ORIENTED_EDGE ( 'NONE', *, *, #457, .T. ) ;
#777 = CARTESIAN_POINT ( 'NONE',  ( 3.950000000000000178, 6.000000000000000000, 1.699999999999999956 ) ) ;
#778 = UNCERTAINTY_MEASURE_WITH_UNIT (LENGTH_MEASURE( 1.000000000000000082E-05 ), #268, 'distance_accuracy_value', 'NONE');
#779 = LINE ( 'NONE', #364, #1121 ) ;
#780 = VERTEX_POINT ( 'NONE', #691 ) ;
#781 = CARTESIAN_POINT ( 'NONE',  ( 2.075000000000000178, 6.099999999999999645, 1.300000000000000266 ) ) ;
#782 = DIRECTION ( 'NONE',  ( 0.0000000000000000000, 1.000000000000000000, -0.0000000000000000000 ) ) ;
#783 = DIRECTION ( 'NONE',  ( 0.0000000000000000000, 1.000000000000000000, 0.0000000000000000000 ) ) ;
#784 = DIRECTION ( 'NONE',  ( 0.0000000000000000000, 0.0000000000000000000, 1.000000000000000000 ) ) ;
#785 = ORIENTED_EDGE ( 'NONE', *, *, #756, .T. ) ;
#786 = FACE_OUTER_BOUND ( 'NONE', #83, .T. ) ;
#787 = SURFACE_STYLE_FILL_AREA ( #665 ) ;
#788 = ORIENTED_EDGE ( 'NONE', *, *, #1313, .F. ) ;
#789 = EDGE_CURVE ( 'NONE', #425, #1193, #1216, .T. ) ;
#790 = CARTESIAN_POINT ( 'NONE',  ( 1.949999999999999956, -2.500000000000000444, 1.699999999999999956 ) ) ;
#791 = AXIS2_PLACEMENT_3D ( 'NONE', #1086, #948, #1491 ) ;
#792 = EDGE_CURVE ( 'NONE', #430, #1030, #567, .T. ) ;
#793 = VECTOR ( 'NONE', #757, 1000.000000000000000 ) ;
#794 = CARTESIAN_POINT ( 'NONE',  ( 0.4999999999999991673, 4.500000000000000888, 4.299999999999999822 ) ) ;
#795 = VECTOR ( 'NONE', #1298, 1000.000000000000000 ) ;
#796 = VERTEX_POINT ( 'NONE', #544 ) ;
#797 = PLANE ( 'NONE',  #957 ) ;
#798 = SHAPE_DEFINITION_REPRESENTATION ( #241, #869 ) ;
#799 = ORIENTED_EDGE ( 'NONE', *, *, #1654, .F. ) ;
#800 = DIRECTION ( 'NONE',  ( 0.0000000000000000000, 0.7071067811865470176, -0.7071067811865480168 ) ) ;
#801 = PLANE ( 'NONE',  #1045 ) ;
#802 = DIRECTION ( 'NONE',  ( -1.000000000000000000, -0.0000000000000000000, -0.0000000000000000000 ) ) ;
#803 = ORIENTED_EDGE ( 'NONE', *, *, #164, .T. ) ;
#804 = CARTESIAN_POINT ( 'NONE',  ( 5.900000000000000355, 6.000000000000000000, 3.799999999999999822 ) ) ;
#805 = ORIENTED_EDGE ( 'NONE', *, *, #1049, .T. ) ;
#806 = CARTESIAN_POINT ( 'NONE',  ( 2.200000000000000178, 6.000000000000000000, 1.200000000000000178 ) ) ;
#807 = DIRECTION ( 'NONE',  ( -1.000000000000000000, 0.0000000000000000000, -0.0000000000000000000 ) ) ;
#808 = EDGE_CURVE ( 'NONE', #465, #821, #411, .T. ) ;
#809 = LINE ( 'NONE', #1462, #397 ) ;
#810 = EDGE_CURVE ( 'NONE', #1686, #1549, #27, .T. ) ;
#811 = ORIENTED_EDGE ( 'NONE', *, *, #939, .T. ) ;
#812 = SURFACE_STYLE_USAGE ( .BOTH. , #46 ) ;
#813 = ADVANCED_FACE ( 'NONE', ( #962 ), #1100, .T. ) ;
#814 = EDGE_LOOP ( 'NONE', ( #557, #903, #1712, #127 ) ) ;
#815 = CARTESIAN_POINT ( 'NONE',  ( 3.899999999999999911, -2.700000000000000178, 1.400000000000000133 ) ) ;
#816 = DIRECTION ( 'NONE',  ( 0.5773502691896270633, -0.5773502691896257311, 0.5773502691896246208 ) ) ;
#817 = MECHANICAL_DESIGN_GEOMETRIC_PRESENTATION_REPRESENTATION (  '', ( #141 ), #1479 ) ;
#818 = VECTOR ( 'NONE', #1141, 1000.000000000000000 ) ;
#819 = VECTOR ( 'NONE', #1582, 1000.000000000000000 ) ;
#820 = EDGE_CURVE ( 'NONE', #713, #305, #1084, .T. ) ;
#821 = VERTEX_POINT ( 'NONE', #1107 ) ;
#822 = VECTOR ( 'NONE', #857, 1000.000000000000000 ) ;
#823 = CARTESIAN_POINT ( 'NONE',  ( 0.4999999999999990563, 4.000000000000000000, 3.799999999999999822 ) ) ;
#824 = VERTEX_POINT ( 'NONE', #946 ) ;
#825 = DIRECTION ( 'NONE',  ( 1.000000000000000000, 0.0000000000000000000, -0.0000000000000000000 ) ) ;
#826 = PLANE ( 'NONE',  #1569 ) ;
#827 = CARTESIAN_POINT ( 'NONE',  ( 3.700000000000000178, -2.700000000000000178, 1.199999999999999956 ) ) ;
#828 = ORIENTED_EDGE ( 'NONE', *, *, #447, .T. ) ;
#829 = DIRECTION ( 'NONE',  ( -0.0000000000000000000, -0.0000000000000000000, 1.000000000000000000 ) ) ;
#830 = ORIENTED_EDGE ( 'NONE', *, *, #331, .T. ) ;
#831 = UNCERTAINTY_MEASURE_WITH_UNIT (LENGTH_MEASURE( 1.000000000000000082E-05 ), #728, 'distance_accuracy_value', 'NONE');
#832 = LINE ( 'NONE', #849, #1481 ) ;
#833 = DIRECTION ( 'NONE',  ( -1.000000000000000000, -0.0000000000000000000, -0.0000000000000000000 ) ) ;
#834 = DIRECTION ( 'NONE',  ( 0.0000000000000000000, -0.0000000000000000000, -1.000000000000000000 ) ) ;
#835 = ORIENTED_EDGE ( 'NONE', *, *, #1023, .F. ) ;
#836 = CARTESIAN_POINT ( 'NONE',  ( 5.400000000000000355, 4.000000000000000000, 3.800000000000000266 ) ) ;
#837 = VERTEX_POINT ( 'NONE', #698 ) ;
#838 = FACE_OUTER_BOUND ( 'NONE', #551, .T. ) ;
#839 = DIRECTION ( 'NONE',  ( 0.0000000000000000000, -0.7071067811865470176, -0.7071067811865480168 ) ) ;
#840 = EDGE_CURVE ( 'NONE', #231, #484, #1076, .T. ) ;
#841 = LINE ( 'NONE', #634, #452 ) ;
#842 = EDGE_CURVE ( 'NONE', #1323, #976, #1626, .T. ) ;
#843 = VECTOR ( 'NONE', #1214, 1000.000000000000000 ) ;
#844 = STYLED_ITEM ( 'NONE', ( #658 ), #285 ) ;
#845 =( NAMED_UNIT ( * ) SI_UNIT ( $, .STERADIAN. ) SOLID_ANGLE_UNIT ( ) );
#846 = VECTOR ( 'NONE', #722, 1000.000000000000000 ) ;
#847 = AXIS2_PLACEMENT_3D ( 'NONE', #1546, #80, #1008 ) ;
#848 = ORIENTED_EDGE ( 'NONE', *, *, #1427, .T. ) ;
#849 = CARTESIAN_POINT ( 'NONE',  ( 1.999999999999999112, 6.200000000000001066, 1.199999999999999956 ) ) ;
#850 = DIRECTION ( 'NONE',  ( 0.0000000000000000000, 0.0000000000000000000, 1.000000000000000000 ) ) ;
#851 = CARTESIAN_POINT ( 'NONE',  ( 1.699999999999999956, 6.200000000000001066, 1.199999999999999956 ) ) ;
#852 = MANIFOLD_SOLID_BREP ( 'Body4', #620 ) ;
#853 = ORIENTED_EDGE ( 'NONE', *, *, #808, .F. ) ;
#854 = CARTESIAN_POINT ( 'NONE',  ( 0.4999999999999991673, 6.000000000000000000, 2.799999999999999822 ) ) ;
#855 = ORIENTED_EDGE ( 'NONE', *, *, #184, .F. ) ;
#856 = CARTESIAN_POINT ( 'NONE',  ( 3.700000000000000178, -2.700000000000000178, 1.500000000000000000 ) ) ;
#857 = DIRECTION ( 'NONE',  ( -0.0000000000000000000, 0.0000000000000000000, -1.000000000000000000 ) ) ;
#858 = EDGE_LOOP ( 'NONE', ( #152, #463, #566, #666, #864, #890 ) ) ;
#859 = CARTESIAN_POINT ( 'NONE',  ( 3.700000000000000178, 6.000000000000000000, 1.700000000000000178 ) ) ;
#860 = DIRECTION ( 'NONE',  ( 0.0000000000000000000, -1.000000000000000000, 0.0000000000000000000 ) ) ;
#861 = EDGE_CURVE ( 'NONE', #1692, #1640, #1469, .T. ) ;
#862 = ORIENTED_EDGE ( 'NONE', *, *, #820, .F. ) ;
#863 = LINE ( 'NONE', #1020, #597 ) ;
#864 = ORIENTED_EDGE ( 'NONE', *, *, #322, .F. ) ;
#865 = FACE_OUTER_BOUND ( 'NONE', #238, .T. ) ;
#866 = EDGE_CURVE ( 'NONE', #754, #549, #470, .T. ) ;
#867 = PLANE ( 'NONE',  #1461 ) ;
#868 = PLANE ( 'NONE',  #1647 ) ;
#869 = ADVANCED_BREP_SHAPE_REPRESENTATION ( 'F1192CC7-2881-4982-9C21-0658DC83C581', ( #852, #285, #262, #989 ), #908 ) ;
#870 = VERTEX_POINT ( 'NONE', #1522 ) ;
#871 = EDGE_CURVE ( 'NONE', #780, #615, #489, .T. ) ;
#872 = VECTOR ( 'NONE', #678, 1000.000000000000000 ) ;
#873 = ORIENTED_EDGE ( 'NONE', *, *, #1336, .F. ) ;
#874 = VECTOR ( 'NONE', #1660, 1000.000000000000000 ) ;
#875 = DIRECTION ( 'NONE',  ( -1.000000000000000000, -0.0000000000000000000, -0.0000000000000000000 ) ) ;
#876 = PRESENTATION_LAYER_ASSIGNMENT (  '', '', ( #145 ) ) ;
#877 = ADVANCED_FACE ( 'NONE', ( #609 ), #1514, .T. ) ;
#878 = CARTESIAN_POINT ( 'NONE',  ( 0.0000000000000000000, 0.0000000000000000000, 0.0000000000000000000 ) ) ;
#879 = ORIENTED_EDGE ( 'NONE', *, *, #1718, .T. ) ;
#880 = VECTOR ( 'NONE', #1334, 1000.000000000000000 ) ;
#881 = CARTESIAN_POINT ( 'NONE',  ( 0.4999999999999990563, 2.000000000000000000, 4.299999999999999822 ) ) ;
#882 = VERTEX_POINT ( 'NONE', #464 ) ;
#883 = FACE_OUTER_BOUND ( 'NONE', #1190, .T. ) ;
#884 = VERTEX_POINT ( 'NONE', #1010 ) ;
#885 = DIRECTION ( 'NONE',  ( 0.0000000000000000000, -0.0000000000000000000, 1.000000000000000000 ) ) ;
#886 = DIRECTION ( 'NONE',  ( -0.0000000000000000000, -1.000000000000000000, 0.0000000000000000000 ) ) ;
#887 = LINE ( 'NONE', #739, #541 ) ;
#888 = LINE ( 'NONE', #93, #169 ) ;
#889 = CARTESIAN_POINT ( 'NONE',  ( 2.449999999999999734, 6.000000000000000000, 4.299999999999999822 ) ) ;
#890 = ORIENTED_EDGE ( 'NONE', *, *, #792, .T. ) ;
#891 = DIRECTION ( 'NONE',  ( -1.000000000000000000, 0.0000000000000000000, 0.0000000000000000000 ) ) ;
#892 = CARTESIAN_POINT ( 'NONE',  ( 2.200000000000000622, -2.500000000000000000, 1.700000000000000178 ) ) ;
#893 = DIRECTION ( 'NONE',  ( -0.0000000000000000000, -0.0000000000000000000, -1.000000000000000000 ) ) ;
#894 = EDGE_CURVE ( 'NONE', #161, #372, #863, .T. ) ;
#895 = LINE ( 'NONE', #212, #294 ) ;
#896 = ADVANCED_FACE ( 'NONE', ( #1395 ), #1282, .F. ) ;
#897 = ORIENTED_EDGE ( 'NONE', *, *, #1227, .T. ) ;
#898 = DIRECTION ( 'NONE',  ( -0.0000000000000000000, -0.0000000000000000000, -1.000000000000000000 ) ) ;
#899 = VERTEX_POINT ( 'NONE', #195 ) ;
#900 = PLANE ( 'NONE',  #64 ) ;
#901 = COLOUR_RGB ( '',0.9607843137254902244, 0.9607843137254902244, 0.9490196078431372140 ) ;
#902 = VECTOR ( 'NONE', #358, 1000.000000000000114 ) ;
#903 = ORIENTED_EDGE ( 'NONE', *, *, #244, .F. ) ;
#904 = LINE ( 'NONE', #1432, #398 ) ;
#905 = VECTOR ( 'NONE', #1344, 1000.000000000000000 ) ;
#906 = CARTESIAN_POINT ( 'NONE',  ( 5.400000000000000355, 6.000000000000000000, 0.4999999999999950040 ) ) ;
#907 = VECTOR ( 'NONE', #379, 1000.000000000000000 ) ;
#908 =( GEOMETRIC_REPRESENTATION_CONTEXT ( 3 ) GLOBAL_UNCERTAINTY_ASSIGNED_CONTEXT ( ( #778 ) ) GLOBAL_UNIT_ASSIGNED_CONTEXT ( ( #268, #773, #393 ) ) REPRESENTATION_CONTEXT ( 'NONE', 'WORKASPACE' ) );
#909 = DIRECTION ( 'NONE',  ( 0.0000000000000000000, -1.000000000000000000, -0.0000000000000000000 ) ) ;
#910 = CARTESIAN_POINT ( 'NONE',  ( 0.0000000000000000000, 6.000000000000000000, 2.799999999999999822 ) ) ;
#911 = VERTEX_POINT ( 'NONE', #324 ) ;
#912 = CARTESIAN_POINT ( 'NONE',  ( 0.4999999999999990563, 2.000000000000000000, 0.5000000000000000000 ) ) ;
#913 = ORIENTED_EDGE ( 'NONE', *, *, #492, .T. ) ;
#914 = FACE_OUTER_BOUND ( 'NONE', #383, .T. ) ;
#915 = FACE_OUTER_BOUND ( 'NONE', #918, .T. ) ;
#916 = ORIENTED_EDGE ( 'NONE', *, *, #1551, .T. ) ;
#917 = CARTESIAN_POINT ( 'NONE',  ( 0.4999999999999990563, 4.500000000000000888, 4.299999999999999822 ) ) ;
#918 = EDGE_LOOP ( 'NONE', ( #1332, #1075, #226, #155 ) ) ;
#919 = LINE ( 'NONE', #255, #763 ) ;
#920 = ORIENTED_EDGE ( 'NONE', *, *, #536, .F. ) ;
#921 = LINE ( 'NONE', #529, #1426 ) ;
#922 = CARTESIAN_POINT ( 'NONE',  ( 5.400000000000000355, 6.000000000000000000, 3.800000000000000266 ) ) ;
#923 = DIRECTION ( 'NONE',  ( -0.0000000000000000000, 1.000000000000000000, 0.0000000000000000000 ) ) ;
#924 = DIRECTION ( 'NONE',  ( 1.000000000000000000, 0.0000000000000000000, -0.0000000000000000000 ) ) ;
#925 = ORIENTED_EDGE ( 'NONE', *, *, #575, .T. ) ;
#926 = CARTESIAN_POINT ( 'NONE',  ( 4.000000000000000000, -2.700000000000000178, 1.400000000000000133 ) ) ;
#927 = APPLICATION_PROTOCOL_DEFINITION ( 'draft international standard', 'automotive_design', 1998, #500 ) ;
#928 = ORIENTED_EDGE ( 'NONE', *, *, #133, .F. ) ;
#929 = VECTOR ( 'NONE', #802, 1000.000000000000000 ) ;
#930 = CARTESIAN_POINT ( 'NONE',  ( 0.4999999999999991673, 6.000000000000000000, 0.5000000000000000000 ) ) ;
#931 = VECTOR ( 'NONE', #49, 1000.000000000000000 ) ;
#932 = FACE_OUTER_BOUND ( 'NONE', #1688, .T. ) ;
#933 = VECTOR ( 'NONE', #1553, 1000.000000000000227 ) ;
#934 = VECTOR ( 'NONE', #1465, 1000.000000000000000 ) ;
#935 = CARTESIAN_POINT ( 'NONE',  ( 1.899999999999999911, -2.700000000000000178, 1.500000000000000000 ) ) ;
#936 = AXIS2_PLACEMENT_3D ( 'NONE', #1211, #547, #31 ) ;
#937 = VERTEX_POINT ( 'NONE', #1530 ) ;
#938 = FACE_OUTER_BOUND ( 'NONE', #1041, .T. ) ;
#939 = EDGE_CURVE ( 'NONE', #821, #79, #1133, .T. ) ;
#940 = ORIENTED_EDGE ( 'NONE', *, *, #1466, .F. ) ;
#941 = DIRECTION ( 'NONE',  ( -0.0000000000000000000, -1.000000000000000000, 0.0000000000000000000 ) ) ;
#942 = CARTESIAN_POINT ( 'NONE',  ( 0.0000000000000000000, 4.500000000000000888, 4.799999999999999822 ) ) ;
#943 = EDGE_CURVE ( 'NONE', #231, #167, #187, .T. ) ;
#944 = DIRECTION ( 'NONE',  ( 0.0000000000000000000, -0.0000000000000000000, 1.000000000000000000 ) ) ;
#945 = ORIENTED_EDGE ( 'NONE', *, *, #1026, .F. ) ;
#946 = CARTESIAN_POINT ( 'NONE',  ( 4.200000000000000178, 6.000000000000000000, 1.699999999999999734 ) ) ;
#947 = VERTEX_POINT ( 'NONE', #1255 ) ;
#948 = DIRECTION ( 'NONE',  ( 0.0000000000000000000, -1.000000000000000000, 0.0000000000000000000 ) ) ;
#949 = DIRECTION ( 'NONE',  ( 0.0000000000000000000, -0.0000000000000000000, 1.000000000000000000 ) ) ;
#950 = ADVANCED_FACE ( 'NONE', ( #478 ), #1411, .T. ) ;
#951 = LINE ( 'NONE', #1328, #201 ) ;
#952 = EDGE_LOOP ( 'NONE', ( #1002, #785, #1126, #913 ) ) ;
#953 = DIRECTION ( 'NONE',  ( -0.0000000000000000000, 0.0000000000000000000, -1.000000000000000000 ) ) ;
#954 = VERTEX_POINT ( 'NONE', #854 ) ;
#955 = LINE ( 'NONE', #293, #539 ) ;
#956 = DIRECTION ( 'NONE',  ( 0.0000000000000000000, 0.0000000000000000000, -1.000000000000000000 ) ) ;
#957 = AXIS2_PLACEMENT_3D ( 'NONE', #1060, #1452, #1594 ) ;
#958 = CARTESIAN_POINT ( 'NONE',  ( 3.450000000000000178, 2.000000000000000000, 4.299999999999999822 ) ) ;
#959 =( GEOMETRIC_REPRESENTATION_CONTEXT ( 3 ) GLOBAL_UNCERTAINTY_ASSIGNED_CONTEXT ( ( #1524 ) ) GLOBAL_UNIT_ASSIGNED_CONTEXT ( ( #601, #1123, #845 ) ) REPRESENTATION_CONTEXT ( 'NONE', 'WORKASPACE' ) );
#960 = ORIENTED_EDGE ( 'NONE', *, *, #1718, .F. ) ;
#961 = VECTOR ( 'NONE', #753, 1000.000000000000000 ) ;
#962 = FACE_OUTER_BOUND ( 'NONE', #340, .T. ) ;
#963 = EDGE_LOOP ( 'NONE', ( #630, #1535, #1601, #213 ) ) ;
#964 = FACE_OUTER_BOUND ( 'NONE', #1566, .T. ) ;
#965 = CARTESIAN_POINT ( 'NONE',  ( 0.0000000000000000000, 6.000000000000000000, 3.799999999999999822 ) ) ;
#966 = CARTESIAN_POINT ( 'NONE',  ( 5.400000000000000355, 6.000000000000000000, 3.799999999999999822 ) ) ;
#967 = ORIENTED_EDGE ( 'NONE', *, *, #279, .T. ) ;
#968 = DIRECTION ( 'NONE',  ( -1.000000000000000000, 0.0000000000000000000, -0.0000000000000000000 ) ) ;
#969 = EDGE_LOOP ( 'NONE', ( #1197, #123, #770, #1523 ) ) ;
#970 = CARTESIAN_POINT ( 'NONE',  ( 2.450000000000000178, 6.000000000000000000, 4.799999999999999822 ) ) ;
#971 = EDGE_CURVE ( 'NONE', #768, #45, #339, .T. ) ;
#972 = LINE ( 'NONE', #695, #737 ) ;
#973 = LINE ( 'NONE', #1105, #702 ) ;
#974 = VERTEX_POINT ( 'NONE', #1540 ) ;
#975 = CARTESIAN_POINT ( 'NONE',  ( 3.450000000000000178, 2.000000000000000000, 4.299999999999999822 ) ) ;
#976 = VERTEX_POINT ( 'NONE', #741 ) ;
#977 = DIRECTION ( 'NONE',  ( 0.0000000000000000000, -1.000000000000000000, -0.0000000000000000000 ) ) ;
#978 = DIRECTION ( 'NONE',  ( -0.5773502691896257311, 0.5773502691896257311, 0.5773502691896257311 ) ) ;
#979 = ADVANCED_FACE ( 'NONE', ( #883 ), #750, .T. ) ;
#980 = DIRECTION ( 'NONE',  ( 0.0000000000000000000, 0.0000000000000000000, 1.000000000000000000 ) ) ;
#981 = AXIS2_PLACEMENT_3D ( 'NONE', #175, #1244, #1261 ) ;
#982 = VECTOR ( 'NONE', #431, 1000.000000000000000 ) ;
#983 = ORIENTED_EDGE ( 'NONE', *, *, #684, .F. ) ;
#984 = DIRECTION ( 'NONE',  ( 1.000000000000000000, 0.0000000000000000000, -0.0000000000000000000 ) ) ;
#985 = AXIS2_PLACEMENT_3D ( 'NONE', #306, #34, #968 ) ;
#986 = VECTOR ( 'NONE', #89, 1000.000000000000000 ) ;
#987 = ORIENTED_EDGE ( 'NONE', *, *, #734, .F. ) ;
#988 = LINE ( 'NONE', #1268, #1290 ) ;
#989 = AXIS2_PLACEMENT_3D ( 'NONE', #520, #1052, #1192 ) ;
#990 = EDGE_CURVE ( 'NONE', #796, #954, #59, .T. ) ;
#991 = PLANE ( 'NONE',  #402 ) ;
#992 = ADVANCED_FACE ( 'NONE', ( #232 ), #117, .T. ) ;
#993 = DIRECTION ( 'NONE',  ( -0.0000000000000000000, -0.0000000000000000000, -1.000000000000000000 ) ) ;
#994 = LINE ( 'NONE', #1638, #424 ) ;
#995 = EDGE_CURVE ( 'NONE', #1640, #1320, #496, .T. ) ;
#996 = ORIENTED_EDGE ( 'NONE', *, *, #44, .T. ) ;
#997 = ORIENTED_EDGE ( 'NONE', *, *, #113, .F. ) ;
#998 = PLANE ( 'NONE',  #1262 ) ;
#999 = FACE_OUTER_BOUND ( 'NONE', #274, .T. ) ;
#1000 = CARTESIAN_POINT ( 'NONE',  ( 3.900000000000000799, 6.200000000000000178, 1.199999999999999956 ) ) ;
#1001 = ADVANCED_FACE ( 'NONE', ( #1319 ), #253, .F. ) ;
#1002 = ORIENTED_EDGE ( 'NONE', *, *, #1269, .T. ) ;
#1003 = DIRECTION ( 'NONE',  ( 0.0000000000000000000, -0.0000000000000000000, 1.000000000000000000 ) ) ;
#1004 = ORIENTED_EDGE ( 'NONE', *, *, #607, .F. ) ;
#1005 = LINE ( 'NONE', #759, #1707 ) ;
#1006 = DIRECTION ( 'NONE',  ( -1.000000000000000000, -0.0000000000000000000, -0.0000000000000000000 ) ) ;
#1007 = ORIENTED_EDGE ( 'NONE', *, *, #767, .F. ) ;
#1008 = DIRECTION ( 'NONE',  ( -0.7071067811865474617, 0.7071067811865474617, 0.0000000000000000000 ) ) ;
#1009 = ORIENTED_EDGE ( 'NONE', *, *, #871, .F. ) ;
#1010 = CARTESIAN_POINT ( 'NONE',  ( 2.000000000000000000, 6.200000000000001066, 1.500000000000000000 ) ) ;
#1011 = EDGE_LOOP ( 'NONE', ( #1639, #578, #1091, #1059 ) ) ;
#1012 = VECTOR ( 'NONE', #349, 1000.000000000000000 ) ;
#1013 = DIRECTION ( 'NONE',  ( 0.0000000000000000000, 0.0000000000000000000, -1.000000000000000000 ) ) ;
#1014 = AXIS2_PLACEMENT_3D ( 'NONE', #1147, #1676, #1247 ) ;
#1015 = LINE ( 'NONE', #1534, #233 ) ;
#1016 = ORIENTED_EDGE ( 'NONE', *, *, #1614, .T. ) ;
#1017 = AXIS2_PLACEMENT_3D ( 'NONE', #467, #612, #588 ) ;
#1018 = LINE ( 'NONE', #1415, #205 ) ;
#1019 = FACE_OUTER_BOUND ( 'NONE', #1021, .T. ) ;
#1020 = CARTESIAN_POINT ( 'NONE',  ( 0.0000000000000000000, 4.000000000000000000, 0.0000000000000000000 ) ) ;
#1021 = EDGE_LOOP ( 'NONE', ( #1616, #996, #1170, #245, #1238, #58, #469, #983 ) ) ;
#1022 = DIRECTION ( 'NONE',  ( -1.000000000000000000, -0.0000000000000000000, -0.0000000000000000000 ) ) ;
#1023 = EDGE_CURVE ( 'NONE', #542, #197, #243, .T. ) ;
#1024 = APPLICATION_PROTOCOL_DEFINITION ( 'draft international standard', 'automotive_design', 1998, #676 ) ;
#1025 = CARTESIAN_POINT ( 'NONE',  ( 4.200000000000000178, 5.999999999999999112, 1.199999999999999956 ) ) ;
#1026 = EDGE_CURVE ( 'NONE', #535, #824, #1289, .T. ) ;
#1027 = CARTESIAN_POINT ( 'NONE',  ( 1.900000000000000577, 6.200000000000000178, 1.199999999999999956 ) ) ;
#1028 = ORIENTED_EDGE ( 'NONE', *, *, #662, .T. ) ;
#1029 = LINE ( 'NONE', #1158, #706 ) ;
#1030 = VERTEX_POINT ( 'NONE', #889 ) ;
#1031 = DIRECTION ( 'NONE',  ( 1.000000000000000000, 0.0000000000000000000, -0.0000000000000000000 ) ) ;
#1032 = VERTEX_POINT ( 'NONE', #910 ) ;
#1033 = PRESENTATION_STYLE_ASSIGNMENT (( #1155 ) ) ;
#1034 = CARTESIAN_POINT ( 'NONE',  ( 4.000000000000000000, -2.700000000000000178, 1.199999999999999956 ) ) ;
#1035 = ORIENTED_EDGE ( 'NONE', *, *, #1477, .T. ) ;
#1036 = CARTESIAN_POINT ( 'NONE',  ( 3.825000000000000178, -2.600000000000000533, 1.600000000000000089 ) ) ;
#1037 = ORIENTED_EDGE ( 'NONE', *, *, #92, .F. ) ;
#1038 = DIRECTION ( 'NONE',  ( -1.000000000000000000, 0.0000000000000000000, -0.0000000000000000000 ) ) ;
#1039 = AXIS2_PLACEMENT_3D ( 'NONE', #1111, #1684, #42 ) ;
#1040 = VECTOR ( 'NONE', #1168, 1000.000000000000000 ) ;
#1041 = EDGE_LOOP ( 'NONE', ( #1380, #1468, #1062, #508 ) ) ;
#1042 = CARTESIAN_POINT ( 'NONE',  ( 3.450000000000000178, 0.0000000000000000000, 4.799999999999999822 ) ) ;
#1043 = AXIS2_PLACEMENT_3D ( 'NONE', #1687, #1564, #356 ) ;
#1044 = PLANE ( 'NONE',  #318 ) ;
#1045 = AXIS2_PLACEMENT_3D ( 'NONE', #1308, #1055, #228 ) ;
#1046 = EDGE_CURVE ( 'NONE', #1440, #167, #637, .T. ) ;
#1047 = ORIENTED_EDGE ( 'NONE', *, *, #72, .F. ) ;
#1048 = DIRECTION ( 'NONE',  ( -1.000000000000000000, -0.0000000000000000000, 0.0000000000000000000 ) ) ;
#1049 = EDGE_CURVE ( 'NONE', #824, #465, #1717, .T. ) ;
#1050 = ORIENTED_EDGE ( 'NONE', *, *, #575, .F. ) ;
#1051 = DIRECTION ( 'NONE',  ( 0.0000000000000000000, 1.000000000000000000, -0.0000000000000000000 ) ) ;
#1052 = DIRECTION ( 'NONE',  ( 0.0000000000000000000, 0.0000000000000000000, 1.000000000000000000 ) ) ;
#1053 = EDGE_LOOP ( 'NONE', ( #188, #410, #1163, #1302, #848, #1, #1050, #19, #987, #1241, #1199, #129 ) ) ;
#1054 = CARTESIAN_POINT ( 'NONE',  ( 1.500000000000000000, 0.0000000000000000000, 4.299999999999999822 ) ) ;
#1055 = DIRECTION ( 'NONE',  ( 1.000000000000000000, 0.0000000000000000000, 0.0000000000000000000 ) ) ;
#1056 = EDGE_CURVE ( 'NONE', #325, #1464, #525, .T. ) ;
#1057 = ORIENTED_EDGE ( 'NONE', *, *, #810, .T. ) ;
#1058 = LINE ( 'NONE', #382, #1677 ) ;
#1059 = ORIENTED_EDGE ( 'NONE', *, *, #1498, .F. ) ;
#1060 = CARTESIAN_POINT ( 'NONE',  ( 3.825000000000000178, -2.600000000000000533, 1.300000000000000266 ) ) ;
#1061 = PRODUCT_RELATED_PRODUCT_CATEGORY ( 'part', '', ( #194 ) ) ;
#1062 = ORIENTED_EDGE ( 'NONE', *, *, #861, .T. ) ;
#1063 = DIRECTION ( 'NONE',  ( -1.000000000000000000, -0.0000000000000000000, 0.0000000000000000000 ) ) ;
#1064 = LINE ( 'NONE', #1561, #1350 ) ;
#1065 = CARTESIAN_POINT ( 'NONE',  ( 0.0000000000000000000, 6.000000000000000000, 2.399999999999999911 ) ) ;
#1066 = ORIENTED_EDGE ( 'NONE', *, *, #1196, .T. ) ;
#1067 = CARTESIAN_POINT ( 'NONE',  ( 3.950000000000000178, 6.000000000000000000, 1.199999999999999956 ) ) ;
#1068 = EDGE_CURVE ( 'NONE', #911, #1291, #222, .T. ) ;
#1069 = ORIENTED_EDGE ( 'NONE', *, *, #302, .F. ) ;
#1070 = VECTOR ( 'NONE', #1253, 1000.000000000000000 ) ;
#1071 = FACE_OUTER_BOUND ( 'NONE', #1140, .T. ) ;
#1072 = AXIS2_PLACEMENT_3D ( 'NONE', #1463, #97, #655 ) ;
#1073 = AXIS2_PLACEMENT_3D ( 'NONE', #906, #1434, #114 ) ;
#1074 = DIRECTION ( 'NONE',  ( 0.0000000000000000000, 0.0000000000000000000, -1.000000000000000000 ) ) ;
#1075 = ORIENTED_EDGE ( 'NONE', *, *, #435, .F. ) ;
#1076 = LINE ( 'NONE', #1229, #679 ) ;
#1077 = ORIENTED_EDGE ( 'NONE', *, *, #724, .T. ) ;
#1078 = EDGE_CURVE ( 'NONE', #1464, #533, #769, .T. ) ;
#1079 = PLANE ( 'NONE',  #263 ) ;
#1080 = CARTESIAN_POINT ( 'NONE',  ( 3.700000000000000178, 6.200000000000001066, 1.699999999999999956 ) ) ;
#1081 = EDGE_CURVE ( 'NONE', #1217, #535, #1029, .T. ) ;
#1082 = CARTESIAN_POINT ( 'NONE',  ( 4.900000000000000355, 0.0000000000000000000, 4.299999999999999822 ) ) ;
#1083 = ORIENTED_EDGE ( 'NONE', *, *, #1406, .T. ) ;
#1084 = LINE ( 'NONE', #1488, #66 ) ;
#1085 = ORIENTED_EDGE ( 'NONE', *, *, #1203, .T. ) ;
#1086 = CARTESIAN_POINT ( 'NONE',  ( 5.650000000000000355, 4.000000000000000000, 3.299999999999999822 ) ) ;
#1087 = CARTESIAN_POINT ( 'NONE',  ( 4.200000000000000178, -2.700000000000000178, 1.699999999999999956 ) ) ;
#1088 = LINE ( 'NONE', #669, #1507 ) ;
#1089 = ORIENTED_EDGE ( 'NONE', *, *, #337, .T. ) ;
#1090 = DIRECTION ( 'NONE',  ( -1.000000000000000000, 0.0000000000000000000, -0.0000000000000000000 ) ) ;
#1091 = ORIENTED_EDGE ( 'NONE', *, *, #820, .T. ) ;
#1092 = CARTESIAN_POINT ( 'NONE',  ( 4.400000000000000355, 2.000000000000000000, 4.299999999999999822 ) ) ;
#1093 = PLANE ( 'NONE',  #1186 ) ;
#1094 = VECTOR ( 'NONE', #534, 1000.000000000000000 ) ;
#1095 = CARTESIAN_POINT ( 'NONE',  ( 1.899999999999999911, -2.700000000000000178, 1.500000000000000000 ) ) ;
#1096 = EDGE_CURVE ( 'NONE', #60, #1291, #1300, .T. ) ;
#1097 = AXIS2_PLACEMENT_3D ( 'NONE', #1139, #82, #1003 ) ;
#1098 = EDGE_LOOP ( 'NONE', ( #592, #69, #269, #328, #758, #608 ) ) ;
#1099 = VECTOR ( 'NONE', #993, 1000.000000000000000 ) ;
#1100 = PLANE ( 'NONE',  #985 ) ;
#1101 = EDGE_CURVE ( 'NONE', #1521, #645, #516, .T. ) ;
#1102 = ORIENTED_EDGE ( 'NONE', *, *, #98, .F. ) ;
#1103 = CARTESIAN_POINT ( 'NONE',  ( 0.0000000000000000000, 0.0000000000000000000, 2.799999999999999822 ) ) ;
#1104 = LINE ( 'NONE', #1341, #626 ) ;
#1105 = CARTESIAN_POINT ( 'NONE',  ( 2.449999999999998845, 6.000000000000000000, 4.299999999999999822 ) ) ;
#1106 = VERTEX_POINT ( 'NONE', #507 ) ;
#1107 = CARTESIAN_POINT ( 'NONE',  ( 3.700000000000000178, 6.000000000000000000, 1.200000000000000178 ) ) ;
#1108 = ORIENTED_EDGE ( 'NONE', *, *, #1406, .F. ) ;
#1109 = DIRECTION ( 'NONE',  ( 0.0000000000000000000, 1.000000000000000000, 0.0000000000000000000 ) ) ;
#1110 = CARTESIAN_POINT ( 'NONE',  ( 2.200000000000000178, 5.999999999999999112, 1.199999999999999956 ) ) ;
#1111 = CARTESIAN_POINT ( 'NONE',  ( 2.950000000000000178, 2.000000000000000000, 2.399999999999999911 ) ) ;
#1112 = ORIENTED_EDGE ( 'NONE', *, *, #256, .F. ) ;
#1113 = ORIENTED_EDGE ( 'NONE', *, *, #375, .F. ) ;
#1114 = DIRECTION ( 'NONE',  ( -1.000000000000000000, -0.0000000000000000000, -0.0000000000000000000 ) ) ;
#1115 = EDGE_CURVE ( 'NONE', #372, #796, #1058, .T. ) ;
#1116 = DIRECTION ( 'NONE',  ( -0.0000000000000000000, 1.000000000000000000, 0.0000000000000000000 ) ) ;
#1117 = ADVANCED_FACE ( 'NONE', ( #628 ), #1555, .T. ) ;
#1118 = LINE ( 'NONE', #1519, #174 ) ;
#1119 = FILL_AREA_STYLE_COLOUR ( '', #901 ) ;
#1120 = PRESENTATION_LAYER_ASSIGNMENT (  '', '', ( #141 ) ) ;
#1121 = VECTOR ( 'NONE', #1720, 1000.000000000000000 ) ;
#1122 = EDGE_LOOP ( 'NONE', ( #288, #497, #28, #1451 ) ) ;
#1123 =( NAMED_UNIT ( * ) PLANE_ANGLE_UNIT ( ) SI_UNIT ( $, .RADIAN. ) );
#1124 = VECTOR ( 'NONE', #347, 1000.000000000000000 ) ;
#1125 = AXIS2_PLACEMENT_3D ( 'NONE', #1572, #131, #1580 ) ;
#1126 = ORIENTED_EDGE ( 'NONE', *, *, #462, .T. ) ;
#1127 = DIRECTION ( 'NONE',  ( 1.000000000000000000, 0.0000000000000000000, 0.0000000000000000000 ) ) ;
#1128 =( GEOMETRIC_REPRESENTATION_CONTEXT ( 3 ) GLOBAL_UNCERTAINTY_ASSIGNED_CONTEXT ( ( #1160 ) ) GLOBAL_UNIT_ASSIGNED_CONTEXT ( ( #359, #1295, #501 ) ) REPRESENTATION_CONTEXT ( 'NONE', 'WORKASPACE' ) );
#1129 = FACE_OUTER_BOUND ( 'NONE', #636, .T. ) ;
#1130 = EDGE_CURVE ( 'NONE', #465, #1217, #1156, .T. ) ;
#1131 = DIRECTION ( 'NONE',  ( -0.5773502691896257311, 0.5773502691896257311, -0.5773502691896257311 ) ) ;
#1132 = EDGE_CURVE ( 'NONE', #1489, #754, #336, .T. ) ;
#1133 = LINE ( 'NONE', #68, #846 ) ;
#1134 = ORIENTED_EDGE ( 'NONE', *, *, #789, .F. ) ;
#1135 = CARTESIAN_POINT ( 'NONE',  ( 2.075000000000000178, 6.200000000000000178, 1.400000000000000355 ) ) ;
#1136 = CARTESIAN_POINT ( 'NONE',  ( 1.699999999999999956, 6.200000000000001066, 1.699999999999999956 ) ) ;
#1137 = DIRECTION ( 'NONE',  ( 0.0000000000000000000, 0.7071067811865470176, -0.7071067811865480168 ) ) ;
#1138 = ORIENTED_EDGE ( 'NONE', *, *, #1151, .T. ) ;
#1139 = CARTESIAN_POINT ( 'NONE',  ( 0.5000000000000000000, 4.500000000000000888, 4.799999999999999822 ) ) ;
#1140 = EDGE_LOOP ( 'NONE', ( #235, #873, #474, #252, #450 ) ) ;
#1141 = DIRECTION ( 'NONE',  ( 0.0000000000000000000, 1.000000000000000000, 0.0000000000000000000 ) ) ;
#1142 = PLANE ( 'NONE',  #1017 ) ;
#1143 = ORIENTED_EDGE ( 'NONE', *, *, #1373, .T. ) ;
#1144 = DIRECTION ( 'NONE',  ( -0.0000000000000000000, -0.0000000000000000000, -1.000000000000000000 ) ) ;
#1145 = AXIS2_PLACEMENT_3D ( 'NONE', #1552, #860, #834 ) ;
#1146 = PLANE ( 'NONE',  #1208 ) ;
#1147 = CARTESIAN_POINT ( 'NONE',  ( 1.824999999999999956, -2.600000000000000533, 1.600000000000000089 ) ) ;
#1148 = EDGE_LOOP ( 'NONE', ( #1539, #105, #1618, #729 ) ) ;
#1149 = VECTOR ( 'NONE', #475, 1000.000000000000000 ) ;
#1150 = LINE ( 'NONE', #596, #595 ) ;
#1151 = EDGE_CURVE ( 'NONE', #768, #1323, #1685, .T. ) ;
#1152 = VECTOR ( 'NONE', #833, 1000.000000000000000 ) ;
#1153 = LINE ( 'NONE', #483, #1377 ) ;
#1154 = ORIENTED_EDGE ( 'NONE', *, *, #1081, .F. ) ;
#1155 = SURFACE_STYLE_USAGE ( .BOTH. , #1393 ) ;
#1156 = LINE ( 'NONE', #859, #933 ) ;
#1157 = ORIENTED_EDGE ( 'NONE', *, *, #1384, .T. ) ;
#1158 = CARTESIAN_POINT ( 'NONE',  ( 4.200000000000000178, 6.200000000000001066, 1.500000000000000000 ) ) ;
#1159 = ORIENTED_EDGE ( 'NONE', *, *, #353, .F. ) ;
#1160 = UNCERTAINTY_MEASURE_WITH_UNIT (LENGTH_MEASURE( 1.000000000000000082E-05 ), #359, 'distance_accuracy_value', 'NONE');
#1161 = CARTESIAN_POINT ( 'NONE',  ( 2.075000000000000178, 6.099999999999999645, 1.600000000000000089 ) ) ;
#1162 = EDGE_CURVE ( 'NONE', #947, #1320, #192, .T. ) ;
#1163 = ORIENTED_EDGE ( 'NONE', *, *, #1551, .F. ) ;
#1164 = PLANE ( 'NONE',  #1125 ) ;
#1165 = PLANE ( 'NONE',  #1537 ) ;
#1166 = CARTESIAN_POINT ( 'NONE',  ( 5.400000000000000355, 6.000000000000000000, 2.399999999999999911 ) ) ;
#1167 = ORIENTED_EDGE ( 'NONE', *, *, #1132, .T. ) ;
#1168 = DIRECTION ( 'NONE',  ( -1.000000000000000000, -0.0000000000000000000, 0.0000000000000000000 ) ) ;
#1169 = FILL_AREA_STYLE_COLOUR ( '', #460 ) ;
#1170 = ORIENTED_EDGE ( 'NONE', *, *, #536, .T. ) ;
#1171 = EDGE_CURVE ( 'NONE', #937, #1440, #887, .T. ) ;
#1172 = EDGE_CURVE ( 'NONE', #1549, #1401, #1018, .T. ) ;
#1173 = CARTESIAN_POINT ( 'NONE',  ( 5.400000000000000355, 6.000000000000000000, 2.799999999999999822 ) ) ;
#1174 = EDGE_CURVE ( 'NONE', #146, #1554, #73, .T. ) ;
#1175 = CARTESIAN_POINT ( 'NONE',  ( 2.950000000000000178, 6.000000000000000000, 2.399999999999999911 ) ) ;
#1176 = DIRECTION ( 'NONE',  ( 0.0000000000000000000, -0.0000000000000000000, 1.000000000000000000 ) ) ;
#1177 = ORIENTED_EDGE ( 'NONE', *, *, #1384, .F. ) ;
#1178 = DIRECTION ( 'NONE',  ( -0.0000000000000000000, -1.000000000000000000, 0.0000000000000000000 ) ) ;
#1179 = VECTOR ( 'NONE', #449, 1000.000000000000000 ) ;
#1180 = AXIS2_PLACEMENT_3D ( 'NONE', #420, #694, #1224 ) ;
#1181 = ORIENTED_EDGE ( 'NONE', *, *, #748, .F. ) ;
#1182 = UNCERTAINTY_MEASURE_WITH_UNIT (LENGTH_MEASURE( 1.000000000000000082E-05 ), #1340, 'distance_accuracy_value', 'NONE');
#1183 = VECTOR ( 'NONE', #1178, 1000.000000000000000 ) ;
#1184 = ADVANCED_FACE ( 'NONE', ( #625 ), #868, .T. ) ;
#1185 = CARTESIAN_POINT ( 'NONE',  ( 1.699999999999999956, -2.500000000000000444, 1.199999999999999956 ) ) ;
#1186 = AXIS2_PLACEMENT_3D ( 'NONE', #688, #839, #580 ) ;
#1187 = EDGE_CURVE ( 'NONE', #1248, #401, #1662, .T. ) ;
#1188 = PLANE ( 'NONE',  #1287 ) ;
#1189 = DIRECTION ( 'NONE',  ( 0.5773502691896261751, -0.5773502691896261751, 0.5773502691896250649 ) ) ;
#1190 = EDGE_LOOP ( 'NONE', ( #53, #1204, #1108, #742 ) ) ;
#1191 = DIRECTION ( 'NONE',  ( -0.0000000000000000000, 0.7071067811865470176, 0.7071067811865480168 ) ) ;
#1192 = DIRECTION ( 'NONE',  ( 1.000000000000000000, 0.0000000000000000000, 0.0000000000000000000 ) ) ;
#1193 = VERTEX_POINT ( 'NONE', #468 ) ;
#1194 = FACE_OUTER_BOUND ( 'NONE', #1611, .T. ) ;
#1195 = PLANE ( 'NONE',  #1039 ) ;
#1196 = EDGE_CURVE ( 'NONE', #1323, #645, #895, .T. ) ;
#1197 = ORIENTED_EDGE ( 'NONE', *, *, #435, .T. ) ;
#1198 = CARTESIAN_POINT ( 'NONE',  ( 5.650000000000000355, 4.000000000000000000, 2.799999999999999822 ) ) ;
#1199 = ORIENTED_EDGE ( 'NONE', *, *, #866, .T. ) ;
#1200 = FILL_AREA_STYLE_COLOUR ( '', #368 ) ;
#1201 = DIRECTION ( 'NONE',  ( -0.0000000000000000000, -1.000000000000000000, -0.0000000000000000000 ) ) ;
#1202 = CARTESIAN_POINT ( 'NONE',  ( 0.4999999999999991673, 2.000000000000000000, 0.5000000000000000000 ) ) ;
#1203 = EDGE_CURVE ( 'NONE', #780, #471, #459, .T. ) ;
#1204 = ORIENTED_EDGE ( 'NONE', *, *, #1690, .F. ) ;
#1205 = DIRECTION ( 'NONE',  ( -0.5773502691896250649, 0.5773502691896261751, -0.5773502691896261751 ) ) ;
#1206 = EDGE_LOOP ( 'NONE', ( #208, #1159, #1542, #1475 ) ) ;
#1207 = ADVANCED_FACE ( 'NONE', ( #1399 ), #1271, .T. ) ;
#1208 = AXIS2_PLACEMENT_3D ( 'NONE', #1675, #242, #108 ) ;
#1209 = LINE ( 'NONE', #1597, #760 ) ;
#1210 = MECHANICAL_DESIGN_GEOMETRIC_PRESENTATION_REPRESENTATION (  '', ( #844 ), #1453 ) ;
#1211 = CARTESIAN_POINT ( 'NONE',  ( 3.799999999999999822, -2.600000000000000533, 1.199999999999999956 ) ) ;
#1212 = VECTOR ( 'NONE', #577, 1000.000000000000000 ) ;
#1213 = VECTOR ( 'NONE', #1304, 1000.000000000000000 ) ;
#1214 = DIRECTION ( 'NONE',  ( -1.000000000000000000, 0.0000000000000000000, -0.0000000000000000000 ) ) ;
#1215 = ORIENTED_EDGE ( 'NONE', *, *, #62, .F. ) ;
#1216 = LINE ( 'NONE', #20, #12 ) ;
#1217 = VERTEX_POINT ( 'NONE', #1527 ) ;
#1218 = LINE ( 'NONE', #1231, #38 ) ;
#1219 = FACE_OUTER_BOUND ( 'NONE', #48, .T. ) ;
#1220 = DIRECTION ( 'NONE',  ( 1.000000000000000000, -0.0000000000000000000, 0.0000000000000000000 ) ) ;
#1221 = VERTEX_POINT ( 'NONE', #1536 ) ;
#1222 = DIRECTION ( 'NONE',  ( 0.0000000000000000000, 0.0000000000000000000, 1.000000000000000000 ) ) ;
#1223 = ORIENTED_EDGE ( 'NONE', *, *, #1715, .T. ) ;
#1224 = DIRECTION ( 'NONE',  ( -0.7071067811865474617, -0.7071067811865474617, 0.0000000000000000000 ) ) ;
#1225 = CARTESIAN_POINT ( 'NONE',  ( 5.900000000000000355, 4.000000000000000000, 3.799999999999999822 ) ) ;
#1226 = DIRECTION ( 'NONE',  ( 0.0000000000000000000, -1.000000000000000000, 0.0000000000000000000 ) ) ;
#1227 = EDGE_CURVE ( 'NONE', #870, #1596, #719, .T. ) ;
#1228 = ORIENTED_EDGE ( 'NONE', *, *, #299, .T. ) ;
#1229 = CARTESIAN_POINT ( 'NONE',  ( 0.4999999999999990563, 6.000000000000000000, 4.299999999999999822 ) ) ;
#1230 = ORIENTED_EDGE ( 'NONE', *, *, #995, .F. ) ;
#1231 = CARTESIAN_POINT ( 'NONE',  ( 1.000000000000000000, 0.0000000000000000000, 4.299999999999999822 ) ) ;
#1232 = CARTESIAN_POINT ( 'NONE',  ( 5.400000000000000355, 6.000000000000000000, 4.299999999999999822 ) ) ;
#1233 = AXIS2_PLACEMENT_3D ( 'NONE', #827, #1226, #399 ) ;
#1234 = VECTOR ( 'NONE', #1624, 999.9999999999998863 ) ;
#1235 = AXIS2_PLACEMENT_3D ( 'NONE', #1571, #1448, #270 ) ;
#1236 = CARTESIAN_POINT ( 'NONE',  ( 1.700000000000000178, 6.000000000000000000, 1.200000000000000178 ) ) ;
#1237 = VECTOR ( 'NONE', #1176, 1000.000000000000000 ) ;
#1238 = ORIENTED_EDGE ( 'NONE', *, *, #1056, .T. ) ;
#1239 = VECTOR ( 'NONE', #978, 999.9999999999998863 ) ;
#1240 = SURFACE_STYLE_FILL_AREA ( #168 ) ;
#1241 = ORIENTED_EDGE ( 'NONE', *, *, #166, .T. ) ;
#1242 = CARTESIAN_POINT ( 'NONE',  ( 3.999999999999999112, 6.200000000000000178, 1.199999999999999956 ) ) ;
#1243 = DIRECTION ( 'NONE',  ( 0.0000000000000000000, 1.000000000000000000, -0.0000000000000000000 ) ) ;
#1244 = DIRECTION ( 'NONE',  ( 0.0000000000000000000, 0.0000000000000000000, -1.000000000000000000 ) ) ;
#1245 = EDGE_CURVE ( 'NONE', #1217, #79, #1410, .T. ) ;
#1246 = ORIENTED_EDGE ( 'NONE', *, *, #1115, .F. ) ;
#1247 = DIRECTION ( 'NONE',  ( 0.0000000000000000000, -0.7071067811865480168, -0.7071067811865470176 ) ) ;
#1248 = VERTEX_POINT ( 'NONE', #747 ) ;
#1249 = CARTESIAN_POINT ( 'NONE',  ( 0.4999999999999990563, 6.000000000000000000, 0.5000000000000000000 ) ) ;
#1250 = CARTESIAN_POINT ( 'NONE',  ( 0.0000000000000000000, 0.0000000000000000000, 4.799999999999999822 ) ) ;
#1251 = ORIENTED_EDGE ( 'NONE', *, *, #1172, .F. ) ;
#1252 = DIRECTION ( 'NONE',  ( 2.220446049250320181E-15, 0.0000000000000000000, 1.000000000000000000 ) ) ;
#1253 = DIRECTION ( 'NONE',  ( -1.000000000000000000, 0.0000000000000000000, -0.0000000000000000000 ) ) ;
#1254 = ORIENTED_EDGE ( 'NONE', *, *, #279, .F. ) ;
#1255 = CARTESIAN_POINT ( 'NONE',  ( 4.000000000000000000, 6.200000000000001066, 1.400000000000000133 ) ) ;
#1256 = EDGE_CURVE ( 'NONE', #484, #1412, #1279, .T. ) ;
#1257 = EDGE_LOOP ( 'NONE', ( #1047, #1478, #1246, #1424 ) ) ;
#1258 = CARTESIAN_POINT ( 'NONE',  ( 4.200000000000000178, -2.499999999999999556, 1.700000000000000178 ) ) ;
#1259 = CARTESIAN_POINT ( 'NONE',  ( 0.0000000000000000000, 6.000000000000000000, 0.0000000000000000000 ) ) ;
#1260 = LINE ( 'NONE', #1173, #795 ) ;
#1261 = DIRECTION ( 'NONE',  ( -1.000000000000000000, 0.0000000000000000000, -0.0000000000000000000 ) ) ;
#1262 = AXIS2_PLACEMENT_3D ( 'NONE', #1397, #216, #326 ) ;
#1263 = ORIENTED_EDGE ( 'NONE', *, *, #1245, .T. ) ;
#1264 = CARTESIAN_POINT ( 'NONE',  ( 3.950000000000000178, 1.750000000000000000, 1.699999999999999956 ) ) ;
#1265 = VECTOR ( 'NONE', #1189, 1000.000000000000000 ) ;
#1266 = AXIS2_PLACEMENT_3D ( 'NONE', #4, #1460, #1695 ) ;
#1267 = EDGE_LOOP ( 'NONE', ( #1450, #1274, #1230, #613 ) ) ;
#1268 = CARTESIAN_POINT ( 'NONE',  ( 1.824999999999999956, -2.700000000000000178, 1.399999999999999911 ) ) ;
#1269 = EDGE_CURVE ( 'NONE', #307, #197, #56, .T. ) ;
#1270 = DIRECTION ( 'NONE',  ( 0.0000000000000000000, 0.0000000000000000000, 1.000000000000000000 ) ) ;
#1271 = PLANE ( 'NONE',  #847 ) ;
#1272 = ORIENTED_EDGE ( 'NONE', *, *, #322, .T. ) ;
#1273 = PRESENTATION_STYLE_ASSIGNMENT (( #812 ) ) ;
#1274 = ORIENTED_EDGE ( 'NONE', *, *, #633, .F. ) ;
#1275 = LINE ( 'NONE', #611, #818 ) ;
#1276 = CARTESIAN_POINT ( 'NONE',  ( 4.200000000000000178, -2.499999999999999556, 1.199999999999999956 ) ) ;
#1277 = ORIENTED_EDGE ( 'NONE', *, *, #259, .F. ) ;
#1278 = EDGE_CURVE ( 'NONE', #510, #1106, #1118, .T. ) ;
#1279 = LINE ( 'NONE', #1672, #1403 ) ;
#1280 = EDGE_CURVE ( 'NONE', #549, #533, #1260, .T. ) ;
#1281 = ORIENTED_EDGE ( 'NONE', *, *, #772, .F. ) ;
#1282 = PLANE ( 'NONE',  #1097 ) ;
#1283 = ORIENTED_EDGE ( 'NONE', *, *, #1678, .F. ) ;
#1284 = LINE ( 'NONE', #725, #902 ) ;
#1285 = PLANE ( 'NONE',  #488 ) ;
#1286 = DIRECTION ( 'NONE',  ( -1.000000000000000000, -0.0000000000000000000, 0.0000000000000000000 ) ) ;
#1287 = AXIS2_PLACEMENT_3D ( 'NONE', #390, #923, #1547 ) ;
#1288 = FACE_OUTER_BOUND ( 'NONE', #582, .T. ) ;
#1289 = LINE ( 'NONE', #94, #1265 ) ;
#1290 = VECTOR ( 'NONE', #752, 1000.000000000000000 ) ;
#1291 = VERTEX_POINT ( 'NONE', #1317 ) ;
#1292 = AXIS2_PLACEMENT_3D ( 'NONE', #1264, #1379, #984 ) ;
#1293 = DIRECTION ( 'NONE',  ( 1.000000000000000000, -0.0000000000000000000, 0.0000000000000000000 ) ) ;
#1294 = VECTOR ( 'NONE', #217, 1000.000000000000000 ) ;
#1295 =( NAMED_UNIT ( * ) PLANE_ANGLE_UNIT ( ) SI_UNIT ( $, .RADIAN. ) );
#1296 = ORIENTED_EDGE ( 'NONE', *, *, #1068, .T. ) ;
#1297 = FACE_OUTER_BOUND ( 'NONE', #1391, .T. ) ;
#1298 = DIRECTION ( 'NONE',  ( 0.0000000000000000000, 1.000000000000000000, 0.0000000000000000000 ) ) ;
#1299 = ORIENTED_EDGE ( 'NONE', *, *, #971, .F. ) ;
#1300 = LINE ( 'NONE', #1697, #487 ) ;
#1301 = ADVANCED_FACE ( 'NONE', ( #367 ), #775, .T. ) ;
#1302 = ORIENTED_EDGE ( 'NONE', *, *, #439, .F. ) ;
#1303 = DIRECTION ( 'NONE',  ( 0.0000000000000000000, 0.0000000000000000000, 1.000000000000000000 ) ) ;
#1304 = DIRECTION ( 'NONE',  ( 0.0000000000000000000, -1.000000000000000000, -0.0000000000000000000 ) ) ;
#1305 = VERTEX_POINT ( 'NONE', #648 ) ;
#1306 = ADVANCED_FACE ( 'NONE', ( #1449 ), #668, .F. ) ;
#1307 = SURFACE_STYLE_FILL_AREA ( #106 ) ;
#1308 = CARTESIAN_POINT ( 'NONE',  ( 1.500000000000000000, 4.500000000000000888, 4.799999999999999822 ) ) ;
#1309 = ORIENTED_EDGE ( 'NONE', *, *, #1096, .T. ) ;
#1310 = CARTESIAN_POINT ( 'NONE',  ( 4.200000000000000178, 1.750000000000000000, 1.199999999999999956 ) ) ;
#1311 = ORIENTED_EDGE ( 'NONE', *, *, #1171, .T. ) ;
#1312 = CARTESIAN_POINT ( 'NONE',  ( 2.200000000000000622, -2.500000000000000444, 1.199999999999999956 ) ) ;
#1313 = EDGE_CURVE ( 'NONE', #332, #882, #1064, .T. ) ;
#1314 = LINE ( 'NONE', #122, #15 ) ;
#1315 = ORIENTED_EDGE ( 'NONE', *, *, #182, .F. ) ;
#1316 =( NAMED_UNIT ( * ) PLANE_ANGLE_UNIT ( ) SI_UNIT ( $, .RADIAN. ) );
#1317 = CARTESIAN_POINT ( 'NONE',  ( 3.450000000000000178, 6.000000000000000000, 4.299999999999999822 ) ) ;
#1318 = ORIENTED_EDGE ( 'NONE', *, *, #1162, .T. ) ;
#1319 = FACE_OUTER_BOUND ( 'NONE', #1122, .T. ) ;
#1320 = VERTEX_POINT ( 'NONE', #125 ) ;
#1321 = DIRECTION ( 'NONE',  ( 1.000000000000000000, 0.0000000000000000000, 0.0000000000000000000 ) ) ;
#1322 = VECTOR ( 'NONE', #909, 1000.000000000000000 ) ;
#1323 = VERTEX_POINT ( 'NONE', #1185 ) ;
#1324 = FACE_OUTER_BOUND ( 'NONE', #858, .T. ) ;
#1325 = VECTOR ( 'NONE', #898, 1000.000000000000000 ) ;
#1326 = DIRECTION ( 'NONE',  ( 1.000000000000000000, 0.0000000000000000000, -0.0000000000000000000 ) ) ;
#1327 = VECTOR ( 'NONE', #39, 1000.000000000000000 ) ;
#1328 = CARTESIAN_POINT ( 'NONE',  ( 0.0000000000000000000, 0.0000000000000000000, 0.0000000000000000000 ) ) ;
#1329 = ORIENTED_EDGE ( 'NONE', *, *, #299, .F. ) ;
#1330 = CARTESIAN_POINT ( 'NONE',  ( 1.949999999999999956, 1.750000000000000000, 1.199999999999999956 ) ) ;
#1331 = LINE ( 'NONE', #1430, #765 ) ;
#1332 = ORIENTED_EDGE ( 'NONE', *, *, #1081, .T. ) ;
#1333 = DIRECTION ( 'NONE',  ( 0.0000000000000000000, 0.0000000000000000000, -1.000000000000000000 ) ) ;
#1334 = DIRECTION ( 'NONE',  ( -0.0000000000000000000, -0.0000000000000000000, 1.000000000000000000 ) ) ;
#1335 = CARTESIAN_POINT ( 'NONE',  ( 0.2500000000000000000, 4.000000000000000000, 3.799999999999999822 ) ) ;
#1336 = EDGE_CURVE ( 'NONE', #419, #1512, #1714, .T. ) ;
#1337 = ORIENTED_EDGE ( 'NONE', *, *, #1528, .F. ) ;
#1338 = CARTESIAN_POINT ( 'NONE',  ( 2.450000000000000178, 6.000000000000000000, 2.399999999999999911 ) ) ;
#1339 = ORIENTED_EDGE ( 'NONE', *, *, #943, .T. ) ;
#1340 =( LENGTH_UNIT ( ) NAMED_UNIT ( * ) SI_UNIT ( .MILLI., .METRE. ) );
#1341 = CARTESIAN_POINT ( 'NONE',  ( 1.500000000000000000, 0.0000000000000000000, 4.799999999999999822 ) ) ;
#1342 = FACE_OUTER_BOUND ( 'NONE', #443, .T. ) ;
#1343 = ORIENTED_EDGE ( 'NONE', *, *, #605, .T. ) ;
#1344 = DIRECTION ( 'NONE',  ( 0.0000000000000000000, -0.0000000000000000000, 1.000000000000000000 ) ) ;
#1345 = ORIENTED_EDGE ( 'NONE', *, *, #184, .T. ) ;
#1346 = CLOSED_SHELL ( 'NONE', ( #813, #950, #22, #6, #385, #415, #481, #1636, #1633, #1306, #370, #499, #199, #1001, #660, #272, #1656, #1423, #1473, #30, #1363, #1366, #896, #176, #1506, #234, #715, #1354 ) ) ;
#1347 = LINE ( 'NONE', #571, #1372 ) ;
#1348 = CARTESIAN_POINT ( 'NONE',  ( 2.950000000000000178, 6.000000000000000000, 2.399999999999999911 ) ) ;
#1349 = VECTOR ( 'NONE', #298, 1000.000000000000000 ) ;
#1350 = VECTOR ( 'NONE', #1201, 1000.000000000000000 ) ;
#1351 = CARTESIAN_POINT ( 'NONE',  ( 2.200000000000000178, 6.200000000000001066, 1.500000000000000000 ) ) ;
#1352 = ORIENTED_EDGE ( 'NONE', *, *, #990, .T. ) ;
#1353 = CARTESIAN_POINT ( 'NONE',  ( 2.950000000000000178, 0.0000000000000000000, 4.799999999999999822 ) ) ;
#1354 = ADVANCED_FACE ( 'NONE', ( #1422 ), #1044, .F. ) ;
#1355 = EDGE_LOOP ( 'NONE', ( #1007, #1251, #1369, #1329, #1696, #685, #218, #618, #518, #211, #1089, #1102 ) ) ;
#1356 = CARTESIAN_POINT ( 'NONE',  ( 1.900000000000000133, 6.200000000000001066, 1.400000000000000133 ) ) ;
#1357 = ADVANCED_FACE ( 'NONE', ( #932 ), #635, .T. ) ;
#1358 = DIRECTION ( 'NONE',  ( 0.0000000000000000000, 0.0000000000000000000, -1.000000000000000000 ) ) ;
#1359 = DIRECTION ( 'NONE',  ( 0.0000000000000000000, -0.0000000000000000000, 1.000000000000000000 ) ) ;
#1360 = ORIENTED_EDGE ( 'NONE', *, *, #617, .F. ) ;
#1361 = DIRECTION ( 'NONE',  ( 1.000000000000000000, 0.0000000000000000000, 0.0000000000000000000 ) ) ;
#1362 = ORIENTED_EDGE ( 'NONE', *, *, #44, .F. ) ;
#1363 = ADVANCED_FACE ( 'NONE', ( #1071 ), #271, .F. ) ;
#1364 = DIRECTION ( 'NONE',  ( 0.0000000000000000000, -0.0000000000000000000, 1.000000000000000000 ) ) ;
#1365 = CARTESIAN_POINT ( 'NONE',  ( 5.400000000000000355, 0.0000000000000000000, 4.799999999999999822 ) ) ;
#1366 = ADVANCED_FACE ( 'NONE', ( #512 ), #801, .F. ) ;
#1367 = EDGE_LOOP ( 'NONE', ( #495, #699, #1352, #920 ) ) ;
#1368 = LINE ( 'NONE', #9, #1428 ) ;
#1369 = ORIENTED_EDGE ( 'NONE', *, *, #810, .F. ) ;
#1370 = LINE ( 'NONE', #1103, #10 ) ;
#1371 = LINE ( 'NONE', #1365, #1598 ) ;
#1372 = VECTOR ( 'NONE', #825, 1000.000000000000000 ) ;
#1373 = EDGE_CURVE ( 'NONE', #882, #1489, #642, .T. ) ;
#1374 = ADVANCED_FACE ( 'NONE', ( #1194 ), #1164, .T. ) ;
#1375 = VECTOR ( 'NONE', #203, 1000.000000000000114 ) ;
#1376 = LINE ( 'NONE', #1025, #1179 ) ;
#1377 = VECTOR ( 'NONE', #1006, 1000.000000000000000 ) ;
#1378 = ORIENTED_EDGE ( 'NONE', *, *, #320, .T. ) ;
#1379 = DIRECTION ( 'NONE',  ( 0.0000000000000000000, 0.0000000000000000000, 1.000000000000000000 ) ) ;
#1380 = ORIENTED_EDGE ( 'NONE', *, *, #249, .T. ) ;
#1381 = CARTESIAN_POINT ( 'NONE',  ( 3.700000000000000178, 1.750000000000000000, 1.199999999999999956 ) ) ;
#1382 = CARTESIAN_POINT ( 'NONE',  ( 2.950000000000000178, 2.000000000000000000, 4.299999999999999822 ) ) ;
#1383 = DIRECTION ( 'NONE',  ( 0.0000000000000000000, -1.000000000000000000, -0.0000000000000000000 ) ) ;
#1384 = EDGE_CURVE ( 'NONE', #704, #1106, #764, .T. ) ;
#1385 = ORIENTED_EDGE ( 'NONE', *, *, #190, .F. ) ;
#1386 = DIRECTION ( 'NONE',  ( 0.0000000000000000000, 0.0000000000000000000, 1.000000000000000000 ) ) ;
#1387 = ADVANCED_FACE ( 'NONE', ( #915 ), #1442, .T. ) ;
#1388 = ORIENTED_EDGE ( 'NONE', *, *, #842, .T. ) ;
#1389 = LINE ( 'NONE', #70, #874 ) ;
#1390 = DIRECTION ( 'NONE',  ( -0.7071067811865475727, 0.7071067811865475727, 0.0000000000000000000 ) ) ;
#1391 = EDGE_LOOP ( 'NONE', ( #1701, #1593, #348, #248 ) ) ;
#1392 = DIRECTION ( 'NONE',  ( -0.0000000000000000000, -1.000000000000000000, -0.0000000000000000000 ) ) ;
#1393 = SURFACE_SIDE_STYLE ('',( #1520 ) ) ;
#1394 = EDGE_LOOP ( 'NONE', ( #1343, #264, #13, #1337, #897, #1254, #1077, #799, #716, #916 ) ) ;
#1395 = FACE_OUTER_BOUND ( 'NONE', #1011, .T. ) ;
#1396 = VERTEX_POINT ( 'NONE', #922 ) ;
#1397 = CARTESIAN_POINT ( 'NONE',  ( 5.400000000000000355, 6.000000000000000000, 2.799999999999999822 ) ) ;
#1398 = CARTESIAN_POINT ( 'NONE',  ( 5.900000000000000355, 6.000000000000000000, 3.799999999999999822 ) ) ;
#1399 = FACE_OUTER_BOUND ( 'NONE', #969, .T. ) ;
#1400 = AXIS2_PLACEMENT_3D ( 'NONE', #1249, #284, #54 ) ;
#1401 = VERTEX_POINT ( 'NONE', #260 ) ;
#1402 = VECTOR ( 'NONE', #282, 1000.000000000000000 ) ;
#1403 = VECTOR ( 'NONE', #1286, 1000.000000000000000 ) ;
#1404 = ORIENTED_EDGE ( 'NONE', *, *, #196, .F. ) ;
#1405 = DIRECTION ( 'NONE',  ( -0.7071067811865474617, 0.7071067811865474617, 0.0000000000000000000 ) ) ;
#1406 = EDGE_CURVE ( 'NONE', #976, #1521, #1723, .T. ) ;
#1407 = CARTESIAN_POINT ( 'NONE',  ( 0.4999999999999990563, 6.000000000000000000, 3.799999999999999822 ) ) ;
#1408 = ORIENTED_EDGE ( 'NONE', *, *, #249, .F. ) ;
#1409 = EDGE_CURVE ( 'NONE', #824, #510, #530, .T. ) ;
#1410 = LINE ( 'NONE', #1000, #1099 ) ;
#1411 = PLANE ( 'NONE',  #1567 ) ;
#1412 = VERTEX_POINT ( 'NONE', #965 ) ;
#1413 = PLANE ( 'NONE',  #144 ) ;
#1414 = CARTESIAN_POINT ( 'NONE',  ( 4.400000000000000355, 0.0000000000000000000, 4.799999999999999822 ) ) ;
#1415 = CARTESIAN_POINT ( 'NONE',  ( 0.0000000000000000000, 0.0000000000000000000, 0.0000000000000000000 ) ) ;
#1416 = EDGE_LOOP ( 'NONE', ( #1281, #436, #925, #1625 ) ) ;
#1417 = DIRECTION ( 'NONE',  ( -0.0000000000000000000, -0.0000000000000000000, -1.000000000000000000 ) ) ;
#1418 = EDGE_LOOP ( 'NONE', ( #862, #21, #997, #8, #960 ) ) ;
#1419 = LINE ( 'NONE', #856, #485 ) ;
#1420 = DIRECTION ( 'NONE',  ( -0.0000000000000000000, 0.0000000000000000000, 1.000000000000000000 ) ) ;
#1421 = CARTESIAN_POINT ( 'NONE',  ( 0.4999999999999989453, 6.000000000000000000, 4.299999999999999822 ) ) ;
#1422 = FACE_OUTER_BOUND ( 'NONE', #101, .T. ) ;
#1423 = ADVANCED_FACE ( 'NONE', ( #150 ), #441, .F. ) ;
#1424 = ORIENTED_EDGE ( 'NONE', *, *, #894, .F. ) ;
#1425 = DIRECTION ( 'NONE',  ( 1.000000000000000000, 0.0000000000000000000, -0.0000000000000000000 ) ) ;
#1426 = VECTOR ( 'NONE', #1702, 1000.000000000000000 ) ;
#1427 = EDGE_CURVE ( 'NONE', #3, #112, #295, .T. ) ;
#1428 = VECTOR ( 'NONE', #153, 1000.000000000000000 ) ;
#1429 = PLANE ( 'NONE',  #735 ) ;
#1430 = CARTESIAN_POINT ( 'NONE',  ( 1.500000000000000000, 4.500000000000000888, 4.299999999999999822 ) ) ;
#1431 = ORIENTED_EDGE ( 'NONE', *, *, #1023, .T. ) ;
#1432 = CARTESIAN_POINT ( 'NONE',  ( 0.0000000000000000000, 6.000000000000000000, 4.799999999999999822 ) ) ;
#1433 = PRESENTATION_LAYER_ASSIGNMENT (  '', '', ( #766 ) ) ;
#1434 = DIRECTION ( 'NONE',  ( 1.000000000000000000, 0.0000000000000000000, -0.0000000000000000000 ) ) ;
#1435 = EDGE_CURVE ( 'NONE', #884, #899, #972, .T. ) ;
#1436 = ORIENTED_EDGE ( 'NONE', *, *, #556, .T. ) ;
#1437 = CARTESIAN_POINT ( 'NONE',  ( 0.4999999999999990563, 6.000000000000000000, 3.799999999999999822 ) ) ;
#1438 = DIRECTION ( 'NONE',  ( -1.000000000000000000, 0.0000000000000000000, 1.062075597536819982E-15 ) ) ;
#1439 = DIRECTION ( 'NONE',  ( -0.5773502691896261751, -0.5773502691896261751, -0.5773502691896250649 ) ) ;
#1440 = VERTEX_POINT ( 'NONE', #573 ) ;
#1441 = CARTESIAN_POINT ( 'NONE',  ( 2.950000000000000178, 2.000000000000000000, 4.799999999999999822 ) ) ;
#1442 = PLANE ( 'NONE',  #1484 ) ;
#1443 = LINE ( 'NONE', #506, #1322 ) ;
#1444 = DIRECTION ( 'NONE',  ( 1.000000000000000000, 0.0000000000000000000, 0.0000000000000000000 ) ) ;
#1445 = ORIENTED_EDGE ( 'NONE', *, *, #1560, .T. ) ;
#1446 = CARTESIAN_POINT ( 'NONE',  ( 5.400000000000000355, 4.500000000000000888, 4.799999999999999822 ) ) ;
#1447 = ORIENTED_EDGE ( 'NONE', *, *, #1666, .T. ) ;
#1448 = DIRECTION ( 'NONE',  ( 0.0000000000000000000, 1.000000000000000000, 0.0000000000000000000 ) ) ;
#1449 = FACE_OUTER_BOUND ( 'NONE', #1053, .T. ) ;
#1450 = ORIENTED_EDGE ( 'NONE', *, *, #369, .F. ) ;
#1451 = ORIENTED_EDGE ( 'NONE', *, *, #1256, .F. ) ;
#1452 = DIRECTION ( 'NONE',  ( 0.0000000000000000000, -0.7071067811865470176, -0.7071067811865480168 ) ) ;
#1453 =( GEOMETRIC_REPRESENTATION_CONTEXT ( 3 ) GLOBAL_UNCERTAINTY_ASSIGNED_CONTEXT ( ( #1182 ) ) GLOBAL_UNIT_ASSIGNED_CONTEXT ( ( #1340, #1316, #388 ) ) REPRESENTATION_CONTEXT ( 'NONE', 'WORKASPACE' ) );
#1454 = LINE ( 'NONE', #892, #543 ) ;
#1455 = AXIS2_PLACEMENT_3D ( 'NONE', #781, #800, #124 ) ;
#1456 = ORIENTED_EDGE ( 'NONE', *, *, #439, .T. ) ;
#1457 = EDGE_CURVE ( 'NONE', #1305, #311, #1104, .T. ) ;
#1458 = DIRECTION ( 'NONE',  ( 0.0000000000000000000, -1.000000000000000000, -0.0000000000000000000 ) ) ;
#1459 = VECTOR ( 'NONE', #1650, 1000.000000000000000 ) ;
#1460 = DIRECTION ( 'NONE',  ( 0.7071067811865475727, -0.7071067811865475727, 0.0000000000000000000 ) ) ;
#1461 = AXIS2_PLACEMENT_3D ( 'NONE', #1250, #1270, #71 ) ;
#1462 = CARTESIAN_POINT ( 'NONE',  ( 0.0000000000000000000, 6.000000000000000000, 4.799999999999999822 ) ) ;
#1463 = CARTESIAN_POINT ( 'NONE',  ( 4.099999999999999645, -2.600000000000000533, 1.199999999999999956 ) ) ;
#1464 = VERTEX_POINT ( 'NONE', #561 ) ;
#1465 = DIRECTION ( 'NONE',  ( 1.000000000000000000, 0.0000000000000000000, -0.0000000000000000000 ) ) ;
#1466 = EDGE_CURVE ( 'NONE', #314, #465, #1629, .T. ) ;
#1467 = CARTESIAN_POINT ( 'NONE',  ( 0.4999999999999991673, 6.000000000000000000, 2.399999999999999911 ) ) ;
#1468 = ORIENTED_EDGE ( 'NONE', *, *, #738, .T. ) ;
#1469 = LINE ( 'NONE', #583, #1124 ) ;
#1470 = ORIENTED_EDGE ( 'NONE', *, *, #1486, .T. ) ;
#1471 = CARTESIAN_POINT ( 'NONE',  ( 2.000000000000000000, -2.700000000000000178, 1.400000000000000133 ) ) ;
#1472 = CARTESIAN_POINT ( 'NONE',  ( 4.400000000000000355, 0.0000000000000000000, 4.299999999999999822 ) ) ;
#1473 = ADVANCED_FACE ( 'NONE', ( #1219 ), #286, .T. ) ;
#1474 = ADVANCED_FACE ( 'NONE', ( #309 ), #1093, .T. ) ;
#1475 = ORIENTED_EDGE ( 'NONE', *, *, #1187, .F. ) ;
#1476 = CARTESIAN_POINT ( 'NONE',  ( 0.0000000000000000000, 4.500000000000000888, 4.799999999999999822 ) ) ;
#1477 = EDGE_CURVE ( 'NONE', #638, #112, #1371, .T. ) ;
#1478 = ORIENTED_EDGE ( 'NONE', *, *, #182, .T. ) ;
#1479 =( GEOMETRIC_REPRESENTATION_CONTEXT ( 3 ) GLOBAL_UNCERTAINTY_ASSIGNED_CONTEXT ( ( #831 ) ) GLOBAL_UNIT_ASSIGNED_CONTEXT ( ( #728, #762, #304 ) ) REPRESENTATION_CONTEXT ( 'NONE', 'WORKASPACE' ) );
#1480 = CARTESIAN_POINT ( 'NONE',  ( 0.0000000000000000000, 4.000000000000000000, 2.799999999999999822 ) ) ;
#1481 = VECTOR ( 'NONE', #1364, 1000.000000000000000 ) ;
#1482 = DIRECTION ( 'NONE',  ( -0.0000000000000000000, 0.0000000000000000000, -1.000000000000000000 ) ) ;
#1483 = VECTOR ( 'NONE', #1425, 1000.000000000000000 ) ;
#1484 = AXIS2_PLACEMENT_3D ( 'NONE', #251, #782, #389 ) ;
#1485 = CARTESIAN_POINT ( 'NONE',  ( 3.899999999999999911, 6.200000000000001066, 1.400000000000000133 ) ) ;
#1486 = EDGE_CURVE ( 'NONE', #33, #1686, #163, .T. ) ;
#1487 = ORIENTED_EDGE ( 'NONE', *, *, #1101, .T. ) ;
#1488 = CARTESIAN_POINT ( 'NONE',  ( 1.500000000000000000, 4.500000000000000888, 4.799999999999999822 ) ) ;
#1489 = VERTEX_POINT ( 'NONE', #1225 ) ;
#1490 = EDGE_CURVE ( 'NONE', #307, #899, #553, .T. ) ;
#1491 = DIRECTION ( 'NONE',  ( 0.0000000000000000000, -0.0000000000000000000, -1.000000000000000000 ) ) ;
#1492 = LINE ( 'NONE', #303, #1152 ) ;
#1493 = DIRECTION ( 'NONE',  ( 0.0000000000000000000, -1.000000000000000000, -0.0000000000000000000 ) ) ;
#1494 = ORIENTED_EDGE ( 'NONE', *, *, #894, .T. ) ;
#1495 = FILL_AREA_STYLE_COLOUR ( '', #345 ) ;
#1496 = ORIENTED_EDGE ( 'NONE', *, *, #1049, .F. ) ;
#1497 = LINE ( 'NONE', #1242, #931 ) ;
#1498 = EDGE_CURVE ( 'NONE', #1440, #305, #421, .T. ) ;
#1499 = DIRECTION ( 'NONE',  ( 0.0000000000000000000, -0.0000000000000000000, 1.000000000000000000 ) ) ;
#1500 = LINE ( 'NONE', #310, #1070 ) ;
#1501 = VERTEX_POINT ( 'NONE', #414 ) ;
#1502 = CARTESIAN_POINT ( 'NONE',  ( 0.0000000000000000000, 6.000000000000000000, 2.399999999999999911 ) ) ;
#1503 = ORIENTED_EDGE ( 'NONE', *, *, #767, .T. ) ;
#1504 = LINE ( 'NONE', #579, #427 ) ;
#1505 = CARTESIAN_POINT ( 'NONE',  ( 2.200000000000000178, 1.750000000000000000, 1.199999999999999956 ) ) ;
#1506 = ADVANCED_FACE ( 'NONE', ( #17 ), #826, .F. ) ;
#1507 = VECTOR ( 'NONE', #1220, 1000.000000000000000 ) ;
#1508 = VECTOR ( 'NONE', #1617, 1000.000000000000114 ) ;
#1509 = PLANE ( 'NONE',  #981 ) ;
#1510 = ADVANCED_FACE ( 'NONE', ( #157 ), #433, .T. ) ;
#1511 = VECTOR ( 'NONE', #1721, 1000.000000000000000 ) ;
#1512 = VERTEX_POINT ( 'NONE', #1472 ) ;
#1513 = PRODUCT_DEFINITION_FORMATION_WITH_SPECIFIED_SOURCE ( 'ANY', '', #194, .NOT_KNOWN. ) ;
#1514 = PLANE ( 'NONE',  #1292 ) ;
#1515 = ORIENTED_EDGE ( 'NONE', *, *, #98, .T. ) ;
#1516 = LINE ( 'NONE', #733, #1012 ) ;
#1517 = LINE ( 'NONE', #1414, #267 ) ;
#1518 = EDGE_LOOP ( 'NONE', ( #835, #1345, #751, #1576 ) ) ;
#1519 = CARTESIAN_POINT ( 'NONE',  ( 4.200000000000000178, -2.499999999999999112, 1.700000000000000178 ) ) ;
#1520 = SURFACE_STYLE_FILL_AREA ( #1646 ) ;
#1521 = VERTEX_POINT ( 'NONE', #1621 ) ;
#1522 = CARTESIAN_POINT ( 'NONE',  ( 2.449999999999999734, 2.000000000000000000, 4.299999999999999822 ) ) ;
#1523 = ORIENTED_EDGE ( 'NONE', *, *, #1162, .F. ) ;
#1524 = UNCERTAINTY_MEASURE_WITH_UNIT (LENGTH_MEASURE( 1.000000000000000082E-05 ), #601, 'distance_accuracy_value', 'NONE');
#1525 = PLANE ( 'NONE',  #1620 ) ;
#1526 = FACE_OUTER_BOUND ( 'NONE', #1631, .T. ) ;
#1527 = CARTESIAN_POINT ( 'NONE',  ( 3.899999999999999911, 6.200000000000001066, 1.500000000000000000 ) ) ;
#1528 = EDGE_CURVE ( 'NONE', #870, #837, #1492, .T. ) ;
#1529 = ORIENTED_EDGE ( 'NONE', *, *, #1654, .T. ) ;
#1530 = CARTESIAN_POINT ( 'NONE',  ( 0.4999999999999997780, 0.0000000000000000000, 4.799999999999999822 ) ) ;
#1531 = EDGE_LOOP ( 'NONE', ( #297, #75, #788, #1113 ) ) ;
#1532 = CARTESIAN_POINT ( 'NONE',  ( 4.400000000000000355, 4.500000000000000888, 4.299999999999999822 ) ) ;
#1533 = EDGE_CURVE ( 'NONE', #974, #911, #701, .T. ) ;
#1534 = CARTESIAN_POINT ( 'NONE',  ( 4.400000000000000355, 6.123233995736769734E-17, 4.299999999999999822 ) ) ;
#1535 = ORIENTED_EDGE ( 'NONE', *, *, #605, .F. ) ;
#1536 = CARTESIAN_POINT ( 'NONE',  ( 4.400000000000000355, 4.500000000000000888, 4.799999999999999822 ) ) ;
#1537 = AXIS2_PLACEMENT_3D ( 'NONE', #116, #81, #361 ) ;
#1538 = VECTOR ( 'NONE', #466, 1000.000000000000000 ) ;
#1539 = ORIENTED_EDGE ( 'NONE', *, *, #511, .F. ) ;
#1540 = CARTESIAN_POINT ( 'NONE',  ( 5.400000000000000355, 4.500000000000000888, 4.299999999999999822 ) ) ;
#1541 = VECTOR ( 'NONE', #1252, 1000.000000000000000 ) ;
#1542 = ORIENTED_EDGE ( 'NONE', *, *, #462, .F. ) ;
#1543 = CARTESIAN_POINT ( 'NONE',  ( 2.100000000000000089, 6.099999999999999645, 1.199999999999999956 ) ) ;
#1544 = LINE ( 'NONE', #1382, #961 ) ;
#1545 = VERTEX_POINT ( 'NONE', #1259 ) ;
#1546 = CARTESIAN_POINT ( 'NONE',  ( 4.099999999999999645, 6.099999999999999645, 1.199999999999999956 ) ) ;
#1547 = DIRECTION ( 'NONE',  ( 0.0000000000000000000, -0.0000000000000000000, 1.000000000000000000 ) ) ;
#1548 = DIRECTION ( 'NONE',  ( 0.0000000000000000000, 0.0000000000000000000, -1.000000000000000000 ) ) ;
#1549 = VERTEX_POINT ( 'NONE', #878 ) ;
#1550 = FACE_OUTER_BOUND ( 'NONE', #1716, .T. ) ;
#1551 = EDGE_CURVE ( 'NONE', #697, #1698, #726, .T. ) ;
#1552 = CARTESIAN_POINT ( 'NONE',  ( 0.2500000000000000000, 4.000000000000000000, 3.299999999999999822 ) ) ;
#1553 = DIRECTION ( 'NONE',  ( 0.5773502691896269523, 0.5773502691896245098, -0.5773502691896256200 ) ) ;
#1554 = VERTEX_POINT ( 'NONE', #191 ) ;
#1555 = PLANE ( 'NONE',  #1674 ) ;
#1556 = ORIENTED_EDGE ( 'NONE', *, *, #1172, .T. ) ;
#1557 = PLANE ( 'NONE',  #230 ) ;
#1558 = EDGE_LOOP ( 'NONE', ( #1004, #641, #1404, #119 ) ) ;
#1559 = DIRECTION ( 'NONE',  ( 0.7071067811865474617, -0.7071067811865474617, 0.0000000000000000000 ) ) ;
#1560 = EDGE_CURVE ( 'NONE', #697, #419, #1544, .T. ) ;
#1561 = CARTESIAN_POINT ( 'NONE',  ( 5.900000000000000355, 0.0000000000000000000, 2.799999999999999822 ) ) ;
#1562 = VECTOR ( 'NONE', #591, 1000.000000000000000 ) ;
#1563 = ORIENTED_EDGE ( 'NONE', *, *, #564, .F. ) ;
#1564 = DIRECTION ( 'NONE',  ( -0.0000000000000000000, 0.7071067811865470176, 0.7071067811865480168 ) ) ;
#1565 = VECTOR ( 'NONE', #941, 1000.000000000000000 ) ;
#1566 = EDGE_LOOP ( 'NONE', ( #445, #52, #477, #159 ) ) ;
#1567 = AXIS2_PLACEMENT_3D ( 'NONE', #451, #1658, #1548 ) ;
#1568 = LINE ( 'NONE', #376, #1094 ) ;
#1569 = AXIS2_PLACEMENT_3D ( 'NONE', #278, #1358, #807 ) ;
#1570 = ORIENTED_EDGE ( 'NONE', *, *, #564, .T. ) ;
#1571 = CARTESIAN_POINT ( 'NONE',  ( 2.950000000000000178, 6.000000000000000000, 2.399999999999999911 ) ) ;
#1572 = CARTESIAN_POINT ( 'NONE',  ( 1.699999999999999956, -2.700000000000000178, 1.199999999999999956 ) ) ;
#1573 = EDGE_CURVE ( 'NONE', #976, #542, #335, .T. ) ;
#1574 = ORIENTED_EDGE ( 'NONE', *, *, #1196, .F. ) ;
#1575 = CARTESIAN_POINT ( 'NONE',  ( 2.200000000000000178, -2.500000000000000000, 1.199999999999999956 ) ) ;
#1576 = ORIENTED_EDGE ( 'NONE', *, *, #756, .F. ) ;
#1577 = CARTESIAN_POINT ( 'NONE',  ( 0.0000000000000000000, 0.0000000000000000000, 3.799999999999999822 ) ) ;
#1578 = ORIENTED_EDGE ( 'NONE', *, *, #1435, .F. ) ;
#1579 = CARTESIAN_POINT ( 'NONE',  ( 1.800000000000000266, -2.600000000000000533, 1.199999999999999956 ) ) ;
#1580 = DIRECTION ( 'NONE',  ( 0.0000000000000000000, -0.0000000000000000000, -1.000000000000000000 ) ) ;
#1581 = EDGE_LOOP ( 'NONE', ( #1154, #136, #1496, #945 ) ) ;
#1582 = DIRECTION ( 'NONE',  ( 0.0000000000000000000, 1.000000000000000000, -0.0000000000000000000 ) ) ;
#1583 = EDGE_CURVE ( 'NONE', #484, #749, #317, .T. ) ;
#1584 = ORIENTED_EDGE ( 'NONE', *, *, #11, .T. ) ;
#1585 = DIRECTION ( 'NONE',  ( 0.0000000000000000000, -0.7071067811865480168, 0.7071067811865470176 ) ) ;
#1586 = PRODUCT_CONTEXT ( 'NONE', #676, 'mechanical' ) ;
#1587 = ORIENTED_EDGE ( 'NONE', *, *, #1583, .F. ) ;
#1588 = ADVANCED_FACE ( 'NONE', ( #200 ), #718, .T. ) ;
#1589 = PLANE ( 'NONE',  #1455 ) ;
#1590 = DIRECTION ( 'NONE',  ( -1.000000000000000000, 0.0000000000000000000, 0.0000000000000000000 ) ) ;
#1591 = LINE ( 'NONE', #689, #1671 ) ;
#1592 = VECTOR ( 'NONE', #287, 1000.000000000000000 ) ;
#1593 = ORIENTED_EDGE ( 'NONE', *, *, #337, .F. ) ;
#1594 = DIRECTION ( 'NONE',  ( 0.0000000000000000000, 0.7071067811865480168, -0.7071067811865470176 ) ) ;
#1595 = VECTOR ( 'NONE', #1665, 1000.000000000000000 ) ;
#1596 = VERTEX_POINT ( 'NONE', #744 ) ;
#1597 = CARTESIAN_POINT ( 'NONE',  ( 5.900000000000000355, 0.0000000000000000000, 4.799999999999999822 ) ) ;
#1598 = VECTOR ( 'NONE', #674, 1000.000000000000000 ) ;
#1599 = DIRECTION ( 'NONE',  ( 0.0000000000000000000, 0.0000000000000000000, 1.000000000000000000 ) ) ;
#1600 = CARTESIAN_POINT ( 'NONE',  ( 3.450000000000000178, 6.000000000000000000, 4.299999999999999822 ) ) ;
#1601 = ORIENTED_EDGE ( 'NONE', *, *, #532, .T. ) ;
#1602 = DIRECTION ( 'NONE',  ( -0.0000000000000000000, -0.0000000000000000000, -1.000000000000000000 ) ) ;
#1603 = ORIENTED_EDGE ( 'NONE', *, *, #11, .F. ) ;
#1604 = CARTESIAN_POINT ( 'NONE',  ( 2.950000000000000178, 0.0000000000000000000, 2.399999999999999911 ) ) ;
#1605 = CARTESIAN_POINT ( 'NONE',  ( 3.450000000000000178, 6.000000000000000000, 4.299999999999999822 ) ) ;
#1606 = ADVANCED_FACE ( 'NONE', ( #1129 ), #1142, .T. ) ;
#1607 = LINE ( 'NONE', #1351, #731 ) ;
#1608 = EDGE_CURVE ( 'NONE', #1512, #387, #1517, .T. ) ;
#1609 = EDGE_LOOP ( 'NONE', ( #761, #928, #1456, #1445 ) ) ;
#1610 = LINE ( 'NONE', #1632, #40 ) ;
#1611 = EDGE_LOOP ( 'NONE', ( #521, #1299, #1719, #1223 ) ) ;
#1612 = DIRECTION ( 'NONE',  ( 0.0000000000000000000, 0.0000000000000000000, 1.000000000000000000 ) ) ;
#1613 = CARTESIAN_POINT ( 'NONE',  ( 5.400000000000000355, 0.0000000000000000000, 2.399999999999999911 ) ) ;
#1614 = EDGE_CURVE ( 'NONE', #1193, #314, #1653, .T. ) ;
#1615 = CARTESIAN_POINT ( 'NONE',  ( 4.200000000000000178, -2.700000000000000178, 1.199999999999999956 ) ) ;
#1616 = ORIENTED_EDGE ( 'NONE', *, *, #115, .F. ) ;
#1617 = DIRECTION ( 'NONE',  ( 0.5773502691896250649, 0.5773502691896263972, 0.5773502691896257311 ) ) ;
#1618 = ORIENTED_EDGE ( 'NONE', *, *, #587, .F. ) ;
#1619 = DIRECTION ( 'NONE',  ( 0.0000000000000000000, 1.000000000000000000, -0.0000000000000000000 ) ) ;
#1620 = AXIS2_PLACEMENT_3D ( 'NONE', #334, #891, #619 ) ;
#1621 = CARTESIAN_POINT ( 'NONE',  ( 2.200000000000000622, -2.500000000000000444, 1.700000000000000178 ) ) ;
#1622 = VECTOR ( 'NONE', #1090, 1000.000000000000000 ) ;
#1623 = VECTOR ( 'NONE', #1326, 1000.000000000000000 ) ;
#1624 = DIRECTION ( 'NONE',  ( -0.5773502691896257311, 0.5773502691896257311, 0.5773502691896257311 ) ) ;
#1625 = ORIENTED_EDGE ( 'NONE', *, *, #745, .F. ) ;
#1626 = LINE ( 'NONE', #437, #1212 ) ;
#1627 = ORIENTED_EDGE ( 'NONE', *, *, #871, .T. ) ;
#1628 = CARTESIAN_POINT ( 'NONE',  ( 4.400000000000000355, 0.0000000000000000000, 4.799999999999999822 ) ) ;
#1629 = LINE ( 'NONE', #1080, #598 ) ;
#1630 = PLANE ( 'NONE',  #7 ) ;
#1631 = EDGE_LOOP ( 'NONE', ( #1360, #1503, #1311, #692, #879, #776, #357, #323, #1035, #570, #206, #1680, #830, #967, #377, #1272 ) ) ;
#1632 = CARTESIAN_POINT ( 'NONE',  ( 3.899999999999999911, -2.700000000000000178, 1.399999999999999911 ) ) ;
#1633 = ADVANCED_FACE ( 'NONE', ( #999 ), #1285, .F. ) ;
#1634 = ORIENTED_EDGE ( 'NONE', *, *, #369, .T. ) ;
#1635 = DIRECTION ( 'NONE',  ( -1.000000000000000000, 0.0000000000000000000, -0.0000000000000000000 ) ) ;
#1636 = ADVANCED_FACE ( 'NONE', ( #1526 ), #867, .T. ) ;
#1637 = DIRECTION ( 'NONE',  ( -0.0000000000000000000, -0.0000000000000000000, 1.000000000000000000 ) ) ;
#1638 = CARTESIAN_POINT ( 'NONE',  ( 1.949999999999999956, 6.000000000000000000, 1.699999999999999956 ) ) ;
#1639 = ORIENTED_EDGE ( 'NONE', *, *, #1046, .T. ) ;
#1640 = VERTEX_POINT ( 'NONE', #1276 ) ;
#1641 = FACE_OUTER_BOUND ( 'NONE', #602, .T. ) ;
#1642 = DIRECTION ( 'NONE',  ( 0.0000000000000000000, 0.0000000000000000000, 1.000000000000000000 ) ) ;
#1643 = VECTOR ( 'NONE', #712, 1000.000000000000000 ) ;
#1644 = VECTOR ( 'NONE', #885, 1000.000000000000000 ) ;
#1645 = VECTOR ( 'NONE', #953, 1000.000000000000000 ) ;
#1646 = FILL_AREA_STYLE ('',( #1119 ) ) ;
#1647 = AXIS2_PLACEMENT_3D ( 'NONE', #360, #1137, #494 ) ;
#1648 = ORIENTED_EDGE ( 'NONE', *, *, #1490, .F. ) ;
#1649 = MECHANICAL_DESIGN_GEOMETRIC_PRESENTATION_REPRESENTATION (  '', ( #766 ), #1128 ) ;
#1650 = DIRECTION ( 'NONE',  ( -0.0000000000000000000, 0.0000000000000000000, -1.000000000000000000 ) ) ;
#1651 = VERTEX_POINT ( 'NONE', #78 ) ;
#1652 = CARTESIAN_POINT ( 'NONE',  ( 4.200000000000000178, -2.500000000000000000, 1.199999999999999956 ) ) ;
#1653 = LINE ( 'NONE', #736, #1239 ) ;
#1654 = EDGE_CURVE ( 'NONE', #419, #60, #1661, .T. ) ;
#1655 = CARTESIAN_POINT ( 'NONE',  ( 4.000000000000000000, 6.200000000000000178, 1.400000000000000355 ) ) ;
#1656 = ADVANCED_FACE ( 'NONE', ( #604 ), #991, .F. ) ;
#1657 = ORIENTED_EDGE ( 'NONE', *, *, #140, .F. ) ;
#1658 = DIRECTION ( 'NONE',  ( 1.000000000000000000, -0.0000000000000000000, 0.0000000000000000000 ) ) ;
#1659 = ORIENTED_EDGE ( 'NONE', *, *, #724, .F. ) ;
#1660 = DIRECTION ( 'NONE',  ( 0.0000000000000000000, 1.000000000000000000, 0.0000000000000000000 ) ) ;
#1661 = LINE ( 'NONE', #621, #710 ) ;
#1662 = LINE ( 'NONE', #1027, #572 ) ;
#1663 = EDGE_CURVE ( 'NONE', #276, #45, #1153, .T. ) ;
#1664 = ORIENTED_EDGE ( 'NONE', *, *, #43, .T. ) ;
#1665 = DIRECTION ( 'NONE',  ( 0.0000000000000000000, -0.0000000000000000000, -1.000000000000000000 ) ) ;
#1666 = EDGE_CURVE ( 'NONE', #261, #419, #1015, .T. ) ;
#1667 = ORIENTED_EDGE ( 'NONE', *, *, #320, .F. ) ;
#1668 = LINE ( 'NONE', #480, #1644 ) ;
#1669 = DIRECTION ( 'NONE',  ( -1.000000000000000000, 0.0000000000000000000, 2.220446049250320181E-15 ) ) ;
#1670 = ORIENTED_EDGE ( 'NONE', *, *, #492, .F. ) ;
#1671 = VECTOR ( 'NONE', #540, 1000.000000000000000 ) ;
#1672 = CARTESIAN_POINT ( 'NONE',  ( 0.4999999999999990563, 6.000000000000000000, 3.799999999999999822 ) ) ;
#1673 = AXIS2_PLACEMENT_3D ( 'NONE', #700, #686, #1612 ) ;
#1674 = AXIS2_PLACEMENT_3D ( 'NONE', #1036, #599, #614 ) ;
#1675 = CARTESIAN_POINT ( 'NONE',  ( 3.950000000000000178, 1.750000000000000000, 1.199999999999999956 ) ) ;
#1676 = DIRECTION ( 'NONE',  ( 0.0000000000000000000, -0.7071067811865470176, 0.7071067811865480168 ) ) ;
#1677 = VECTOR ( 'NONE', #1444, 1000.000000000000000 ) ;
#1678 = EDGE_CURVE ( 'NONE', #645, #307, #448, .T. ) ;
#1679 = VECTOR ( 'NONE', #949, 1000.000000000000000 ) ;
#1680 = ORIENTED_EDGE ( 'NONE', *, *, #65, .T. ) ;
#1681 = DIRECTION ( 'NONE',  ( 0.7071067811865475727, 0.7071067811865475727, 0.0000000000000000000 ) ) ;
#1682 = SURFACE_STYLE_USAGE ( .BOTH. , #1711 ) ;
#1683 = VERTEX_POINT ( 'NONE', #456 ) ;
#1684 = DIRECTION ( 'NONE',  ( 0.0000000000000000000, -1.000000000000000000, 0.0000000000000000000 ) ) ;
#1685 = LINE ( 'NONE', #486, #400 ) ;
#1686 = VERTEX_POINT ( 'NONE', #1691 ) ;
#1687 = CARTESIAN_POINT ( 'NONE',  ( 4.075000000000000178, 6.099999999999999645, 1.600000000000000089 ) ) ;
#1688 = EDGE_LOOP ( 'NONE', ( #526, #1584, #1487, #721 ) ) ;
#1689 = CARTESIAN_POINT ( 'NONE',  ( 1.500000000000000000, 4.500000000000000888, 4.299999999999999822 ) ) ;
#1690 = EDGE_CURVE ( 'NONE', #1521, #276, #1454, .T. ) ;
#1691 = CARTESIAN_POINT ( 'NONE',  ( 5.900000000000000355, 0.0000000000000000000, 0.0000000000000000000 ) ) ;
#1692 = VERTEX_POINT ( 'NONE', #225 ) ;
#1693 = CARTESIAN_POINT ( 'NONE',  ( 1.700000000000000622, 6.000000000000000000, 1.700000000000000178 ) ) ;
#1694 = EDGE_CURVE ( 'NONE', #837, #1554, #386, .T. ) ;
#1695 = DIRECTION ( 'NONE',  ( 0.7071067811865474617, 0.7071067811865474617, 0.0000000000000000000 ) ) ;
#1696 = ORIENTED_EDGE ( 'NONE', *, *, #505, .F. ) ;
#1697 = CARTESIAN_POINT ( 'NONE',  ( 3.450000000000000178, 6.000000000000000000, 4.299999999999999822 ) ) ;
#1698 = VERTEX_POINT ( 'NONE', #247 ) ;
#1699 = PLANE ( 'NONE',  #455 ) ;
#1700 = PRESENTATION_STYLE_ASSIGNMENT (( #1682 ) ) ;
#1701 = ORIENTED_EDGE ( 'NONE', *, *, #302, .T. ) ;
#1702 = DIRECTION ( 'NONE',  ( -1.000000000000000000, -0.0000000000000000000, 0.0000000000000000000 ) ) ;
#1703 = DIRECTION ( 'NONE',  ( 1.000000000000000000, 0.0000000000000000000, 0.0000000000000000000 ) ) ;
#1704 = EDGE_CURVE ( 'NONE', #837, #713, #1331, .T. ) ;
#1705 = DIRECTION ( 'NONE',  ( 0.0000000000000000000, -0.0000000000000000000, 1.000000000000000000 ) ) ;
#1706 = DIRECTION ( 'NONE',  ( 0.0000000000000000000, 1.000000000000000000, 0.0000000000000000000 ) ) ;
#1707 = VECTOR ( 'NONE', #1022, 1000.000000000000000 ) ;
#1708 = ORIENTED_EDGE ( 'NONE', *, *, #1573, .F. ) ;
#1709 = MECHANICAL_DESIGN_GEOMETRIC_PRESENTATION_REPRESENTATION (  '', ( #145 ), #959 ) ;
#1710 = LINE ( 'NONE', #1067, #1040 ) ;
#1711 = SURFACE_SIDE_STYLE ('',( #787 ) ) ;
#1712 = ORIENTED_EDGE ( 'NONE', *, *, #1101, .F. ) ;
#1713 = LINE ( 'NONE', #1441, #202 ) ;
#1714 = LINE ( 'NONE', #396, #173 ) ;
#1715 = EDGE_CURVE ( 'NONE', #363, #276, #1314, .T. ) ;
#1716 = EDGE_LOOP ( 'NONE', ( #632, #1708, #1083, #1603 ) ) ;
#1717 = LINE ( 'NONE', #777, #569 ) ;
#1718 = EDGE_CURVE ( 'NONE', #305, #1305, #237, .T. ) ;
#1719 = ORIENTED_EDGE ( 'NONE', *, *, #476, .F. ) ;
#1720 = DIRECTION ( 'NONE',  ( -0.0000000000000000000, 1.000000000000000000, 0.0000000000000000000 ) ) ;
#1721 = DIRECTION ( 'NONE',  ( -1.000000000000000000, -0.0000000000000000000, -0.0000000000000000000 ) ) ;
#1722 = ORIENTED_EDGE ( 'NONE', *, *, #1151, .F. ) ;
#1723 = LINE ( 'NONE', #790, #1623 ) ;
#1724 = LINE ( 'NONE', #139, #872 ) ;
ENDSEC;
END-ISO-10303-21;
