ISO-10303-21;
HEADER;
/* Generated by software containing ST-Developer
 * from STEP Tools, Inc. (www.steptools.com) 
 */
/* OPTION: using custom renumber hook */

FILE_DESCRIPTION(
/* description */ ('STEP AP214'),
/* implementation_level */ '2;1');

FILE_NAME(
/* name */ 'ZF5S-06-01-T-WT',
/* time_stamp */ '2025-02-25T10:44:37+01:00',
/* author */ ('License CC BY-ND 4.0'),
/* organization */ ('CADENAS'),
/* preprocessor_version */ 'ST-DEVELOPER v19.3',
/* originating_system */ 'PARTsolutions',
/* authorisation */ '  ');

FILE_SCHEMA (('AUTOMOTIVE_DESIGN {1 0 10303 214 3 1 1}'));
ENDSEC;

DATA;
#10=PROPERTY_DEFINITION_REPRESENTATION(#14,#12);
#11=PROPERTY_DEFINITION_REPRESENTATION(#15,#13);
#12=REPRESENTATION('',(#16),#9604);
#13=REPRESENTATION('',(#17),#9604);
#14=PROPERTY_DEFINITION('pmi validation property','',#9613);
#15=PROPERTY_DEFINITION('pmi validation property','',#9613);
#16=VALUE_REPRESENTATION_ITEM('number of annotations',COUNT_MEASURE(0.));
#17=VALUE_REPRESENTATION_ITEM('number of views',COUNT_MEASURE(0.));
#18=CONTEXT_DEPENDENT_SHAPE_REPRESENTATION(#22,#9615);
#19=CONTEXT_DEPENDENT_SHAPE_REPRESENTATION(#23,#9617);
#20=NEXT_ASSEMBLY_USAGE_OCCURRENCE('NAUO1','ZF5S-06-01-WT_socket',
'ZF5S-06-01-WT_socket',#9618,#9619,'');
#21=NEXT_ASSEMBLY_USAGE_OCCURRENCE('NAUO2','C-297-06-01_pins',
'C-297-06-01_pins',#9618,#9620,'');
#22=(
REPRESENTATION_RELATIONSHIP(' ',' ',#6391,#6390)
REPRESENTATION_RELATIONSHIP_WITH_TRANSFORMATION(#24)
SHAPE_REPRESENTATION_RELATIONSHIP()
);
#23=(
REPRESENTATION_RELATIONSHIP(' ',' ',#6392,#6390)
REPRESENTATION_RELATIONSHIP_WITH_TRANSFORMATION(#25)
SHAPE_REPRESENTATION_RELATIONSHIP()
);
#24=ITEM_DEFINED_TRANSFORMATION(' ',' ',#6393,#6533);
#25=ITEM_DEFINED_TRANSFORMATION(' ',' ',#6393,#6700);
#26=SHAPE_REPRESENTATION_RELATIONSHIP('','',#6391,#28);
#27=SHAPE_REPRESENTATION_RELATIONSHIP('','',#6392,#29);
#28=ADVANCED_BREP_SHAPE_REPRESENTATION('',(#6385),#9605);
#29=ADVANCED_BREP_SHAPE_REPRESENTATION('',(#6386),#9606);
#30=CYLINDRICAL_SURFACE('',#6439,0.499999999999998);
#31=CYLINDRICAL_SURFACE('',#6441,0.499999999999998);
#32=CYLINDRICAL_SURFACE('',#6558,0.0999999999999988);
#33=CYLINDRICAL_SURFACE('',#6561,0.0999999999999988);
#34=CYLINDRICAL_SURFACE('',#6564,0.0999999999999988);
#35=CYLINDRICAL_SURFACE('',#6567,0.0999999999999988);
#36=CYLINDRICAL_SURFACE('',#6570,0.0999999999999988);
#37=CYLINDRICAL_SURFACE('',#6573,0.0999999999999988);
#38=CYLINDRICAL_SURFACE('',#6594,0.0999999999999951);
#39=CYLINDRICAL_SURFACE('',#6597,0.0999999999999951);
#40=CYLINDRICAL_SURFACE('',#6600,0.0999999999999951);
#41=CYLINDRICAL_SURFACE('',#6603,0.0999999999999951);
#42=CYLINDRICAL_SURFACE('',#6606,0.0999999999999951);
#43=CYLINDRICAL_SURFACE('',#6609,0.0999999999999951);
#44=CYLINDRICAL_SURFACE('',#6624,0.0999999999999994);
#45=CYLINDRICAL_SURFACE('',#6627,0.0999999999999994);
#46=CYLINDRICAL_SURFACE('',#6630,0.0999999999999994);
#47=CYLINDRICAL_SURFACE('',#6633,0.0999999999999994);
#48=CYLINDRICAL_SURFACE('',#6636,0.0999999999999994);
#49=CYLINDRICAL_SURFACE('',#6639,0.0999999999999994);
#50=CIRCLE('',#6433,0.499999999999998);
#51=CIRCLE('',#6435,0.499999999999998);
#52=CIRCLE('',#6440,0.499999999999998);
#53=CIRCLE('',#6442,0.499999999999998);
#54=CIRCLE('',#6559,0.0999999999999988);
#55=CIRCLE('',#6560,0.0999999999999988);
#56=CIRCLE('',#6562,0.0999999999999988);
#57=CIRCLE('',#6563,0.0999999999999988);
#58=CIRCLE('',#6565,0.0999999999999988);
#59=CIRCLE('',#6566,0.0999999999999988);
#60=CIRCLE('',#6568,0.0999999999999988);
#61=CIRCLE('',#6569,0.0999999999999988);
#62=CIRCLE('',#6571,0.0999999999999988);
#63=CIRCLE('',#6572,0.0999999999999988);
#64=CIRCLE('',#6574,0.0999999999999988);
#65=CIRCLE('',#6575,0.0999999999999988);
#66=CIRCLE('',#6595,0.0999999999999951);
#67=CIRCLE('',#6596,0.0999999999999951);
#68=CIRCLE('',#6598,0.0999999999999951);
#69=CIRCLE('',#6599,0.0999999999999951);
#70=CIRCLE('',#6601,0.0999999999999951);
#71=CIRCLE('',#6602,0.0999999999999951);
#72=CIRCLE('',#6604,0.0999999999999951);
#73=CIRCLE('',#6605,0.0999999999999951);
#74=CIRCLE('',#6607,0.0999999999999951);
#75=CIRCLE('',#6608,0.0999999999999951);
#76=CIRCLE('',#6610,0.0999999999999951);
#77=CIRCLE('',#6611,0.0999999999999951);
#78=CIRCLE('',#6625,0.0999999999999994);
#79=CIRCLE('',#6626,0.0999999999999994);
#80=CIRCLE('',#6628,0.0999999999999994);
#81=CIRCLE('',#6629,0.0999999999999994);
#82=CIRCLE('',#6631,0.0999999999999994);
#83=CIRCLE('',#6632,0.0999999999999994);
#84=CIRCLE('',#6634,0.0999999999999994);
#85=CIRCLE('',#6635,0.0999999999999994);
#86=CIRCLE('',#6637,0.0999999999999994);
#87=CIRCLE('',#6638,0.0999999999999994);
#88=CIRCLE('',#6640,0.0999999999999994);
#89=CIRCLE('',#6641,0.0999999999999994);
#90=ORIENTED_EDGE('',*,*,#1636,.T.);
#91=ORIENTED_EDGE('',*,*,#1637,.T.);
#92=ORIENTED_EDGE('',*,*,#1638,.F.);
#93=ORIENTED_EDGE('',*,*,#1639,.F.);
#94=ORIENTED_EDGE('',*,*,#1640,.F.);
#95=ORIENTED_EDGE('',*,*,#1641,.T.);
#96=ORIENTED_EDGE('',*,*,#1642,.T.);
#97=ORIENTED_EDGE('',*,*,#1643,.T.);
#98=ORIENTED_EDGE('',*,*,#1644,.F.);
#99=ORIENTED_EDGE('',*,*,#1645,.T.);
#100=ORIENTED_EDGE('',*,*,#1646,.T.);
#101=ORIENTED_EDGE('',*,*,#1647,.T.);
#102=ORIENTED_EDGE('',*,*,#1648,.F.);
#103=ORIENTED_EDGE('',*,*,#1649,.T.);
#104=ORIENTED_EDGE('',*,*,#1650,.T.);
#105=ORIENTED_EDGE('',*,*,#1651,.T.);
#106=ORIENTED_EDGE('',*,*,#1652,.F.);
#107=ORIENTED_EDGE('',*,*,#1653,.T.);
#108=ORIENTED_EDGE('',*,*,#1654,.T.);
#109=ORIENTED_EDGE('',*,*,#1655,.T.);
#110=ORIENTED_EDGE('',*,*,#1656,.F.);
#111=ORIENTED_EDGE('',*,*,#1657,.T.);
#112=ORIENTED_EDGE('',*,*,#1658,.T.);
#113=ORIENTED_EDGE('',*,*,#1659,.T.);
#114=ORIENTED_EDGE('',*,*,#1660,.F.);
#115=ORIENTED_EDGE('',*,*,#1661,.F.);
#116=ORIENTED_EDGE('',*,*,#1662,.F.);
#117=ORIENTED_EDGE('',*,*,#1663,.F.);
#118=ORIENTED_EDGE('',*,*,#1664,.F.);
#119=ORIENTED_EDGE('',*,*,#1665,.F.);
#120=ORIENTED_EDGE('',*,*,#1666,.F.);
#121=ORIENTED_EDGE('',*,*,#1667,.F.);
#122=ORIENTED_EDGE('',*,*,#1668,.F.);
#123=ORIENTED_EDGE('',*,*,#1669,.F.);
#124=ORIENTED_EDGE('',*,*,#1670,.F.);
#125=ORIENTED_EDGE('',*,*,#1671,.F.);
#126=ORIENTED_EDGE('',*,*,#1672,.F.);
#127=ORIENTED_EDGE('',*,*,#1673,.F.);
#128=ORIENTED_EDGE('',*,*,#1674,.F.);
#129=ORIENTED_EDGE('',*,*,#1675,.F.);
#130=ORIENTED_EDGE('',*,*,#1676,.F.);
#131=ORIENTED_EDGE('',*,*,#1677,.F.);
#132=ORIENTED_EDGE('',*,*,#1678,.F.);
#133=ORIENTED_EDGE('',*,*,#1679,.F.);
#134=ORIENTED_EDGE('',*,*,#1680,.F.);
#135=ORIENTED_EDGE('',*,*,#1681,.F.);
#136=ORIENTED_EDGE('',*,*,#1682,.F.);
#137=ORIENTED_EDGE('',*,*,#1683,.F.);
#138=ORIENTED_EDGE('',*,*,#1684,.F.);
#139=ORIENTED_EDGE('',*,*,#1685,.F.);
#140=ORIENTED_EDGE('',*,*,#1686,.F.);
#141=ORIENTED_EDGE('',*,*,#1687,.F.);
#142=ORIENTED_EDGE('',*,*,#1688,.F.);
#143=ORIENTED_EDGE('',*,*,#1689,.F.);
#144=ORIENTED_EDGE('',*,*,#1690,.F.);
#145=ORIENTED_EDGE('',*,*,#1691,.F.);
#146=ORIENTED_EDGE('',*,*,#1692,.F.);
#147=ORIENTED_EDGE('',*,*,#1693,.F.);
#148=ORIENTED_EDGE('',*,*,#1694,.F.);
#149=ORIENTED_EDGE('',*,*,#1695,.T.);
#150=ORIENTED_EDGE('',*,*,#1696,.T.);
#151=ORIENTED_EDGE('',*,*,#1661,.T.);
#152=ORIENTED_EDGE('',*,*,#1697,.F.);
#153=ORIENTED_EDGE('',*,*,#1667,.T.);
#154=ORIENTED_EDGE('',*,*,#1698,.F.);
#155=ORIENTED_EDGE('',*,*,#1699,.T.);
#156=ORIENTED_EDGE('',*,*,#1700,.F.);
#157=ORIENTED_EDGE('',*,*,#1671,.T.);
#158=ORIENTED_EDGE('',*,*,#1701,.F.);
#159=ORIENTED_EDGE('',*,*,#1702,.T.);
#160=ORIENTED_EDGE('',*,*,#1703,.F.);
#161=ORIENTED_EDGE('',*,*,#1675,.T.);
#162=ORIENTED_EDGE('',*,*,#1704,.F.);
#163=ORIENTED_EDGE('',*,*,#1705,.T.);
#164=ORIENTED_EDGE('',*,*,#1706,.F.);
#165=ORIENTED_EDGE('',*,*,#1679,.T.);
#166=ORIENTED_EDGE('',*,*,#1707,.F.);
#167=ORIENTED_EDGE('',*,*,#1708,.T.);
#168=ORIENTED_EDGE('',*,*,#1709,.F.);
#169=ORIENTED_EDGE('',*,*,#1683,.T.);
#170=ORIENTED_EDGE('',*,*,#1710,.F.);
#171=ORIENTED_EDGE('',*,*,#1711,.T.);
#172=ORIENTED_EDGE('',*,*,#1712,.F.);
#173=ORIENTED_EDGE('',*,*,#1687,.T.);
#174=ORIENTED_EDGE('',*,*,#1713,.F.);
#175=ORIENTED_EDGE('',*,*,#1714,.T.);
#176=ORIENTED_EDGE('',*,*,#1715,.F.);
#177=ORIENTED_EDGE('',*,*,#1716,.T.);
#178=ORIENTED_EDGE('',*,*,#1717,.T.);
#179=ORIENTED_EDGE('',*,*,#1699,.F.);
#180=ORIENTED_EDGE('',*,*,#1718,.F.);
#181=ORIENTED_EDGE('',*,*,#1719,.T.);
#182=ORIENTED_EDGE('',*,*,#1720,.T.);
#183=ORIENTED_EDGE('',*,*,#1702,.F.);
#184=ORIENTED_EDGE('',*,*,#1721,.F.);
#185=ORIENTED_EDGE('',*,*,#1722,.T.);
#186=ORIENTED_EDGE('',*,*,#1723,.T.);
#187=ORIENTED_EDGE('',*,*,#1705,.F.);
#188=ORIENTED_EDGE('',*,*,#1724,.F.);
#189=ORIENTED_EDGE('',*,*,#1725,.T.);
#190=ORIENTED_EDGE('',*,*,#1726,.T.);
#191=ORIENTED_EDGE('',*,*,#1708,.F.);
#192=ORIENTED_EDGE('',*,*,#1727,.F.);
#193=ORIENTED_EDGE('',*,*,#1728,.T.);
#194=ORIENTED_EDGE('',*,*,#1729,.T.);
#195=ORIENTED_EDGE('',*,*,#1711,.F.);
#196=ORIENTED_EDGE('',*,*,#1730,.F.);
#197=ORIENTED_EDGE('',*,*,#1731,.T.);
#198=ORIENTED_EDGE('',*,*,#1732,.T.);
#199=ORIENTED_EDGE('',*,*,#1714,.F.);
#200=ORIENTED_EDGE('',*,*,#1733,.F.);
#201=ORIENTED_EDGE('',*,*,#1734,.T.);
#202=ORIENTED_EDGE('',*,*,#1735,.T.);
#203=ORIENTED_EDGE('',*,*,#1695,.F.);
#204=ORIENTED_EDGE('',*,*,#1736,.F.);
#205=ORIENTED_EDGE('',*,*,#1737,.F.);
#206=ORIENTED_EDGE('',*,*,#1738,.T.);
#207=ORIENTED_EDGE('',*,*,#1739,.T.);
#208=ORIENTED_EDGE('',*,*,#1740,.F.);
#209=ORIENTED_EDGE('',*,*,#1741,.F.);
#210=ORIENTED_EDGE('',*,*,#1742,.T.);
#211=ORIENTED_EDGE('',*,*,#1743,.T.);
#212=ORIENTED_EDGE('',*,*,#1744,.F.);
#213=ORIENTED_EDGE('',*,*,#1745,.F.);
#214=ORIENTED_EDGE('',*,*,#1746,.T.);
#215=ORIENTED_EDGE('',*,*,#1747,.T.);
#216=ORIENTED_EDGE('',*,*,#1748,.F.);
#217=ORIENTED_EDGE('',*,*,#1749,.F.);
#218=ORIENTED_EDGE('',*,*,#1750,.T.);
#219=ORIENTED_EDGE('',*,*,#1751,.T.);
#220=ORIENTED_EDGE('',*,*,#1752,.F.);
#221=ORIENTED_EDGE('',*,*,#1753,.F.);
#222=ORIENTED_EDGE('',*,*,#1754,.T.);
#223=ORIENTED_EDGE('',*,*,#1755,.T.);
#224=ORIENTED_EDGE('',*,*,#1756,.F.);
#225=ORIENTED_EDGE('',*,*,#1757,.F.);
#226=ORIENTED_EDGE('',*,*,#1758,.T.);
#227=ORIENTED_EDGE('',*,*,#1759,.T.);
#228=ORIENTED_EDGE('',*,*,#1760,.F.);
#229=ORIENTED_EDGE('',*,*,#1666,.T.);
#230=ORIENTED_EDGE('',*,*,#1761,.F.);
#231=ORIENTED_EDGE('',*,*,#1762,.F.);
#232=ORIENTED_EDGE('',*,*,#1763,.F.);
#233=ORIENTED_EDGE('',*,*,#1764,.F.);
#234=ORIENTED_EDGE('',*,*,#1765,.F.);
#235=ORIENTED_EDGE('',*,*,#1669,.T.);
#236=ORIENTED_EDGE('',*,*,#1766,.F.);
#237=ORIENTED_EDGE('',*,*,#1767,.F.);
#238=ORIENTED_EDGE('',*,*,#1768,.F.);
#239=ORIENTED_EDGE('',*,*,#1673,.T.);
#240=ORIENTED_EDGE('',*,*,#1769,.F.);
#241=ORIENTED_EDGE('',*,*,#1770,.F.);
#242=ORIENTED_EDGE('',*,*,#1771,.F.);
#243=ORIENTED_EDGE('',*,*,#1677,.T.);
#244=ORIENTED_EDGE('',*,*,#1772,.F.);
#245=ORIENTED_EDGE('',*,*,#1773,.F.);
#246=ORIENTED_EDGE('',*,*,#1774,.F.);
#247=ORIENTED_EDGE('',*,*,#1681,.T.);
#248=ORIENTED_EDGE('',*,*,#1775,.F.);
#249=ORIENTED_EDGE('',*,*,#1776,.F.);
#250=ORIENTED_EDGE('',*,*,#1777,.F.);
#251=ORIENTED_EDGE('',*,*,#1685,.T.);
#252=ORIENTED_EDGE('',*,*,#1778,.F.);
#253=ORIENTED_EDGE('',*,*,#1779,.F.);
#254=ORIENTED_EDGE('',*,*,#1780,.T.);
#255=ORIENTED_EDGE('',*,*,#1689,.T.);
#256=ORIENTED_EDGE('',*,*,#1781,.F.);
#257=ORIENTED_EDGE('',*,*,#1782,.T.);
#258=ORIENTED_EDGE('',*,*,#1762,.T.);
#259=ORIENTED_EDGE('',*,*,#1783,.T.);
#260=ORIENTED_EDGE('',*,*,#1784,.T.);
#261=ORIENTED_EDGE('',*,*,#1785,.T.);
#262=ORIENTED_EDGE('',*,*,#1779,.T.);
#263=ORIENTED_EDGE('',*,*,#1786,.T.);
#264=ORIENTED_EDGE('',*,*,#1787,.F.);
#265=ORIENTED_EDGE('',*,*,#1788,.T.);
#266=ORIENTED_EDGE('',*,*,#1776,.T.);
#267=ORIENTED_EDGE('',*,*,#1789,.T.);
#268=ORIENTED_EDGE('',*,*,#1790,.F.);
#269=ORIENTED_EDGE('',*,*,#1791,.T.);
#270=ORIENTED_EDGE('',*,*,#1773,.T.);
#271=ORIENTED_EDGE('',*,*,#1792,.T.);
#272=ORIENTED_EDGE('',*,*,#1793,.F.);
#273=ORIENTED_EDGE('',*,*,#1794,.T.);
#274=ORIENTED_EDGE('',*,*,#1770,.T.);
#275=ORIENTED_EDGE('',*,*,#1795,.T.);
#276=ORIENTED_EDGE('',*,*,#1796,.F.);
#277=ORIENTED_EDGE('',*,*,#1797,.T.);
#278=ORIENTED_EDGE('',*,*,#1767,.T.);
#279=ORIENTED_EDGE('',*,*,#1798,.T.);
#280=ORIENTED_EDGE('',*,*,#1799,.F.);
#281=ORIENTED_EDGE('',*,*,#1800,.T.);
#282=ORIENTED_EDGE('',*,*,#1764,.T.);
#283=ORIENTED_EDGE('',*,*,#1801,.T.);
#284=ORIENTED_EDGE('',*,*,#1802,.F.);
#285=ORIENTED_EDGE('',*,*,#1691,.T.);
#286=ORIENTED_EDGE('',*,*,#1803,.T.);
#287=ORIENTED_EDGE('',*,*,#1804,.T.);
#288=ORIENTED_EDGE('',*,*,#1805,.F.);
#289=ORIENTED_EDGE('',*,*,#1806,.T.);
#290=ORIENTED_EDGE('',*,*,#1807,.F.);
#291=ORIENTED_EDGE('',*,*,#1664,.T.);
#292=ORIENTED_EDGE('',*,*,#1808,.F.);
#293=ORIENTED_EDGE('',*,*,#1809,.T.);
#294=ORIENTED_EDGE('',*,*,#1810,.T.);
#295=ORIENTED_EDGE('',*,*,#1811,.T.);
#296=ORIENTED_EDGE('',*,*,#1812,.F.);
#297=ORIENTED_EDGE('',*,*,#1813,.F.);
#298=ORIENTED_EDGE('',*,*,#1814,.T.);
#299=ORIENTED_EDGE('',*,*,#1815,.T.);
#300=ORIENTED_EDGE('',*,*,#1816,.T.);
#301=ORIENTED_EDGE('',*,*,#1817,.T.);
#302=ORIENTED_EDGE('',*,*,#1818,.T.);
#303=ORIENTED_EDGE('',*,*,#1804,.F.);
#304=ORIENTED_EDGE('',*,*,#1819,.F.);
#305=ORIENTED_EDGE('',*,*,#1820,.F.);
#306=ORIENTED_EDGE('',*,*,#1821,.F.);
#307=ORIENTED_EDGE('',*,*,#1822,.F.);
#308=ORIENTED_EDGE('',*,*,#1811,.F.);
#309=ORIENTED_EDGE('',*,*,#1823,.T.);
#310=ORIENTED_EDGE('',*,*,#1815,.F.);
#311=ORIENTED_EDGE('',*,*,#1824,.F.);
#312=ORIENTED_EDGE('',*,*,#1825,.F.);
#313=ORIENTED_EDGE('',*,*,#1826,.F.);
#314=ORIENTED_EDGE('',*,*,#1827,.F.);
#315=ORIENTED_EDGE('',*,*,#1806,.F.);
#316=ORIENTED_EDGE('',*,*,#1828,.T.);
#317=ORIENTED_EDGE('',*,*,#1829,.T.);
#318=ORIENTED_EDGE('',*,*,#1830,.T.);
#319=ORIENTED_EDGE('',*,*,#1784,.F.);
#320=ORIENTED_EDGE('',*,*,#1831,.F.);
#321=ORIENTED_EDGE('',*,*,#1832,.F.);
#322=ORIENTED_EDGE('',*,*,#1833,.F.);
#323=ORIENTED_EDGE('',*,*,#1834,.F.);
#324=ORIENTED_EDGE('',*,*,#1835,.T.);
#325=ORIENTED_EDGE('',*,*,#1820,.T.);
#326=ORIENTED_EDGE('',*,*,#1825,.T.);
#327=ORIENTED_EDGE('',*,*,#1836,.F.);
#328=ORIENTED_EDGE('',*,*,#1837,.F.);
#329=ORIENTED_EDGE('',*,*,#1838,.T.);
#330=ORIENTED_EDGE('',*,*,#1824,.T.);
#331=ORIENTED_EDGE('',*,*,#1814,.F.);
#332=ORIENTED_EDGE('',*,*,#1839,.F.);
#333=ORIENTED_EDGE('',*,*,#1836,.T.);
#334=ORIENTED_EDGE('',*,*,#1822,.T.);
#335=ORIENTED_EDGE('',*,*,#1840,.F.);
#336=ORIENTED_EDGE('',*,*,#1841,.F.);
#337=ORIENTED_EDGE('',*,*,#1812,.T.);
#338=ORIENTED_EDGE('',*,*,#1821,.T.);
#339=ORIENTED_EDGE('',*,*,#1835,.F.);
#340=ORIENTED_EDGE('',*,*,#1842,.F.);
#341=ORIENTED_EDGE('',*,*,#1840,.T.);
#342=ORIENTED_EDGE('',*,*,#1843,.F.);
#343=ORIENTED_EDGE('',*,*,#1844,.T.);
#344=ORIENTED_EDGE('',*,*,#1826,.T.);
#345=ORIENTED_EDGE('',*,*,#1838,.F.);
#346=ORIENTED_EDGE('',*,*,#1837,.T.);
#347=ORIENTED_EDGE('',*,*,#1839,.T.);
#348=ORIENTED_EDGE('',*,*,#1813,.T.);
#349=ORIENTED_EDGE('',*,*,#1841,.T.);
#350=ORIENTED_EDGE('',*,*,#1842,.T.);
#351=ORIENTED_EDGE('',*,*,#1834,.T.);
#352=ORIENTED_EDGE('',*,*,#1845,.T.);
#353=ORIENTED_EDGE('',*,*,#1832,.T.);
#354=ORIENTED_EDGE('',*,*,#1846,.T.);
#355=ORIENTED_EDGE('',*,*,#1843,.T.);
#356=ORIENTED_EDGE('',*,*,#1847,.F.);
#357=ORIENTED_EDGE('',*,*,#1827,.T.);
#358=ORIENTED_EDGE('',*,*,#1848,.T.);
#359=ORIENTED_EDGE('',*,*,#1849,.T.);
#360=ORIENTED_EDGE('',*,*,#1850,.T.);
#361=ORIENTED_EDGE('',*,*,#1851,.F.);
#362=ORIENTED_EDGE('',*,*,#1852,.F.);
#363=ORIENTED_EDGE('',*,*,#1853,.T.);
#364=ORIENTED_EDGE('',*,*,#1854,.T.);
#365=ORIENTED_EDGE('',*,*,#1848,.F.);
#366=ORIENTED_EDGE('',*,*,#1844,.F.);
#367=ORIENTED_EDGE('',*,*,#1855,.F.);
#368=ORIENTED_EDGE('',*,*,#1856,.F.);
#369=ORIENTED_EDGE('',*,*,#1851,.T.);
#370=ORIENTED_EDGE('',*,*,#1846,.F.);
#371=ORIENTED_EDGE('',*,*,#1857,.F.);
#372=ORIENTED_EDGE('',*,*,#1858,.F.);
#373=ORIENTED_EDGE('',*,*,#1855,.T.);
#374=ORIENTED_EDGE('',*,*,#1831,.T.);
#375=ORIENTED_EDGE('',*,*,#1783,.F.);
#376=ORIENTED_EDGE('',*,*,#1761,.T.);
#377=ORIENTED_EDGE('',*,*,#1665,.T.);
#378=ORIENTED_EDGE('',*,*,#1807,.T.);
#379=ORIENTED_EDGE('',*,*,#1847,.T.);
#380=ORIENTED_EDGE('',*,*,#1859,.T.);
#381=ORIENTED_EDGE('',*,*,#1853,.F.);
#382=ORIENTED_EDGE('',*,*,#1860,.F.);
#383=ORIENTED_EDGE('',*,*,#1857,.T.);
#384=ORIENTED_EDGE('',*,*,#1852,.T.);
#385=ORIENTED_EDGE('',*,*,#1856,.T.);
#386=ORIENTED_EDGE('',*,*,#1858,.T.);
#387=ORIENTED_EDGE('',*,*,#1860,.T.);
#388=ORIENTED_EDGE('',*,*,#1850,.F.);
#389=ORIENTED_EDGE('',*,*,#1859,.F.);
#390=ORIENTED_EDGE('',*,*,#1849,.F.);
#391=ORIENTED_EDGE('',*,*,#1854,.F.);
#392=ORIENTED_EDGE('',*,*,#1861,.F.);
#393=ORIENTED_EDGE('',*,*,#1819,.T.);
#394=ORIENTED_EDGE('',*,*,#1862,.T.);
#395=ORIENTED_EDGE('',*,*,#1863,.T.);
#396=ORIENTED_EDGE('',*,*,#1864,.T.);
#397=ORIENTED_EDGE('',*,*,#1865,.F.);
#398=ORIENTED_EDGE('',*,*,#1866,.F.);
#399=ORIENTED_EDGE('',*,*,#1867,.T.);
#400=ORIENTED_EDGE('',*,*,#1780,.F.);
#401=ORIENTED_EDGE('',*,*,#1785,.F.);
#402=ORIENTED_EDGE('',*,*,#1830,.F.);
#403=ORIENTED_EDGE('',*,*,#1868,.F.);
#404=ORIENTED_EDGE('',*,*,#1869,.F.);
#405=ORIENTED_EDGE('',*,*,#1865,.T.);
#406=ORIENTED_EDGE('',*,*,#1870,.T.);
#407=ORIENTED_EDGE('',*,*,#1862,.F.);
#408=ORIENTED_EDGE('',*,*,#1803,.F.);
#409=ORIENTED_EDGE('',*,*,#1690,.T.);
#410=ORIENTED_EDGE('',*,*,#1845,.F.);
#411=ORIENTED_EDGE('',*,*,#1871,.F.);
#412=ORIENTED_EDGE('',*,*,#1872,.F.);
#413=ORIENTED_EDGE('',*,*,#1868,.T.);
#414=ORIENTED_EDGE('',*,*,#1873,.T.);
#415=ORIENTED_EDGE('',*,*,#1867,.F.);
#416=ORIENTED_EDGE('',*,*,#1874,.F.);
#417=ORIENTED_EDGE('',*,*,#1871,.T.);
#418=ORIENTED_EDGE('',*,*,#1833,.T.);
#419=ORIENTED_EDGE('',*,*,#1861,.T.);
#420=ORIENTED_EDGE('',*,*,#1866,.T.);
#421=ORIENTED_EDGE('',*,*,#1869,.T.);
#422=ORIENTED_EDGE('',*,*,#1872,.T.);
#423=ORIENTED_EDGE('',*,*,#1874,.T.);
#424=ORIENTED_EDGE('',*,*,#1864,.F.);
#425=ORIENTED_EDGE('',*,*,#1873,.F.);
#426=ORIENTED_EDGE('',*,*,#1863,.F.);
#427=ORIENTED_EDGE('',*,*,#1870,.F.);
#428=ORIENTED_EDGE('',*,*,#1802,.T.);
#429=ORIENTED_EDGE('',*,*,#1818,.F.);
#430=ORIENTED_EDGE('',*,*,#1875,.F.);
#431=ORIENTED_EDGE('',*,*,#1876,.T.);
#432=ORIENTED_EDGE('',*,*,#1877,.T.);
#433=ORIENTED_EDGE('',*,*,#1692,.T.);
#434=ORIENTED_EDGE('',*,*,#1878,.F.);
#435=ORIENTED_EDGE('',*,*,#1693,.T.);
#436=ORIENTED_EDGE('',*,*,#1877,.F.);
#437=ORIENTED_EDGE('',*,*,#1879,.T.);
#438=ORIENTED_EDGE('',*,*,#1880,.T.);
#439=ORIENTED_EDGE('',*,*,#1662,.T.);
#440=ORIENTED_EDGE('',*,*,#1881,.T.);
#441=ORIENTED_EDGE('',*,*,#1882,.F.);
#442=ORIENTED_EDGE('',*,*,#1805,.T.);
#443=ORIENTED_EDGE('',*,*,#1663,.T.);
#444=ORIENTED_EDGE('',*,*,#1880,.F.);
#445=ORIENTED_EDGE('',*,*,#1883,.T.);
#446=ORIENTED_EDGE('',*,*,#1884,.T.);
#447=ORIENTED_EDGE('',*,*,#1828,.F.);
#448=ORIENTED_EDGE('',*,*,#1829,.F.);
#449=ORIENTED_EDGE('',*,*,#1884,.F.);
#450=ORIENTED_EDGE('',*,*,#1885,.T.);
#451=ORIENTED_EDGE('',*,*,#1886,.T.);
#452=ORIENTED_EDGE('',*,*,#1823,.F.);
#453=ORIENTED_EDGE('',*,*,#1886,.F.);
#454=ORIENTED_EDGE('',*,*,#1887,.T.);
#455=ORIENTED_EDGE('',*,*,#1808,.T.);
#456=ORIENTED_EDGE('',*,*,#1816,.F.);
#457=ORIENTED_EDGE('',*,*,#1810,.F.);
#458=ORIENTED_EDGE('',*,*,#1888,.T.);
#459=ORIENTED_EDGE('',*,*,#1889,.T.);
#460=ORIENTED_EDGE('',*,*,#1817,.F.);
#461=ORIENTED_EDGE('',*,*,#1889,.F.);
#462=ORIENTED_EDGE('',*,*,#1890,.T.);
#463=ORIENTED_EDGE('',*,*,#1875,.T.);
#464=ORIENTED_EDGE('',*,*,#1885,.F.);
#465=ORIENTED_EDGE('',*,*,#1883,.F.);
#466=ORIENTED_EDGE('',*,*,#1879,.F.);
#467=ORIENTED_EDGE('',*,*,#1876,.F.);
#468=ORIENTED_EDGE('',*,*,#1890,.F.);
#469=ORIENTED_EDGE('',*,*,#1888,.F.);
#470=ORIENTED_EDGE('',*,*,#1809,.F.);
#471=ORIENTED_EDGE('',*,*,#1887,.F.);
#472=ORIENTED_EDGE('',*,*,#1891,.F.);
#473=ORIENTED_EDGE('',*,*,#1892,.T.);
#474=ORIENTED_EDGE('',*,*,#1893,.T.);
#475=ORIENTED_EDGE('',*,*,#1894,.T.);
#476=ORIENTED_EDGE('',*,*,#1895,.F.);
#477=ORIENTED_EDGE('',*,*,#1896,.T.);
#478=ORIENTED_EDGE('',*,*,#1656,.T.);
#479=ORIENTED_EDGE('',*,*,#1897,.T.);
#480=ORIENTED_EDGE('',*,*,#1734,.F.);
#481=ORIENTED_EDGE('',*,*,#1898,.F.);
#482=ORIENTED_EDGE('',*,*,#1638,.T.);
#483=ORIENTED_EDGE('',*,*,#1899,.T.);
#484=ORIENTED_EDGE('',*,*,#1900,.F.);
#485=ORIENTED_EDGE('',*,*,#1901,.T.);
#486=ORIENTED_EDGE('',*,*,#1640,.T.);
#487=ORIENTED_EDGE('',*,*,#1902,.T.);
#488=ORIENTED_EDGE('',*,*,#1903,.F.);
#489=ORIENTED_EDGE('',*,*,#1904,.T.);
#490=ORIENTED_EDGE('',*,*,#1644,.T.);
#491=ORIENTED_EDGE('',*,*,#1905,.T.);
#492=ORIENTED_EDGE('',*,*,#1906,.F.);
#493=ORIENTED_EDGE('',*,*,#1907,.T.);
#494=ORIENTED_EDGE('',*,*,#1648,.T.);
#495=ORIENTED_EDGE('',*,*,#1908,.T.);
#496=ORIENTED_EDGE('',*,*,#1909,.F.);
#497=ORIENTED_EDGE('',*,*,#1910,.T.);
#498=ORIENTED_EDGE('',*,*,#1652,.T.);
#499=ORIENTED_EDGE('',*,*,#1911,.T.);
#500=ORIENTED_EDGE('',*,*,#1912,.F.);
#501=ORIENTED_EDGE('',*,*,#1913,.T.);
#502=ORIENTED_EDGE('',*,*,#1891,.T.);
#503=ORIENTED_EDGE('',*,*,#1914,.T.);
#504=ORIENTED_EDGE('',*,*,#1915,.T.);
#505=ORIENTED_EDGE('',*,*,#1916,.T.);
#506=ORIENTED_EDGE('',*,*,#1636,.F.);
#507=ORIENTED_EDGE('',*,*,#1917,.F.);
#508=ORIENTED_EDGE('',*,*,#1882,.T.);
#509=ORIENTED_EDGE('',*,*,#1918,.T.);
#510=ORIENTED_EDGE('',*,*,#1658,.F.);
#511=ORIENTED_EDGE('',*,*,#1919,.T.);
#512=ORIENTED_EDGE('',*,*,#1920,.T.);
#513=ORIENTED_EDGE('',*,*,#1921,.T.);
#514=ORIENTED_EDGE('',*,*,#1893,.F.);
#515=ORIENTED_EDGE('',*,*,#1922,.T.);
#516=ORIENTED_EDGE('',*,*,#1923,.T.);
#517=ORIENTED_EDGE('',*,*,#1924,.T.);
#518=ORIENTED_EDGE('',*,*,#1654,.F.);
#519=ORIENTED_EDGE('',*,*,#1925,.T.);
#520=ORIENTED_EDGE('',*,*,#1926,.T.);
#521=ORIENTED_EDGE('',*,*,#1927,.T.);
#522=ORIENTED_EDGE('',*,*,#1650,.F.);
#523=ORIENTED_EDGE('',*,*,#1928,.T.);
#524=ORIENTED_EDGE('',*,*,#1929,.T.);
#525=ORIENTED_EDGE('',*,*,#1930,.T.);
#526=ORIENTED_EDGE('',*,*,#1646,.F.);
#527=ORIENTED_EDGE('',*,*,#1931,.T.);
#528=ORIENTED_EDGE('',*,*,#1932,.T.);
#529=ORIENTED_EDGE('',*,*,#1933,.T.);
#530=ORIENTED_EDGE('',*,*,#1642,.F.);
#531=ORIENTED_EDGE('',*,*,#1934,.T.);
#532=ORIENTED_EDGE('',*,*,#1639,.T.);
#533=ORIENTED_EDGE('',*,*,#1898,.T.);
#534=ORIENTED_EDGE('',*,*,#1733,.T.);
#535=ORIENTED_EDGE('',*,*,#1713,.T.);
#536=ORIENTED_EDGE('',*,*,#1878,.T.);
#537=ORIENTED_EDGE('',*,*,#1917,.T.);
#538=ORIENTED_EDGE('',*,*,#1659,.F.);
#539=ORIENTED_EDGE('',*,*,#1918,.F.);
#540=ORIENTED_EDGE('',*,*,#1881,.F.);
#541=ORIENTED_EDGE('',*,*,#1696,.F.);
#542=ORIENTED_EDGE('',*,*,#1735,.F.);
#543=ORIENTED_EDGE('',*,*,#1897,.F.);
#544=ORIENTED_EDGE('',*,*,#1778,.T.);
#545=ORIENTED_EDGE('',*,*,#1688,.T.);
#546=ORIENTED_EDGE('',*,*,#1712,.T.);
#547=ORIENTED_EDGE('',*,*,#1732,.F.);
#548=ORIENTED_EDGE('',*,*,#1935,.F.);
#549=ORIENTED_EDGE('',*,*,#1936,.T.);
#550=ORIENTED_EDGE('',*,*,#1739,.F.);
#551=ORIENTED_EDGE('',*,*,#1937,.F.);
#552=ORIENTED_EDGE('',*,*,#1938,.T.);
#553=ORIENTED_EDGE('',*,*,#1786,.F.);
#554=ORIENTED_EDGE('',*,*,#1737,.T.);
#555=ORIENTED_EDGE('',*,*,#1939,.T.);
#556=ORIENTED_EDGE('',*,*,#1940,.T.);
#557=ORIENTED_EDGE('',*,*,#1730,.T.);
#558=ORIENTED_EDGE('',*,*,#1710,.T.);
#559=ORIENTED_EDGE('',*,*,#1686,.T.);
#560=ORIENTED_EDGE('',*,*,#1777,.T.);
#561=ORIENTED_EDGE('',*,*,#1788,.F.);
#562=ORIENTED_EDGE('',*,*,#1941,.F.);
#563=ORIENTED_EDGE('',*,*,#1942,.F.);
#564=ORIENTED_EDGE('',*,*,#1775,.T.);
#565=ORIENTED_EDGE('',*,*,#1684,.T.);
#566=ORIENTED_EDGE('',*,*,#1709,.T.);
#567=ORIENTED_EDGE('',*,*,#1729,.F.);
#568=ORIENTED_EDGE('',*,*,#1943,.F.);
#569=ORIENTED_EDGE('',*,*,#1944,.T.);
#570=ORIENTED_EDGE('',*,*,#1743,.F.);
#571=ORIENTED_EDGE('',*,*,#1945,.F.);
#572=ORIENTED_EDGE('',*,*,#1946,.T.);
#573=ORIENTED_EDGE('',*,*,#1789,.F.);
#574=ORIENTED_EDGE('',*,*,#1741,.T.);
#575=ORIENTED_EDGE('',*,*,#1947,.T.);
#576=ORIENTED_EDGE('',*,*,#1948,.T.);
#577=ORIENTED_EDGE('',*,*,#1727,.T.);
#578=ORIENTED_EDGE('',*,*,#1707,.T.);
#579=ORIENTED_EDGE('',*,*,#1682,.T.);
#580=ORIENTED_EDGE('',*,*,#1774,.T.);
#581=ORIENTED_EDGE('',*,*,#1791,.F.);
#582=ORIENTED_EDGE('',*,*,#1949,.F.);
#583=ORIENTED_EDGE('',*,*,#1950,.F.);
#584=ORIENTED_EDGE('',*,*,#1772,.T.);
#585=ORIENTED_EDGE('',*,*,#1680,.T.);
#586=ORIENTED_EDGE('',*,*,#1706,.T.);
#587=ORIENTED_EDGE('',*,*,#1726,.F.);
#588=ORIENTED_EDGE('',*,*,#1951,.F.);
#589=ORIENTED_EDGE('',*,*,#1952,.T.);
#590=ORIENTED_EDGE('',*,*,#1747,.F.);
#591=ORIENTED_EDGE('',*,*,#1953,.F.);
#592=ORIENTED_EDGE('',*,*,#1954,.T.);
#593=ORIENTED_EDGE('',*,*,#1792,.F.);
#594=ORIENTED_EDGE('',*,*,#1745,.T.);
#595=ORIENTED_EDGE('',*,*,#1955,.T.);
#596=ORIENTED_EDGE('',*,*,#1956,.T.);
#597=ORIENTED_EDGE('',*,*,#1724,.T.);
#598=ORIENTED_EDGE('',*,*,#1704,.T.);
#599=ORIENTED_EDGE('',*,*,#1678,.T.);
#600=ORIENTED_EDGE('',*,*,#1771,.T.);
#601=ORIENTED_EDGE('',*,*,#1794,.F.);
#602=ORIENTED_EDGE('',*,*,#1957,.F.);
#603=ORIENTED_EDGE('',*,*,#1958,.F.);
#604=ORIENTED_EDGE('',*,*,#1769,.T.);
#605=ORIENTED_EDGE('',*,*,#1676,.T.);
#606=ORIENTED_EDGE('',*,*,#1703,.T.);
#607=ORIENTED_EDGE('',*,*,#1723,.F.);
#608=ORIENTED_EDGE('',*,*,#1959,.F.);
#609=ORIENTED_EDGE('',*,*,#1960,.T.);
#610=ORIENTED_EDGE('',*,*,#1751,.F.);
#611=ORIENTED_EDGE('',*,*,#1961,.F.);
#612=ORIENTED_EDGE('',*,*,#1962,.T.);
#613=ORIENTED_EDGE('',*,*,#1795,.F.);
#614=ORIENTED_EDGE('',*,*,#1749,.T.);
#615=ORIENTED_EDGE('',*,*,#1963,.T.);
#616=ORIENTED_EDGE('',*,*,#1964,.T.);
#617=ORIENTED_EDGE('',*,*,#1721,.T.);
#618=ORIENTED_EDGE('',*,*,#1701,.T.);
#619=ORIENTED_EDGE('',*,*,#1674,.T.);
#620=ORIENTED_EDGE('',*,*,#1768,.T.);
#621=ORIENTED_EDGE('',*,*,#1797,.F.);
#622=ORIENTED_EDGE('',*,*,#1965,.F.);
#623=ORIENTED_EDGE('',*,*,#1966,.F.);
#624=ORIENTED_EDGE('',*,*,#1766,.T.);
#625=ORIENTED_EDGE('',*,*,#1672,.T.);
#626=ORIENTED_EDGE('',*,*,#1700,.T.);
#627=ORIENTED_EDGE('',*,*,#1720,.F.);
#628=ORIENTED_EDGE('',*,*,#1967,.F.);
#629=ORIENTED_EDGE('',*,*,#1968,.T.);
#630=ORIENTED_EDGE('',*,*,#1755,.F.);
#631=ORIENTED_EDGE('',*,*,#1969,.F.);
#632=ORIENTED_EDGE('',*,*,#1970,.T.);
#633=ORIENTED_EDGE('',*,*,#1798,.F.);
#634=ORIENTED_EDGE('',*,*,#1753,.T.);
#635=ORIENTED_EDGE('',*,*,#1971,.T.);
#636=ORIENTED_EDGE('',*,*,#1972,.T.);
#637=ORIENTED_EDGE('',*,*,#1718,.T.);
#638=ORIENTED_EDGE('',*,*,#1698,.T.);
#639=ORIENTED_EDGE('',*,*,#1670,.T.);
#640=ORIENTED_EDGE('',*,*,#1765,.T.);
#641=ORIENTED_EDGE('',*,*,#1800,.F.);
#642=ORIENTED_EDGE('',*,*,#1973,.F.);
#643=ORIENTED_EDGE('',*,*,#1974,.F.);
#644=ORIENTED_EDGE('',*,*,#1757,.T.);
#645=ORIENTED_EDGE('',*,*,#1975,.T.);
#646=ORIENTED_EDGE('',*,*,#1976,.T.);
#647=ORIENTED_EDGE('',*,*,#1715,.T.);
#648=ORIENTED_EDGE('',*,*,#1694,.T.);
#649=ORIENTED_EDGE('',*,*,#1660,.T.);
#650=ORIENTED_EDGE('',*,*,#1760,.T.);
#651=ORIENTED_EDGE('',*,*,#1782,.F.);
#652=ORIENTED_EDGE('',*,*,#1977,.F.);
#653=ORIENTED_EDGE('',*,*,#1978,.F.);
#654=ORIENTED_EDGE('',*,*,#1763,.T.);
#655=ORIENTED_EDGE('',*,*,#1668,.T.);
#656=ORIENTED_EDGE('',*,*,#1697,.T.);
#657=ORIENTED_EDGE('',*,*,#1717,.F.);
#658=ORIENTED_EDGE('',*,*,#1979,.F.);
#659=ORIENTED_EDGE('',*,*,#1980,.T.);
#660=ORIENTED_EDGE('',*,*,#1759,.F.);
#661=ORIENTED_EDGE('',*,*,#1981,.F.);
#662=ORIENTED_EDGE('',*,*,#1982,.T.);
#663=ORIENTED_EDGE('',*,*,#1801,.F.);
#664=ORIENTED_EDGE('',*,*,#1978,.T.);
#665=ORIENTED_EDGE('',*,*,#1983,.T.);
#666=ORIENTED_EDGE('',*,*,#1981,.T.);
#667=ORIENTED_EDGE('',*,*,#1758,.F.);
#668=ORIENTED_EDGE('',*,*,#1781,.T.);
#669=ORIENTED_EDGE('',*,*,#1982,.F.);
#670=ORIENTED_EDGE('',*,*,#1983,.F.);
#671=ORIENTED_EDGE('',*,*,#1977,.T.);
#672=ORIENTED_EDGE('',*,*,#1974,.T.);
#673=ORIENTED_EDGE('',*,*,#1984,.T.);
#674=ORIENTED_EDGE('',*,*,#1969,.T.);
#675=ORIENTED_EDGE('',*,*,#1754,.F.);
#676=ORIENTED_EDGE('',*,*,#1799,.T.);
#677=ORIENTED_EDGE('',*,*,#1970,.F.);
#678=ORIENTED_EDGE('',*,*,#1984,.F.);
#679=ORIENTED_EDGE('',*,*,#1973,.T.);
#680=ORIENTED_EDGE('',*,*,#1966,.T.);
#681=ORIENTED_EDGE('',*,*,#1985,.T.);
#682=ORIENTED_EDGE('',*,*,#1961,.T.);
#683=ORIENTED_EDGE('',*,*,#1750,.F.);
#684=ORIENTED_EDGE('',*,*,#1796,.T.);
#685=ORIENTED_EDGE('',*,*,#1962,.F.);
#686=ORIENTED_EDGE('',*,*,#1985,.F.);
#687=ORIENTED_EDGE('',*,*,#1965,.T.);
#688=ORIENTED_EDGE('',*,*,#1958,.T.);
#689=ORIENTED_EDGE('',*,*,#1986,.T.);
#690=ORIENTED_EDGE('',*,*,#1953,.T.);
#691=ORIENTED_EDGE('',*,*,#1746,.F.);
#692=ORIENTED_EDGE('',*,*,#1793,.T.);
#693=ORIENTED_EDGE('',*,*,#1954,.F.);
#694=ORIENTED_EDGE('',*,*,#1986,.F.);
#695=ORIENTED_EDGE('',*,*,#1957,.T.);
#696=ORIENTED_EDGE('',*,*,#1950,.T.);
#697=ORIENTED_EDGE('',*,*,#1987,.T.);
#698=ORIENTED_EDGE('',*,*,#1945,.T.);
#699=ORIENTED_EDGE('',*,*,#1742,.F.);
#700=ORIENTED_EDGE('',*,*,#1790,.T.);
#701=ORIENTED_EDGE('',*,*,#1946,.F.);
#702=ORIENTED_EDGE('',*,*,#1987,.F.);
#703=ORIENTED_EDGE('',*,*,#1949,.T.);
#704=ORIENTED_EDGE('',*,*,#1942,.T.);
#705=ORIENTED_EDGE('',*,*,#1988,.T.);
#706=ORIENTED_EDGE('',*,*,#1937,.T.);
#707=ORIENTED_EDGE('',*,*,#1738,.F.);
#708=ORIENTED_EDGE('',*,*,#1787,.T.);
#709=ORIENTED_EDGE('',*,*,#1938,.F.);
#710=ORIENTED_EDGE('',*,*,#1988,.F.);
#711=ORIENTED_EDGE('',*,*,#1941,.T.);
#712=ORIENTED_EDGE('',*,*,#1731,.F.);
#713=ORIENTED_EDGE('',*,*,#1940,.F.);
#714=ORIENTED_EDGE('',*,*,#1989,.T.);
#715=ORIENTED_EDGE('',*,*,#1935,.T.);
#716=ORIENTED_EDGE('',*,*,#1736,.T.);
#717=ORIENTED_EDGE('',*,*,#1936,.F.);
#718=ORIENTED_EDGE('',*,*,#1989,.F.);
#719=ORIENTED_EDGE('',*,*,#1939,.F.);
#720=ORIENTED_EDGE('',*,*,#1728,.F.);
#721=ORIENTED_EDGE('',*,*,#1948,.F.);
#722=ORIENTED_EDGE('',*,*,#1990,.T.);
#723=ORIENTED_EDGE('',*,*,#1943,.T.);
#724=ORIENTED_EDGE('',*,*,#1740,.T.);
#725=ORIENTED_EDGE('',*,*,#1944,.F.);
#726=ORIENTED_EDGE('',*,*,#1990,.F.);
#727=ORIENTED_EDGE('',*,*,#1947,.F.);
#728=ORIENTED_EDGE('',*,*,#1725,.F.);
#729=ORIENTED_EDGE('',*,*,#1956,.F.);
#730=ORIENTED_EDGE('',*,*,#1991,.T.);
#731=ORIENTED_EDGE('',*,*,#1951,.T.);
#732=ORIENTED_EDGE('',*,*,#1744,.T.);
#733=ORIENTED_EDGE('',*,*,#1952,.F.);
#734=ORIENTED_EDGE('',*,*,#1991,.F.);
#735=ORIENTED_EDGE('',*,*,#1955,.F.);
#736=ORIENTED_EDGE('',*,*,#1722,.F.);
#737=ORIENTED_EDGE('',*,*,#1964,.F.);
#738=ORIENTED_EDGE('',*,*,#1992,.T.);
#739=ORIENTED_EDGE('',*,*,#1959,.T.);
#740=ORIENTED_EDGE('',*,*,#1748,.T.);
#741=ORIENTED_EDGE('',*,*,#1960,.F.);
#742=ORIENTED_EDGE('',*,*,#1992,.F.);
#743=ORIENTED_EDGE('',*,*,#1963,.F.);
#744=ORIENTED_EDGE('',*,*,#1719,.F.);
#745=ORIENTED_EDGE('',*,*,#1972,.F.);
#746=ORIENTED_EDGE('',*,*,#1993,.T.);
#747=ORIENTED_EDGE('',*,*,#1967,.T.);
#748=ORIENTED_EDGE('',*,*,#1752,.T.);
#749=ORIENTED_EDGE('',*,*,#1968,.F.);
#750=ORIENTED_EDGE('',*,*,#1993,.F.);
#751=ORIENTED_EDGE('',*,*,#1971,.F.);
#752=ORIENTED_EDGE('',*,*,#1716,.F.);
#753=ORIENTED_EDGE('',*,*,#1976,.F.);
#754=ORIENTED_EDGE('',*,*,#1994,.T.);
#755=ORIENTED_EDGE('',*,*,#1979,.T.);
#756=ORIENTED_EDGE('',*,*,#1756,.T.);
#757=ORIENTED_EDGE('',*,*,#1980,.F.);
#758=ORIENTED_EDGE('',*,*,#1994,.F.);
#759=ORIENTED_EDGE('',*,*,#1975,.F.);
#760=ORIENTED_EDGE('',*,*,#1995,.F.);
#761=ORIENTED_EDGE('',*,*,#1996,.F.);
#762=ORIENTED_EDGE('',*,*,#1997,.T.);
#763=ORIENTED_EDGE('',*,*,#1920,.F.);
#764=ORIENTED_EDGE('',*,*,#1894,.F.);
#765=ORIENTED_EDGE('',*,*,#1921,.F.);
#766=ORIENTED_EDGE('',*,*,#1997,.F.);
#767=ORIENTED_EDGE('',*,*,#1998,.F.);
#768=ORIENTED_EDGE('',*,*,#1914,.F.);
#769=ORIENTED_EDGE('',*,*,#1999,.F.);
#770=ORIENTED_EDGE('',*,*,#1995,.T.);
#771=ORIENTED_EDGE('',*,*,#1919,.F.);
#772=ORIENTED_EDGE('',*,*,#1657,.F.);
#773=ORIENTED_EDGE('',*,*,#1896,.F.);
#774=ORIENTED_EDGE('',*,*,#1895,.T.);
#775=ORIENTED_EDGE('',*,*,#1998,.T.);
#776=ORIENTED_EDGE('',*,*,#1996,.T.);
#777=ORIENTED_EDGE('',*,*,#1999,.T.);
#778=ORIENTED_EDGE('',*,*,#2000,.F.);
#779=ORIENTED_EDGE('',*,*,#2001,.T.);
#780=ORIENTED_EDGE('',*,*,#1922,.F.);
#781=ORIENTED_EDGE('',*,*,#1892,.F.);
#782=ORIENTED_EDGE('',*,*,#1913,.F.);
#783=ORIENTED_EDGE('',*,*,#2001,.F.);
#784=ORIENTED_EDGE('',*,*,#2002,.F.);
#785=ORIENTED_EDGE('',*,*,#2003,.T.);
#786=ORIENTED_EDGE('',*,*,#1923,.F.);
#787=ORIENTED_EDGE('',*,*,#1655,.F.);
#788=ORIENTED_EDGE('',*,*,#1924,.F.);
#789=ORIENTED_EDGE('',*,*,#2003,.F.);
#790=ORIENTED_EDGE('',*,*,#2004,.F.);
#791=ORIENTED_EDGE('',*,*,#1911,.F.);
#792=ORIENTED_EDGE('',*,*,#1912,.T.);
#793=ORIENTED_EDGE('',*,*,#2004,.T.);
#794=ORIENTED_EDGE('',*,*,#2002,.T.);
#795=ORIENTED_EDGE('',*,*,#2000,.T.);
#796=ORIENTED_EDGE('',*,*,#2005,.F.);
#797=ORIENTED_EDGE('',*,*,#2006,.T.);
#798=ORIENTED_EDGE('',*,*,#1925,.F.);
#799=ORIENTED_EDGE('',*,*,#1653,.F.);
#800=ORIENTED_EDGE('',*,*,#1910,.F.);
#801=ORIENTED_EDGE('',*,*,#2006,.F.);
#802=ORIENTED_EDGE('',*,*,#2007,.F.);
#803=ORIENTED_EDGE('',*,*,#2008,.T.);
#804=ORIENTED_EDGE('',*,*,#1926,.F.);
#805=ORIENTED_EDGE('',*,*,#1651,.F.);
#806=ORIENTED_EDGE('',*,*,#1927,.F.);
#807=ORIENTED_EDGE('',*,*,#2008,.F.);
#808=ORIENTED_EDGE('',*,*,#2009,.F.);
#809=ORIENTED_EDGE('',*,*,#1908,.F.);
#810=ORIENTED_EDGE('',*,*,#1909,.T.);
#811=ORIENTED_EDGE('',*,*,#2009,.T.);
#812=ORIENTED_EDGE('',*,*,#2007,.T.);
#813=ORIENTED_EDGE('',*,*,#2005,.T.);
#814=ORIENTED_EDGE('',*,*,#2010,.F.);
#815=ORIENTED_EDGE('',*,*,#2011,.T.);
#816=ORIENTED_EDGE('',*,*,#1928,.F.);
#817=ORIENTED_EDGE('',*,*,#1649,.F.);
#818=ORIENTED_EDGE('',*,*,#1907,.F.);
#819=ORIENTED_EDGE('',*,*,#2011,.F.);
#820=ORIENTED_EDGE('',*,*,#2012,.F.);
#821=ORIENTED_EDGE('',*,*,#2013,.T.);
#822=ORIENTED_EDGE('',*,*,#1929,.F.);
#823=ORIENTED_EDGE('',*,*,#1647,.F.);
#824=ORIENTED_EDGE('',*,*,#1930,.F.);
#825=ORIENTED_EDGE('',*,*,#2013,.F.);
#826=ORIENTED_EDGE('',*,*,#2014,.F.);
#827=ORIENTED_EDGE('',*,*,#1905,.F.);
#828=ORIENTED_EDGE('',*,*,#1906,.T.);
#829=ORIENTED_EDGE('',*,*,#2014,.T.);
#830=ORIENTED_EDGE('',*,*,#2012,.T.);
#831=ORIENTED_EDGE('',*,*,#2010,.T.);
#832=ORIENTED_EDGE('',*,*,#2015,.F.);
#833=ORIENTED_EDGE('',*,*,#2016,.T.);
#834=ORIENTED_EDGE('',*,*,#1931,.F.);
#835=ORIENTED_EDGE('',*,*,#1645,.F.);
#836=ORIENTED_EDGE('',*,*,#1904,.F.);
#837=ORIENTED_EDGE('',*,*,#2016,.F.);
#838=ORIENTED_EDGE('',*,*,#2017,.F.);
#839=ORIENTED_EDGE('',*,*,#2018,.T.);
#840=ORIENTED_EDGE('',*,*,#1932,.F.);
#841=ORIENTED_EDGE('',*,*,#1643,.F.);
#842=ORIENTED_EDGE('',*,*,#1933,.F.);
#843=ORIENTED_EDGE('',*,*,#2018,.F.);
#844=ORIENTED_EDGE('',*,*,#2019,.F.);
#845=ORIENTED_EDGE('',*,*,#1902,.F.);
#846=ORIENTED_EDGE('',*,*,#1903,.T.);
#847=ORIENTED_EDGE('',*,*,#2019,.T.);
#848=ORIENTED_EDGE('',*,*,#2017,.T.);
#849=ORIENTED_EDGE('',*,*,#2015,.T.);
#850=ORIENTED_EDGE('',*,*,#1900,.T.);
#851=ORIENTED_EDGE('',*,*,#2020,.T.);
#852=ORIENTED_EDGE('',*,*,#2021,.T.);
#853=ORIENTED_EDGE('',*,*,#2022,.T.);
#854=ORIENTED_EDGE('',*,*,#1637,.F.);
#855=ORIENTED_EDGE('',*,*,#1916,.F.);
#856=ORIENTED_EDGE('',*,*,#2023,.F.);
#857=ORIENTED_EDGE('',*,*,#2020,.F.);
#858=ORIENTED_EDGE('',*,*,#1899,.F.);
#859=ORIENTED_EDGE('',*,*,#2024,.F.);
#860=ORIENTED_EDGE('',*,*,#2021,.F.);
#861=ORIENTED_EDGE('',*,*,#2023,.T.);
#862=ORIENTED_EDGE('',*,*,#1915,.F.);
#863=ORIENTED_EDGE('',*,*,#2022,.F.);
#864=ORIENTED_EDGE('',*,*,#2024,.T.);
#865=ORIENTED_EDGE('',*,*,#1934,.F.);
#866=ORIENTED_EDGE('',*,*,#1641,.F.);
#867=ORIENTED_EDGE('',*,*,#1901,.F.);
#868=ORIENTED_EDGE('',*,*,#2025,.F.);
#869=ORIENTED_EDGE('',*,*,#2026,.F.);
#870=ORIENTED_EDGE('',*,*,#2027,.T.);
#871=ORIENTED_EDGE('',*,*,#2028,.F.);
#872=ORIENTED_EDGE('',*,*,#2029,.F.);
#873=ORIENTED_EDGE('',*,*,#2030,.F.);
#874=ORIENTED_EDGE('',*,*,#2031,.T.);
#875=ORIENTED_EDGE('',*,*,#2032,.F.);
#876=ORIENTED_EDGE('',*,*,#2033,.F.);
#877=ORIENTED_EDGE('',*,*,#2034,.F.);
#878=ORIENTED_EDGE('',*,*,#2035,.T.);
#879=ORIENTED_EDGE('',*,*,#2036,.F.);
#880=ORIENTED_EDGE('',*,*,#2037,.F.);
#881=ORIENTED_EDGE('',*,*,#2038,.F.);
#882=ORIENTED_EDGE('',*,*,#2039,.T.);
#883=ORIENTED_EDGE('',*,*,#2040,.F.);
#884=ORIENTED_EDGE('',*,*,#2041,.F.);
#885=ORIENTED_EDGE('',*,*,#2042,.F.);
#886=ORIENTED_EDGE('',*,*,#2043,.T.);
#887=ORIENTED_EDGE('',*,*,#2044,.F.);
#888=ORIENTED_EDGE('',*,*,#2045,.F.);
#889=ORIENTED_EDGE('',*,*,#2046,.F.);
#890=ORIENTED_EDGE('',*,*,#2047,.T.);
#891=ORIENTED_EDGE('',*,*,#2048,.F.);
#892=ORIENTED_EDGE('',*,*,#2049,.F.);
#893=ORIENTED_EDGE('',*,*,#2050,.T.);
#894=ORIENTED_EDGE('',*,*,#2051,.F.);
#895=ORIENTED_EDGE('',*,*,#2052,.F.);
#896=ORIENTED_EDGE('',*,*,#2053,.F.);
#897=ORIENTED_EDGE('',*,*,#2054,.F.);
#898=ORIENTED_EDGE('',*,*,#2055,.F.);
#899=ORIENTED_EDGE('',*,*,#2056,.F.);
#900=ORIENTED_EDGE('',*,*,#2057,.F.);
#901=ORIENTED_EDGE('',*,*,#2058,.F.);
#902=ORIENTED_EDGE('',*,*,#2059,.F.);
#903=ORIENTED_EDGE('',*,*,#2060,.F.);
#904=ORIENTED_EDGE('',*,*,#2061,.F.);
#905=ORIENTED_EDGE('',*,*,#2062,.F.);
#906=ORIENTED_EDGE('',*,*,#2063,.F.);
#907=ORIENTED_EDGE('',*,*,#2064,.F.);
#908=ORIENTED_EDGE('',*,*,#2065,.F.);
#909=ORIENTED_EDGE('',*,*,#2066,.F.);
#910=ORIENTED_EDGE('',*,*,#2067,.F.);
#911=ORIENTED_EDGE('',*,*,#2068,.F.);
#912=ORIENTED_EDGE('',*,*,#2069,.F.);
#913=ORIENTED_EDGE('',*,*,#2070,.F.);
#914=ORIENTED_EDGE('',*,*,#2071,.F.);
#915=ORIENTED_EDGE('',*,*,#2072,.F.);
#916=ORIENTED_EDGE('',*,*,#2073,.F.);
#917=ORIENTED_EDGE('',*,*,#2074,.F.);
#918=ORIENTED_EDGE('',*,*,#2075,.F.);
#919=ORIENTED_EDGE('',*,*,#2076,.F.);
#920=ORIENTED_EDGE('',*,*,#2077,.F.);
#921=ORIENTED_EDGE('',*,*,#2078,.F.);
#922=ORIENTED_EDGE('',*,*,#2079,.F.);
#923=ORIENTED_EDGE('',*,*,#2080,.F.);
#924=ORIENTED_EDGE('',*,*,#2081,.T.);
#925=ORIENTED_EDGE('',*,*,#2082,.F.);
#926=ORIENTED_EDGE('',*,*,#2083,.F.);
#927=ORIENTED_EDGE('',*,*,#2084,.F.);
#928=ORIENTED_EDGE('',*,*,#2085,.T.);
#929=ORIENTED_EDGE('',*,*,#2086,.F.);
#930=ORIENTED_EDGE('',*,*,#2087,.F.);
#931=ORIENTED_EDGE('',*,*,#2088,.F.);
#932=ORIENTED_EDGE('',*,*,#2089,.T.);
#933=ORIENTED_EDGE('',*,*,#2090,.F.);
#934=ORIENTED_EDGE('',*,*,#2091,.F.);
#935=ORIENTED_EDGE('',*,*,#2092,.F.);
#936=ORIENTED_EDGE('',*,*,#2093,.T.);
#937=ORIENTED_EDGE('',*,*,#2094,.F.);
#938=ORIENTED_EDGE('',*,*,#2095,.F.);
#939=ORIENTED_EDGE('',*,*,#2096,.F.);
#940=ORIENTED_EDGE('',*,*,#2097,.T.);
#941=ORIENTED_EDGE('',*,*,#2098,.F.);
#942=ORIENTED_EDGE('',*,*,#2099,.F.);
#943=ORIENTED_EDGE('',*,*,#2100,.F.);
#944=ORIENTED_EDGE('',*,*,#2101,.T.);
#945=ORIENTED_EDGE('',*,*,#2102,.F.);
#946=ORIENTED_EDGE('',*,*,#2103,.F.);
#947=ORIENTED_EDGE('',*,*,#2104,.T.);
#948=ORIENTED_EDGE('',*,*,#2105,.F.);
#949=ORIENTED_EDGE('',*,*,#2106,.F.);
#950=ORIENTED_EDGE('',*,*,#2107,.F.);
#951=ORIENTED_EDGE('',*,*,#2108,.F.);
#952=ORIENTED_EDGE('',*,*,#2109,.F.);
#953=ORIENTED_EDGE('',*,*,#2110,.F.);
#954=ORIENTED_EDGE('',*,*,#2111,.F.);
#955=ORIENTED_EDGE('',*,*,#2112,.F.);
#956=ORIENTED_EDGE('',*,*,#2113,.F.);
#957=ORIENTED_EDGE('',*,*,#2114,.F.);
#958=ORIENTED_EDGE('',*,*,#2115,.F.);
#959=ORIENTED_EDGE('',*,*,#2116,.F.);
#960=ORIENTED_EDGE('',*,*,#2117,.F.);
#961=ORIENTED_EDGE('',*,*,#2118,.F.);
#962=ORIENTED_EDGE('',*,*,#2119,.F.);
#963=ORIENTED_EDGE('',*,*,#2120,.F.);
#964=ORIENTED_EDGE('',*,*,#2121,.F.);
#965=ORIENTED_EDGE('',*,*,#2122,.F.);
#966=ORIENTED_EDGE('',*,*,#2123,.F.);
#967=ORIENTED_EDGE('',*,*,#2124,.F.);
#968=ORIENTED_EDGE('',*,*,#2125,.F.);
#969=ORIENTED_EDGE('',*,*,#2126,.F.);
#970=ORIENTED_EDGE('',*,*,#2127,.F.);
#971=ORIENTED_EDGE('',*,*,#2128,.F.);
#972=ORIENTED_EDGE('',*,*,#2078,.T.);
#973=ORIENTED_EDGE('',*,*,#2129,.T.);
#974=ORIENTED_EDGE('',*,*,#2130,.T.);
#975=ORIENTED_EDGE('',*,*,#2131,.T.);
#976=ORIENTED_EDGE('',*,*,#2132,.T.);
#977=ORIENTED_EDGE('',*,*,#2133,.T.);
#978=ORIENTED_EDGE('',*,*,#2076,.T.);
#979=ORIENTED_EDGE('',*,*,#2134,.T.);
#980=ORIENTED_EDGE('',*,*,#2135,.F.);
#981=ORIENTED_EDGE('',*,*,#2104,.F.);
#982=ORIENTED_EDGE('',*,*,#2136,.F.);
#983=ORIENTED_EDGE('',*,*,#2050,.F.);
#984=ORIENTED_EDGE('',*,*,#2137,.F.);
#985=ORIENTED_EDGE('',*,*,#2138,.F.);
#986=ORIENTED_EDGE('',*,*,#2139,.F.);
#987=ORIENTED_EDGE('',*,*,#2140,.F.);
#988=ORIENTED_EDGE('',*,*,#2141,.F.);
#989=ORIENTED_EDGE('',*,*,#2142,.T.);
#990=ORIENTED_EDGE('',*,*,#2143,.F.);
#991=ORIENTED_EDGE('',*,*,#2027,.F.);
#992=ORIENTED_EDGE('',*,*,#2144,.F.);
#993=ORIENTED_EDGE('',*,*,#2145,.T.);
#994=ORIENTED_EDGE('',*,*,#2146,.F.);
#995=ORIENTED_EDGE('',*,*,#2031,.F.);
#996=ORIENTED_EDGE('',*,*,#2147,.F.);
#997=ORIENTED_EDGE('',*,*,#2148,.T.);
#998=ORIENTED_EDGE('',*,*,#2149,.F.);
#999=ORIENTED_EDGE('',*,*,#2035,.F.);
#1000=ORIENTED_EDGE('',*,*,#2150,.F.);
#1001=ORIENTED_EDGE('',*,*,#2151,.T.);
#1002=ORIENTED_EDGE('',*,*,#2152,.F.);
#1003=ORIENTED_EDGE('',*,*,#2039,.F.);
#1004=ORIENTED_EDGE('',*,*,#2153,.F.);
#1005=ORIENTED_EDGE('',*,*,#2154,.T.);
#1006=ORIENTED_EDGE('',*,*,#2155,.F.);
#1007=ORIENTED_EDGE('',*,*,#2043,.F.);
#1008=ORIENTED_EDGE('',*,*,#2156,.F.);
#1009=ORIENTED_EDGE('',*,*,#2157,.T.);
#1010=ORIENTED_EDGE('',*,*,#2158,.F.);
#1011=ORIENTED_EDGE('',*,*,#2047,.F.);
#1012=ORIENTED_EDGE('',*,*,#2159,.F.);
#1013=ORIENTED_EDGE('',*,*,#2127,.T.);
#1014=ORIENTED_EDGE('',*,*,#2160,.F.);
#1015=ORIENTED_EDGE('',*,*,#2161,.F.);
#1016=ORIENTED_EDGE('',*,*,#2162,.F.);
#1017=ORIENTED_EDGE('',*,*,#2123,.T.);
#1018=ORIENTED_EDGE('',*,*,#2163,.F.);
#1019=ORIENTED_EDGE('',*,*,#2164,.F.);
#1020=ORIENTED_EDGE('',*,*,#2165,.F.);
#1021=ORIENTED_EDGE('',*,*,#2119,.T.);
#1022=ORIENTED_EDGE('',*,*,#2166,.F.);
#1023=ORIENTED_EDGE('',*,*,#2167,.F.);
#1024=ORIENTED_EDGE('',*,*,#2168,.F.);
#1025=ORIENTED_EDGE('',*,*,#2115,.T.);
#1026=ORIENTED_EDGE('',*,*,#2169,.F.);
#1027=ORIENTED_EDGE('',*,*,#2170,.F.);
#1028=ORIENTED_EDGE('',*,*,#2171,.F.);
#1029=ORIENTED_EDGE('',*,*,#2111,.T.);
#1030=ORIENTED_EDGE('',*,*,#2172,.F.);
#1031=ORIENTED_EDGE('',*,*,#2173,.F.);
#1032=ORIENTED_EDGE('',*,*,#2174,.F.);
#1033=ORIENTED_EDGE('',*,*,#2107,.T.);
#1034=ORIENTED_EDGE('',*,*,#2175,.F.);
#1035=ORIENTED_EDGE('',*,*,#2176,.F.);
#1036=ORIENTED_EDGE('',*,*,#2177,.F.);
#1037=ORIENTED_EDGE('',*,*,#2178,.F.);
#1038=ORIENTED_EDGE('',*,*,#2161,.T.);
#1039=ORIENTED_EDGE('',*,*,#2179,.F.);
#1040=ORIENTED_EDGE('',*,*,#2180,.F.);
#1041=ORIENTED_EDGE('',*,*,#2181,.F.);
#1042=ORIENTED_EDGE('',*,*,#2164,.T.);
#1043=ORIENTED_EDGE('',*,*,#2182,.F.);
#1044=ORIENTED_EDGE('',*,*,#2183,.F.);
#1045=ORIENTED_EDGE('',*,*,#2184,.F.);
#1046=ORIENTED_EDGE('',*,*,#2167,.T.);
#1047=ORIENTED_EDGE('',*,*,#2185,.F.);
#1048=ORIENTED_EDGE('',*,*,#2186,.F.);
#1049=ORIENTED_EDGE('',*,*,#2187,.F.);
#1050=ORIENTED_EDGE('',*,*,#2170,.T.);
#1051=ORIENTED_EDGE('',*,*,#2188,.F.);
#1052=ORIENTED_EDGE('',*,*,#2189,.F.);
#1053=ORIENTED_EDGE('',*,*,#2190,.F.);
#1054=ORIENTED_EDGE('',*,*,#2173,.T.);
#1055=ORIENTED_EDGE('',*,*,#2191,.F.);
#1056=ORIENTED_EDGE('',*,*,#2192,.F.);
#1057=ORIENTED_EDGE('',*,*,#2193,.F.);
#1058=ORIENTED_EDGE('',*,*,#2176,.T.);
#1059=ORIENTED_EDGE('',*,*,#2194,.F.);
#1060=ORIENTED_EDGE('',*,*,#2195,.F.);
#1061=ORIENTED_EDGE('',*,*,#2140,.T.);
#1062=ORIENTED_EDGE('',*,*,#2196,.F.);
#1063=ORIENTED_EDGE('',*,*,#2130,.F.);
#1064=ORIENTED_EDGE('',*,*,#2197,.F.);
#1065=ORIENTED_EDGE('',*,*,#2132,.F.);
#1066=ORIENTED_EDGE('',*,*,#2198,.T.);
#1067=ORIENTED_EDGE('',*,*,#2138,.T.);
#1068=ORIENTED_EDGE('',*,*,#2199,.F.);
#1069=ORIENTED_EDGE('',*,*,#2200,.F.);
#1070=ORIENTED_EDGE('',*,*,#2201,.F.);
#1071=ORIENTED_EDGE('',*,*,#2202,.F.);
#1072=ORIENTED_EDGE('',*,*,#2203,.F.);
#1073=ORIENTED_EDGE('',*,*,#2204,.F.);
#1074=ORIENTED_EDGE('',*,*,#2205,.F.);
#1075=ORIENTED_EDGE('',*,*,#2206,.F.);
#1076=ORIENTED_EDGE('',*,*,#2207,.F.);
#1077=ORIENTED_EDGE('',*,*,#2208,.F.);
#1078=ORIENTED_EDGE('',*,*,#2209,.F.);
#1079=ORIENTED_EDGE('',*,*,#2210,.F.);
#1080=ORIENTED_EDGE('',*,*,#2211,.F.);
#1081=ORIENTED_EDGE('',*,*,#2212,.F.);
#1082=ORIENTED_EDGE('',*,*,#2213,.F.);
#1083=ORIENTED_EDGE('',*,*,#2214,.F.);
#1084=ORIENTED_EDGE('',*,*,#2215,.F.);
#1085=ORIENTED_EDGE('',*,*,#2216,.F.);
#1086=ORIENTED_EDGE('',*,*,#2217,.F.);
#1087=ORIENTED_EDGE('',*,*,#2218,.F.);
#1088=ORIENTED_EDGE('',*,*,#2219,.F.);
#1089=ORIENTED_EDGE('',*,*,#2220,.F.);
#1090=ORIENTED_EDGE('',*,*,#2221,.F.);
#1091=ORIENTED_EDGE('',*,*,#2222,.F.);
#1092=ORIENTED_EDGE('',*,*,#2223,.F.);
#1093=ORIENTED_EDGE('',*,*,#2221,.T.);
#1094=ORIENTED_EDGE('',*,*,#2224,.F.);
#1095=ORIENTED_EDGE('',*,*,#2225,.F.);
#1096=ORIENTED_EDGE('',*,*,#2226,.F.);
#1097=ORIENTED_EDGE('',*,*,#2217,.T.);
#1098=ORIENTED_EDGE('',*,*,#2227,.F.);
#1099=ORIENTED_EDGE('',*,*,#2228,.F.);
#1100=ORIENTED_EDGE('',*,*,#2229,.F.);
#1101=ORIENTED_EDGE('',*,*,#2213,.T.);
#1102=ORIENTED_EDGE('',*,*,#2230,.F.);
#1103=ORIENTED_EDGE('',*,*,#2231,.F.);
#1104=ORIENTED_EDGE('',*,*,#2232,.F.);
#1105=ORIENTED_EDGE('',*,*,#2209,.T.);
#1106=ORIENTED_EDGE('',*,*,#2233,.F.);
#1107=ORIENTED_EDGE('',*,*,#2234,.F.);
#1108=ORIENTED_EDGE('',*,*,#2235,.F.);
#1109=ORIENTED_EDGE('',*,*,#2205,.T.);
#1110=ORIENTED_EDGE('',*,*,#2236,.F.);
#1111=ORIENTED_EDGE('',*,*,#2237,.F.);
#1112=ORIENTED_EDGE('',*,*,#2238,.F.);
#1113=ORIENTED_EDGE('',*,*,#2201,.T.);
#1114=ORIENTED_EDGE('',*,*,#2239,.F.);
#1115=ORIENTED_EDGE('',*,*,#2240,.F.);
#1116=ORIENTED_EDGE('',*,*,#2241,.F.);
#1117=ORIENTED_EDGE('',*,*,#2225,.T.);
#1118=ORIENTED_EDGE('',*,*,#2242,.F.);
#1119=ORIENTED_EDGE('',*,*,#2142,.F.);
#1120=ORIENTED_EDGE('',*,*,#2243,.F.);
#1121=ORIENTED_EDGE('',*,*,#2228,.T.);
#1122=ORIENTED_EDGE('',*,*,#2244,.F.);
#1123=ORIENTED_EDGE('',*,*,#2145,.F.);
#1124=ORIENTED_EDGE('',*,*,#2245,.F.);
#1125=ORIENTED_EDGE('',*,*,#2231,.T.);
#1126=ORIENTED_EDGE('',*,*,#2246,.F.);
#1127=ORIENTED_EDGE('',*,*,#2148,.F.);
#1128=ORIENTED_EDGE('',*,*,#2247,.F.);
#1129=ORIENTED_EDGE('',*,*,#2234,.T.);
#1130=ORIENTED_EDGE('',*,*,#2248,.F.);
#1131=ORIENTED_EDGE('',*,*,#2151,.F.);
#1132=ORIENTED_EDGE('',*,*,#2249,.F.);
#1133=ORIENTED_EDGE('',*,*,#2237,.T.);
#1134=ORIENTED_EDGE('',*,*,#2250,.F.);
#1135=ORIENTED_EDGE('',*,*,#2154,.F.);
#1136=ORIENTED_EDGE('',*,*,#2251,.F.);
#1137=ORIENTED_EDGE('',*,*,#2240,.T.);
#1138=ORIENTED_EDGE('',*,*,#2252,.F.);
#1139=ORIENTED_EDGE('',*,*,#2157,.F.);
#1140=ORIENTED_EDGE('',*,*,#2253,.F.);
#1141=ORIENTED_EDGE('',*,*,#2254,.F.);
#1142=ORIENTED_EDGE('',*,*,#2255,.F.);
#1143=ORIENTED_EDGE('',*,*,#2053,.T.);
#1144=ORIENTED_EDGE('',*,*,#2256,.F.);
#1145=ORIENTED_EDGE('',*,*,#2257,.F.);
#1146=ORIENTED_EDGE('',*,*,#2258,.F.);
#1147=ORIENTED_EDGE('',*,*,#2057,.T.);
#1148=ORIENTED_EDGE('',*,*,#2259,.F.);
#1149=ORIENTED_EDGE('',*,*,#2260,.F.);
#1150=ORIENTED_EDGE('',*,*,#2261,.F.);
#1151=ORIENTED_EDGE('',*,*,#2061,.T.);
#1152=ORIENTED_EDGE('',*,*,#2262,.F.);
#1153=ORIENTED_EDGE('',*,*,#2263,.F.);
#1154=ORIENTED_EDGE('',*,*,#2264,.F.);
#1155=ORIENTED_EDGE('',*,*,#2065,.T.);
#1156=ORIENTED_EDGE('',*,*,#2265,.F.);
#1157=ORIENTED_EDGE('',*,*,#2266,.F.);
#1158=ORIENTED_EDGE('',*,*,#2267,.F.);
#1159=ORIENTED_EDGE('',*,*,#2069,.T.);
#1160=ORIENTED_EDGE('',*,*,#2268,.F.);
#1161=ORIENTED_EDGE('',*,*,#2269,.F.);
#1162=ORIENTED_EDGE('',*,*,#2270,.F.);
#1163=ORIENTED_EDGE('',*,*,#2073,.T.);
#1164=ORIENTED_EDGE('',*,*,#2271,.T.);
#1165=ORIENTED_EDGE('',*,*,#2272,.F.);
#1166=ORIENTED_EDGE('',*,*,#2273,.T.);
#1167=ORIENTED_EDGE('',*,*,#2254,.T.);
#1168=ORIENTED_EDGE('',*,*,#2274,.T.);
#1169=ORIENTED_EDGE('',*,*,#2275,.F.);
#1170=ORIENTED_EDGE('',*,*,#2276,.T.);
#1171=ORIENTED_EDGE('',*,*,#2257,.T.);
#1172=ORIENTED_EDGE('',*,*,#2277,.T.);
#1173=ORIENTED_EDGE('',*,*,#2278,.F.);
#1174=ORIENTED_EDGE('',*,*,#2279,.T.);
#1175=ORIENTED_EDGE('',*,*,#2260,.T.);
#1176=ORIENTED_EDGE('',*,*,#2280,.T.);
#1177=ORIENTED_EDGE('',*,*,#2281,.F.);
#1178=ORIENTED_EDGE('',*,*,#2282,.T.);
#1179=ORIENTED_EDGE('',*,*,#2263,.T.);
#1180=ORIENTED_EDGE('',*,*,#2283,.T.);
#1181=ORIENTED_EDGE('',*,*,#2284,.F.);
#1182=ORIENTED_EDGE('',*,*,#2285,.T.);
#1183=ORIENTED_EDGE('',*,*,#2266,.T.);
#1184=ORIENTED_EDGE('',*,*,#2286,.T.);
#1185=ORIENTED_EDGE('',*,*,#2287,.F.);
#1186=ORIENTED_EDGE('',*,*,#2288,.T.);
#1187=ORIENTED_EDGE('',*,*,#2269,.T.);
#1188=ORIENTED_EDGE('',*,*,#2289,.F.);
#1189=ORIENTED_EDGE('',*,*,#2290,.F.);
#1190=ORIENTED_EDGE('',*,*,#2291,.F.);
#1191=ORIENTED_EDGE('',*,*,#2272,.T.);
#1192=ORIENTED_EDGE('',*,*,#2292,.F.);
#1193=ORIENTED_EDGE('',*,*,#2293,.F.);
#1194=ORIENTED_EDGE('',*,*,#2294,.F.);
#1195=ORIENTED_EDGE('',*,*,#2275,.T.);
#1196=ORIENTED_EDGE('',*,*,#2295,.F.);
#1197=ORIENTED_EDGE('',*,*,#2296,.F.);
#1198=ORIENTED_EDGE('',*,*,#2297,.F.);
#1199=ORIENTED_EDGE('',*,*,#2278,.T.);
#1200=ORIENTED_EDGE('',*,*,#2298,.F.);
#1201=ORIENTED_EDGE('',*,*,#2299,.F.);
#1202=ORIENTED_EDGE('',*,*,#2300,.F.);
#1203=ORIENTED_EDGE('',*,*,#2281,.T.);
#1204=ORIENTED_EDGE('',*,*,#2301,.F.);
#1205=ORIENTED_EDGE('',*,*,#2302,.F.);
#1206=ORIENTED_EDGE('',*,*,#2303,.F.);
#1207=ORIENTED_EDGE('',*,*,#2284,.T.);
#1208=ORIENTED_EDGE('',*,*,#2304,.F.);
#1209=ORIENTED_EDGE('',*,*,#2305,.F.);
#1210=ORIENTED_EDGE('',*,*,#2306,.F.);
#1211=ORIENTED_EDGE('',*,*,#2287,.T.);
#1212=ORIENTED_EDGE('',*,*,#2307,.F.);
#1213=ORIENTED_EDGE('',*,*,#2308,.F.);
#1214=ORIENTED_EDGE('',*,*,#2309,.F.);
#1215=ORIENTED_EDGE('',*,*,#2290,.T.);
#1216=ORIENTED_EDGE('',*,*,#2310,.F.);
#1217=ORIENTED_EDGE('',*,*,#2311,.F.);
#1218=ORIENTED_EDGE('',*,*,#2312,.F.);
#1219=ORIENTED_EDGE('',*,*,#2293,.T.);
#1220=ORIENTED_EDGE('',*,*,#2313,.F.);
#1221=ORIENTED_EDGE('',*,*,#2314,.F.);
#1222=ORIENTED_EDGE('',*,*,#2315,.F.);
#1223=ORIENTED_EDGE('',*,*,#2296,.T.);
#1224=ORIENTED_EDGE('',*,*,#2316,.F.);
#1225=ORIENTED_EDGE('',*,*,#2317,.F.);
#1226=ORIENTED_EDGE('',*,*,#2318,.F.);
#1227=ORIENTED_EDGE('',*,*,#2299,.T.);
#1228=ORIENTED_EDGE('',*,*,#2319,.F.);
#1229=ORIENTED_EDGE('',*,*,#2320,.F.);
#1230=ORIENTED_EDGE('',*,*,#2321,.F.);
#1231=ORIENTED_EDGE('',*,*,#2302,.T.);
#1232=ORIENTED_EDGE('',*,*,#2322,.F.);
#1233=ORIENTED_EDGE('',*,*,#2323,.F.);
#1234=ORIENTED_EDGE('',*,*,#2324,.F.);
#1235=ORIENTED_EDGE('',*,*,#2305,.T.);
#1236=ORIENTED_EDGE('',*,*,#2325,.F.);
#1237=ORIENTED_EDGE('',*,*,#2326,.F.);
#1238=ORIENTED_EDGE('',*,*,#2327,.F.);
#1239=ORIENTED_EDGE('',*,*,#2308,.T.);
#1240=ORIENTED_EDGE('',*,*,#2328,.F.);
#1241=ORIENTED_EDGE('',*,*,#2329,.F.);
#1242=ORIENTED_EDGE('',*,*,#2330,.F.);
#1243=ORIENTED_EDGE('',*,*,#2311,.T.);
#1244=ORIENTED_EDGE('',*,*,#2331,.F.);
#1245=ORIENTED_EDGE('',*,*,#2332,.F.);
#1246=ORIENTED_EDGE('',*,*,#2333,.F.);
#1247=ORIENTED_EDGE('',*,*,#2314,.T.);
#1248=ORIENTED_EDGE('',*,*,#2334,.F.);
#1249=ORIENTED_EDGE('',*,*,#2335,.F.);
#1250=ORIENTED_EDGE('',*,*,#2336,.F.);
#1251=ORIENTED_EDGE('',*,*,#2317,.T.);
#1252=ORIENTED_EDGE('',*,*,#2337,.F.);
#1253=ORIENTED_EDGE('',*,*,#2338,.F.);
#1254=ORIENTED_EDGE('',*,*,#2339,.F.);
#1255=ORIENTED_EDGE('',*,*,#2320,.T.);
#1256=ORIENTED_EDGE('',*,*,#2340,.F.);
#1257=ORIENTED_EDGE('',*,*,#2341,.F.);
#1258=ORIENTED_EDGE('',*,*,#2342,.F.);
#1259=ORIENTED_EDGE('',*,*,#2323,.T.);
#1260=ORIENTED_EDGE('',*,*,#2343,.F.);
#1261=ORIENTED_EDGE('',*,*,#2344,.F.);
#1262=ORIENTED_EDGE('',*,*,#2345,.F.);
#1263=ORIENTED_EDGE('',*,*,#2326,.T.);
#1264=ORIENTED_EDGE('',*,*,#2346,.F.);
#1265=ORIENTED_EDGE('',*,*,#2347,.F.);
#1266=ORIENTED_EDGE('',*,*,#2348,.F.);
#1267=ORIENTED_EDGE('',*,*,#2329,.T.);
#1268=ORIENTED_EDGE('',*,*,#2349,.F.);
#1269=ORIENTED_EDGE('',*,*,#2350,.F.);
#1270=ORIENTED_EDGE('',*,*,#2351,.F.);
#1271=ORIENTED_EDGE('',*,*,#2332,.T.);
#1272=ORIENTED_EDGE('',*,*,#2352,.F.);
#1273=ORIENTED_EDGE('',*,*,#2353,.F.);
#1274=ORIENTED_EDGE('',*,*,#2354,.F.);
#1275=ORIENTED_EDGE('',*,*,#2335,.T.);
#1276=ORIENTED_EDGE('',*,*,#2355,.F.);
#1277=ORIENTED_EDGE('',*,*,#2356,.F.);
#1278=ORIENTED_EDGE('',*,*,#2357,.F.);
#1279=ORIENTED_EDGE('',*,*,#2338,.T.);
#1280=ORIENTED_EDGE('',*,*,#2358,.F.);
#1281=ORIENTED_EDGE('',*,*,#2359,.F.);
#1282=ORIENTED_EDGE('',*,*,#2360,.F.);
#1283=ORIENTED_EDGE('',*,*,#2341,.T.);
#1284=ORIENTED_EDGE('',*,*,#2361,.F.);
#1285=ORIENTED_EDGE('',*,*,#2101,.F.);
#1286=ORIENTED_EDGE('',*,*,#2362,.F.);
#1287=ORIENTED_EDGE('',*,*,#2344,.T.);
#1288=ORIENTED_EDGE('',*,*,#2363,.F.);
#1289=ORIENTED_EDGE('',*,*,#2097,.F.);
#1290=ORIENTED_EDGE('',*,*,#2364,.F.);
#1291=ORIENTED_EDGE('',*,*,#2347,.T.);
#1292=ORIENTED_EDGE('',*,*,#2365,.F.);
#1293=ORIENTED_EDGE('',*,*,#2093,.F.);
#1294=ORIENTED_EDGE('',*,*,#2366,.F.);
#1295=ORIENTED_EDGE('',*,*,#2350,.T.);
#1296=ORIENTED_EDGE('',*,*,#2367,.F.);
#1297=ORIENTED_EDGE('',*,*,#2089,.F.);
#1298=ORIENTED_EDGE('',*,*,#2368,.F.);
#1299=ORIENTED_EDGE('',*,*,#2353,.T.);
#1300=ORIENTED_EDGE('',*,*,#2369,.F.);
#1301=ORIENTED_EDGE('',*,*,#2085,.F.);
#1302=ORIENTED_EDGE('',*,*,#2370,.F.);
#1303=ORIENTED_EDGE('',*,*,#2356,.T.);
#1304=ORIENTED_EDGE('',*,*,#2371,.F.);
#1305=ORIENTED_EDGE('',*,*,#2081,.F.);
#1306=ORIENTED_EDGE('',*,*,#2372,.F.);
#1307=ORIENTED_EDGE('',*,*,#2359,.T.);
#1308=ORIENTED_EDGE('',*,*,#2139,.T.);
#1309=ORIENTED_EDGE('',*,*,#2198,.F.);
#1310=ORIENTED_EDGE('',*,*,#2131,.F.);
#1311=ORIENTED_EDGE('',*,*,#2196,.T.);
#1312=ORIENTED_EDGE('',*,*,#2051,.T.);
#1313=ORIENTED_EDGE('',*,*,#2136,.T.);
#1314=ORIENTED_EDGE('',*,*,#2103,.T.);
#1315=ORIENTED_EDGE('',*,*,#2373,.T.);
#1316=ORIENTED_EDGE('',*,*,#2052,.T.);
#1317=ORIENTED_EDGE('',*,*,#2373,.F.);
#1318=ORIENTED_EDGE('',*,*,#2102,.T.);
#1319=ORIENTED_EDGE('',*,*,#2361,.T.);
#1320=ORIENTED_EDGE('',*,*,#2343,.T.);
#1321=ORIENTED_EDGE('',*,*,#2325,.T.);
#1322=ORIENTED_EDGE('',*,*,#2307,.T.);
#1323=ORIENTED_EDGE('',*,*,#2289,.T.);
#1324=ORIENTED_EDGE('',*,*,#2271,.F.);
#1325=ORIENTED_EDGE('',*,*,#2253,.T.);
#1326=ORIENTED_EDGE('',*,*,#2075,.T.);
#1327=ORIENTED_EDGE('',*,*,#2374,.F.);
#1328=ORIENTED_EDGE('',*,*,#2079,.T.);
#1329=ORIENTED_EDGE('',*,*,#2134,.F.);
#1330=ORIENTED_EDGE('',*,*,#2074,.T.);
#1331=ORIENTED_EDGE('',*,*,#2270,.T.);
#1332=ORIENTED_EDGE('',*,*,#2288,.F.);
#1333=ORIENTED_EDGE('',*,*,#2306,.T.);
#1334=ORIENTED_EDGE('',*,*,#2324,.T.);
#1335=ORIENTED_EDGE('',*,*,#2342,.T.);
#1336=ORIENTED_EDGE('',*,*,#2360,.T.);
#1337=ORIENTED_EDGE('',*,*,#2372,.T.);
#1338=ORIENTED_EDGE('',*,*,#2080,.T.);
#1339=ORIENTED_EDGE('',*,*,#2374,.T.);
#1340=ORIENTED_EDGE('',*,*,#2072,.T.);
#1341=ORIENTED_EDGE('',*,*,#2375,.F.);
#1342=ORIENTED_EDGE('',*,*,#2082,.T.);
#1343=ORIENTED_EDGE('',*,*,#2371,.T.);
#1344=ORIENTED_EDGE('',*,*,#2358,.T.);
#1345=ORIENTED_EDGE('',*,*,#2340,.T.);
#1346=ORIENTED_EDGE('',*,*,#2322,.T.);
#1347=ORIENTED_EDGE('',*,*,#2304,.T.);
#1348=ORIENTED_EDGE('',*,*,#2286,.F.);
#1349=ORIENTED_EDGE('',*,*,#2268,.T.);
#1350=ORIENTED_EDGE('',*,*,#2071,.T.);
#1351=ORIENTED_EDGE('',*,*,#2376,.F.);
#1352=ORIENTED_EDGE('',*,*,#2083,.T.);
#1353=ORIENTED_EDGE('',*,*,#2375,.T.);
#1354=ORIENTED_EDGE('',*,*,#2070,.T.);
#1355=ORIENTED_EDGE('',*,*,#2267,.T.);
#1356=ORIENTED_EDGE('',*,*,#2285,.F.);
#1357=ORIENTED_EDGE('',*,*,#2303,.T.);
#1358=ORIENTED_EDGE('',*,*,#2321,.T.);
#1359=ORIENTED_EDGE('',*,*,#2339,.T.);
#1360=ORIENTED_EDGE('',*,*,#2357,.T.);
#1361=ORIENTED_EDGE('',*,*,#2370,.T.);
#1362=ORIENTED_EDGE('',*,*,#2084,.T.);
#1363=ORIENTED_EDGE('',*,*,#2376,.T.);
#1364=ORIENTED_EDGE('',*,*,#2068,.T.);
#1365=ORIENTED_EDGE('',*,*,#2377,.F.);
#1366=ORIENTED_EDGE('',*,*,#2086,.T.);
#1367=ORIENTED_EDGE('',*,*,#2369,.T.);
#1368=ORIENTED_EDGE('',*,*,#2355,.T.);
#1369=ORIENTED_EDGE('',*,*,#2337,.T.);
#1370=ORIENTED_EDGE('',*,*,#2319,.T.);
#1371=ORIENTED_EDGE('',*,*,#2301,.T.);
#1372=ORIENTED_EDGE('',*,*,#2283,.F.);
#1373=ORIENTED_EDGE('',*,*,#2265,.T.);
#1374=ORIENTED_EDGE('',*,*,#2067,.T.);
#1375=ORIENTED_EDGE('',*,*,#2378,.F.);
#1376=ORIENTED_EDGE('',*,*,#2087,.T.);
#1377=ORIENTED_EDGE('',*,*,#2377,.T.);
#1378=ORIENTED_EDGE('',*,*,#2066,.T.);
#1379=ORIENTED_EDGE('',*,*,#2264,.T.);
#1380=ORIENTED_EDGE('',*,*,#2282,.F.);
#1381=ORIENTED_EDGE('',*,*,#2300,.T.);
#1382=ORIENTED_EDGE('',*,*,#2318,.T.);
#1383=ORIENTED_EDGE('',*,*,#2336,.T.);
#1384=ORIENTED_EDGE('',*,*,#2354,.T.);
#1385=ORIENTED_EDGE('',*,*,#2368,.T.);
#1386=ORIENTED_EDGE('',*,*,#2088,.T.);
#1387=ORIENTED_EDGE('',*,*,#2378,.T.);
#1388=ORIENTED_EDGE('',*,*,#2064,.T.);
#1389=ORIENTED_EDGE('',*,*,#2379,.F.);
#1390=ORIENTED_EDGE('',*,*,#2090,.T.);
#1391=ORIENTED_EDGE('',*,*,#2367,.T.);
#1392=ORIENTED_EDGE('',*,*,#2352,.T.);
#1393=ORIENTED_EDGE('',*,*,#2334,.T.);
#1394=ORIENTED_EDGE('',*,*,#2316,.T.);
#1395=ORIENTED_EDGE('',*,*,#2298,.T.);
#1396=ORIENTED_EDGE('',*,*,#2280,.F.);
#1397=ORIENTED_EDGE('',*,*,#2262,.T.);
#1398=ORIENTED_EDGE('',*,*,#2063,.T.);
#1399=ORIENTED_EDGE('',*,*,#2380,.F.);
#1400=ORIENTED_EDGE('',*,*,#2091,.T.);
#1401=ORIENTED_EDGE('',*,*,#2379,.T.);
#1402=ORIENTED_EDGE('',*,*,#2062,.T.);
#1403=ORIENTED_EDGE('',*,*,#2261,.T.);
#1404=ORIENTED_EDGE('',*,*,#2279,.F.);
#1405=ORIENTED_EDGE('',*,*,#2297,.T.);
#1406=ORIENTED_EDGE('',*,*,#2315,.T.);
#1407=ORIENTED_EDGE('',*,*,#2333,.T.);
#1408=ORIENTED_EDGE('',*,*,#2351,.T.);
#1409=ORIENTED_EDGE('',*,*,#2366,.T.);
#1410=ORIENTED_EDGE('',*,*,#2092,.T.);
#1411=ORIENTED_EDGE('',*,*,#2380,.T.);
#1412=ORIENTED_EDGE('',*,*,#2060,.T.);
#1413=ORIENTED_EDGE('',*,*,#2381,.F.);
#1414=ORIENTED_EDGE('',*,*,#2094,.T.);
#1415=ORIENTED_EDGE('',*,*,#2365,.T.);
#1416=ORIENTED_EDGE('',*,*,#2349,.T.);
#1417=ORIENTED_EDGE('',*,*,#2331,.T.);
#1418=ORIENTED_EDGE('',*,*,#2313,.T.);
#1419=ORIENTED_EDGE('',*,*,#2295,.T.);
#1420=ORIENTED_EDGE('',*,*,#2277,.F.);
#1421=ORIENTED_EDGE('',*,*,#2259,.T.);
#1422=ORIENTED_EDGE('',*,*,#2059,.T.);
#1423=ORIENTED_EDGE('',*,*,#2382,.F.);
#1424=ORIENTED_EDGE('',*,*,#2095,.T.);
#1425=ORIENTED_EDGE('',*,*,#2381,.T.);
#1426=ORIENTED_EDGE('',*,*,#2058,.T.);
#1427=ORIENTED_EDGE('',*,*,#2258,.T.);
#1428=ORIENTED_EDGE('',*,*,#2276,.F.);
#1429=ORIENTED_EDGE('',*,*,#2294,.T.);
#1430=ORIENTED_EDGE('',*,*,#2312,.T.);
#1431=ORIENTED_EDGE('',*,*,#2330,.T.);
#1432=ORIENTED_EDGE('',*,*,#2348,.T.);
#1433=ORIENTED_EDGE('',*,*,#2364,.T.);
#1434=ORIENTED_EDGE('',*,*,#2096,.T.);
#1435=ORIENTED_EDGE('',*,*,#2382,.T.);
#1436=ORIENTED_EDGE('',*,*,#2054,.T.);
#1437=ORIENTED_EDGE('',*,*,#2255,.T.);
#1438=ORIENTED_EDGE('',*,*,#2273,.F.);
#1439=ORIENTED_EDGE('',*,*,#2291,.T.);
#1440=ORIENTED_EDGE('',*,*,#2309,.T.);
#1441=ORIENTED_EDGE('',*,*,#2327,.T.);
#1442=ORIENTED_EDGE('',*,*,#2345,.T.);
#1443=ORIENTED_EDGE('',*,*,#2362,.T.);
#1444=ORIENTED_EDGE('',*,*,#2100,.T.);
#1445=ORIENTED_EDGE('',*,*,#2383,.T.);
#1446=ORIENTED_EDGE('',*,*,#2055,.T.);
#1447=ORIENTED_EDGE('',*,*,#2383,.F.);
#1448=ORIENTED_EDGE('',*,*,#2099,.T.);
#1449=ORIENTED_EDGE('',*,*,#2384,.T.);
#1450=ORIENTED_EDGE('',*,*,#2056,.T.);
#1451=ORIENTED_EDGE('',*,*,#2384,.F.);
#1452=ORIENTED_EDGE('',*,*,#2098,.T.);
#1453=ORIENTED_EDGE('',*,*,#2363,.T.);
#1454=ORIENTED_EDGE('',*,*,#2346,.T.);
#1455=ORIENTED_EDGE('',*,*,#2328,.T.);
#1456=ORIENTED_EDGE('',*,*,#2310,.T.);
#1457=ORIENTED_EDGE('',*,*,#2292,.T.);
#1458=ORIENTED_EDGE('',*,*,#2274,.F.);
#1459=ORIENTED_EDGE('',*,*,#2256,.T.);
#1460=ORIENTED_EDGE('',*,*,#2048,.T.);
#1461=ORIENTED_EDGE('',*,*,#2158,.T.);
#1462=ORIENTED_EDGE('',*,*,#2252,.T.);
#1463=ORIENTED_EDGE('',*,*,#2239,.T.);
#1464=ORIENTED_EDGE('',*,*,#2200,.T.);
#1465=ORIENTED_EDGE('',*,*,#2385,.T.);
#1466=ORIENTED_EDGE('',*,*,#2049,.T.);
#1467=ORIENTED_EDGE('',*,*,#2385,.F.);
#1468=ORIENTED_EDGE('',*,*,#2199,.T.);
#1469=ORIENTED_EDGE('',*,*,#2137,.T.);
#1470=ORIENTED_EDGE('',*,*,#2044,.T.);
#1471=ORIENTED_EDGE('',*,*,#2155,.T.);
#1472=ORIENTED_EDGE('',*,*,#2250,.T.);
#1473=ORIENTED_EDGE('',*,*,#2236,.T.);
#1474=ORIENTED_EDGE('',*,*,#2204,.T.);
#1475=ORIENTED_EDGE('',*,*,#2386,.T.);
#1476=ORIENTED_EDGE('',*,*,#2046,.T.);
#1477=ORIENTED_EDGE('',*,*,#2387,.F.);
#1478=ORIENTED_EDGE('',*,*,#2202,.T.);
#1479=ORIENTED_EDGE('',*,*,#2238,.T.);
#1480=ORIENTED_EDGE('',*,*,#2251,.T.);
#1481=ORIENTED_EDGE('',*,*,#2156,.T.);
#1482=ORIENTED_EDGE('',*,*,#2045,.T.);
#1483=ORIENTED_EDGE('',*,*,#2386,.F.);
#1484=ORIENTED_EDGE('',*,*,#2203,.T.);
#1485=ORIENTED_EDGE('',*,*,#2387,.T.);
#1486=ORIENTED_EDGE('',*,*,#2040,.T.);
#1487=ORIENTED_EDGE('',*,*,#2152,.T.);
#1488=ORIENTED_EDGE('',*,*,#2248,.T.);
#1489=ORIENTED_EDGE('',*,*,#2233,.T.);
#1490=ORIENTED_EDGE('',*,*,#2208,.T.);
#1491=ORIENTED_EDGE('',*,*,#2388,.T.);
#1492=ORIENTED_EDGE('',*,*,#2042,.T.);
#1493=ORIENTED_EDGE('',*,*,#2389,.F.);
#1494=ORIENTED_EDGE('',*,*,#2206,.T.);
#1495=ORIENTED_EDGE('',*,*,#2235,.T.);
#1496=ORIENTED_EDGE('',*,*,#2249,.T.);
#1497=ORIENTED_EDGE('',*,*,#2153,.T.);
#1498=ORIENTED_EDGE('',*,*,#2041,.T.);
#1499=ORIENTED_EDGE('',*,*,#2388,.F.);
#1500=ORIENTED_EDGE('',*,*,#2207,.T.);
#1501=ORIENTED_EDGE('',*,*,#2389,.T.);
#1502=ORIENTED_EDGE('',*,*,#2036,.T.);
#1503=ORIENTED_EDGE('',*,*,#2149,.T.);
#1504=ORIENTED_EDGE('',*,*,#2246,.T.);
#1505=ORIENTED_EDGE('',*,*,#2230,.T.);
#1506=ORIENTED_EDGE('',*,*,#2212,.T.);
#1507=ORIENTED_EDGE('',*,*,#2390,.T.);
#1508=ORIENTED_EDGE('',*,*,#2038,.T.);
#1509=ORIENTED_EDGE('',*,*,#2391,.F.);
#1510=ORIENTED_EDGE('',*,*,#2210,.T.);
#1511=ORIENTED_EDGE('',*,*,#2232,.T.);
#1512=ORIENTED_EDGE('',*,*,#2247,.T.);
#1513=ORIENTED_EDGE('',*,*,#2150,.T.);
#1514=ORIENTED_EDGE('',*,*,#2037,.T.);
#1515=ORIENTED_EDGE('',*,*,#2390,.F.);
#1516=ORIENTED_EDGE('',*,*,#2211,.T.);
#1517=ORIENTED_EDGE('',*,*,#2391,.T.);
#1518=ORIENTED_EDGE('',*,*,#2032,.T.);
#1519=ORIENTED_EDGE('',*,*,#2146,.T.);
#1520=ORIENTED_EDGE('',*,*,#2244,.T.);
#1521=ORIENTED_EDGE('',*,*,#2227,.T.);
#1522=ORIENTED_EDGE('',*,*,#2216,.T.);
#1523=ORIENTED_EDGE('',*,*,#2392,.T.);
#1524=ORIENTED_EDGE('',*,*,#2034,.T.);
#1525=ORIENTED_EDGE('',*,*,#2393,.F.);
#1526=ORIENTED_EDGE('',*,*,#2214,.T.);
#1527=ORIENTED_EDGE('',*,*,#2229,.T.);
#1528=ORIENTED_EDGE('',*,*,#2245,.T.);
#1529=ORIENTED_EDGE('',*,*,#2147,.T.);
#1530=ORIENTED_EDGE('',*,*,#2033,.T.);
#1531=ORIENTED_EDGE('',*,*,#2392,.F.);
#1532=ORIENTED_EDGE('',*,*,#2215,.T.);
#1533=ORIENTED_EDGE('',*,*,#2393,.T.);
#1534=ORIENTED_EDGE('',*,*,#2028,.T.);
#1535=ORIENTED_EDGE('',*,*,#2143,.T.);
#1536=ORIENTED_EDGE('',*,*,#2242,.T.);
#1537=ORIENTED_EDGE('',*,*,#2224,.T.);
#1538=ORIENTED_EDGE('',*,*,#2220,.T.);
#1539=ORIENTED_EDGE('',*,*,#2394,.T.);
#1540=ORIENTED_EDGE('',*,*,#2030,.T.);
#1541=ORIENTED_EDGE('',*,*,#2395,.F.);
#1542=ORIENTED_EDGE('',*,*,#2218,.T.);
#1543=ORIENTED_EDGE('',*,*,#2226,.T.);
#1544=ORIENTED_EDGE('',*,*,#2243,.T.);
#1545=ORIENTED_EDGE('',*,*,#2144,.T.);
#1546=ORIENTED_EDGE('',*,*,#2029,.T.);
#1547=ORIENTED_EDGE('',*,*,#2394,.F.);
#1548=ORIENTED_EDGE('',*,*,#2219,.T.);
#1549=ORIENTED_EDGE('',*,*,#2395,.T.);
#1550=ORIENTED_EDGE('',*,*,#2026,.T.);
#1551=ORIENTED_EDGE('',*,*,#2396,.F.);
#1552=ORIENTED_EDGE('',*,*,#2222,.T.);
#1553=ORIENTED_EDGE('',*,*,#2223,.T.);
#1554=ORIENTED_EDGE('',*,*,#2241,.T.);
#1555=ORIENTED_EDGE('',*,*,#2141,.T.);
#1556=ORIENTED_EDGE('',*,*,#2025,.T.);
#1557=ORIENTED_EDGE('',*,*,#2133,.F.);
#1558=ORIENTED_EDGE('',*,*,#2197,.T.);
#1559=ORIENTED_EDGE('',*,*,#2396,.T.);
#1560=ORIENTED_EDGE('',*,*,#2105,.T.);
#1561=ORIENTED_EDGE('',*,*,#2135,.T.);
#1562=ORIENTED_EDGE('',*,*,#2195,.T.);
#1563=ORIENTED_EDGE('',*,*,#2397,.F.);
#1564=ORIENTED_EDGE('',*,*,#2106,.T.);
#1565=ORIENTED_EDGE('',*,*,#2397,.T.);
#1566=ORIENTED_EDGE('',*,*,#2194,.T.);
#1567=ORIENTED_EDGE('',*,*,#2175,.T.);
#1568=ORIENTED_EDGE('',*,*,#2108,.T.);
#1569=ORIENTED_EDGE('',*,*,#2174,.T.);
#1570=ORIENTED_EDGE('',*,*,#2193,.T.);
#1571=ORIENTED_EDGE('',*,*,#2398,.F.);
#1572=ORIENTED_EDGE('',*,*,#2109,.T.);
#1573=ORIENTED_EDGE('',*,*,#2398,.T.);
#1574=ORIENTED_EDGE('',*,*,#2192,.T.);
#1575=ORIENTED_EDGE('',*,*,#2399,.F.);
#1576=ORIENTED_EDGE('',*,*,#2110,.T.);
#1577=ORIENTED_EDGE('',*,*,#2399,.T.);
#1578=ORIENTED_EDGE('',*,*,#2191,.T.);
#1579=ORIENTED_EDGE('',*,*,#2172,.T.);
#1580=ORIENTED_EDGE('',*,*,#2112,.T.);
#1581=ORIENTED_EDGE('',*,*,#2171,.T.);
#1582=ORIENTED_EDGE('',*,*,#2190,.T.);
#1583=ORIENTED_EDGE('',*,*,#2400,.F.);
#1584=ORIENTED_EDGE('',*,*,#2113,.T.);
#1585=ORIENTED_EDGE('',*,*,#2400,.T.);
#1586=ORIENTED_EDGE('',*,*,#2189,.T.);
#1587=ORIENTED_EDGE('',*,*,#2401,.F.);
#1588=ORIENTED_EDGE('',*,*,#2114,.T.);
#1589=ORIENTED_EDGE('',*,*,#2401,.T.);
#1590=ORIENTED_EDGE('',*,*,#2188,.T.);
#1591=ORIENTED_EDGE('',*,*,#2169,.T.);
#1592=ORIENTED_EDGE('',*,*,#2116,.T.);
#1593=ORIENTED_EDGE('',*,*,#2168,.T.);
#1594=ORIENTED_EDGE('',*,*,#2187,.T.);
#1595=ORIENTED_EDGE('',*,*,#2402,.F.);
#1596=ORIENTED_EDGE('',*,*,#2117,.T.);
#1597=ORIENTED_EDGE('',*,*,#2402,.T.);
#1598=ORIENTED_EDGE('',*,*,#2186,.T.);
#1599=ORIENTED_EDGE('',*,*,#2403,.F.);
#1600=ORIENTED_EDGE('',*,*,#2118,.T.);
#1601=ORIENTED_EDGE('',*,*,#2403,.T.);
#1602=ORIENTED_EDGE('',*,*,#2185,.T.);
#1603=ORIENTED_EDGE('',*,*,#2166,.T.);
#1604=ORIENTED_EDGE('',*,*,#2120,.T.);
#1605=ORIENTED_EDGE('',*,*,#2165,.T.);
#1606=ORIENTED_EDGE('',*,*,#2184,.T.);
#1607=ORIENTED_EDGE('',*,*,#2404,.F.);
#1608=ORIENTED_EDGE('',*,*,#2121,.T.);
#1609=ORIENTED_EDGE('',*,*,#2404,.T.);
#1610=ORIENTED_EDGE('',*,*,#2183,.T.);
#1611=ORIENTED_EDGE('',*,*,#2405,.F.);
#1612=ORIENTED_EDGE('',*,*,#2122,.T.);
#1613=ORIENTED_EDGE('',*,*,#2405,.T.);
#1614=ORIENTED_EDGE('',*,*,#2182,.T.);
#1615=ORIENTED_EDGE('',*,*,#2163,.T.);
#1616=ORIENTED_EDGE('',*,*,#2124,.T.);
#1617=ORIENTED_EDGE('',*,*,#2162,.T.);
#1618=ORIENTED_EDGE('',*,*,#2181,.T.);
#1619=ORIENTED_EDGE('',*,*,#2406,.F.);
#1620=ORIENTED_EDGE('',*,*,#2125,.T.);
#1621=ORIENTED_EDGE('',*,*,#2406,.T.);
#1622=ORIENTED_EDGE('',*,*,#2180,.T.);
#1623=ORIENTED_EDGE('',*,*,#2407,.F.);
#1624=ORIENTED_EDGE('',*,*,#2126,.T.);
#1625=ORIENTED_EDGE('',*,*,#2407,.T.);
#1626=ORIENTED_EDGE('',*,*,#2179,.T.);
#1627=ORIENTED_EDGE('',*,*,#2160,.T.);
#1628=ORIENTED_EDGE('',*,*,#2077,.T.);
#1629=ORIENTED_EDGE('',*,*,#2408,.T.);
#1630=ORIENTED_EDGE('',*,*,#2177,.T.);
#1631=ORIENTED_EDGE('',*,*,#2129,.F.);
#1632=ORIENTED_EDGE('',*,*,#2128,.T.);
#1633=ORIENTED_EDGE('',*,*,#2159,.T.);
#1634=ORIENTED_EDGE('',*,*,#2178,.T.);
#1635=ORIENTED_EDGE('',*,*,#2408,.F.);
#1636=EDGE_CURVE('',#2409,#2410,#2921,.T.);
#1637=EDGE_CURVE('',#2410,#2411,#2922,.T.);
#1638=EDGE_CURVE('',#2412,#2411,#2923,.T.);
#1639=EDGE_CURVE('',#2409,#2412,#2924,.T.);
#1640=EDGE_CURVE('',#2413,#2414,#2925,.T.);
#1641=EDGE_CURVE('',#2413,#2415,#2926,.T.);
#1642=EDGE_CURVE('',#2415,#2416,#2927,.T.);
#1643=EDGE_CURVE('',#2416,#2414,#2928,.T.);
#1644=EDGE_CURVE('',#2417,#2418,#2929,.T.);
#1645=EDGE_CURVE('',#2417,#2419,#2930,.T.);
#1646=EDGE_CURVE('',#2419,#2420,#2931,.T.);
#1647=EDGE_CURVE('',#2420,#2418,#2932,.T.);
#1648=EDGE_CURVE('',#2421,#2422,#2933,.T.);
#1649=EDGE_CURVE('',#2421,#2423,#2934,.T.);
#1650=EDGE_CURVE('',#2423,#2424,#2935,.T.);
#1651=EDGE_CURVE('',#2424,#2422,#2936,.T.);
#1652=EDGE_CURVE('',#2425,#2426,#2937,.T.);
#1653=EDGE_CURVE('',#2425,#2427,#2938,.T.);
#1654=EDGE_CURVE('',#2427,#2428,#2939,.T.);
#1655=EDGE_CURVE('',#2428,#2426,#2940,.T.);
#1656=EDGE_CURVE('',#2429,#2430,#2941,.T.);
#1657=EDGE_CURVE('',#2429,#2431,#2942,.T.);
#1658=EDGE_CURVE('',#2431,#2432,#2943,.T.);
#1659=EDGE_CURVE('',#2432,#2430,#2944,.T.);
#1660=EDGE_CURVE('',#2433,#2434,#2945,.T.);
#1661=EDGE_CURVE('',#2435,#2433,#2946,.T.);
#1662=EDGE_CURVE('',#2436,#2435,#2947,.T.);
#1663=EDGE_CURVE('',#2437,#2436,#2948,.T.);
#1664=EDGE_CURVE('',#2438,#2437,#2949,.T.);
#1665=EDGE_CURVE('',#2439,#2438,#2950,.T.);
#1666=EDGE_CURVE('',#2434,#2439,#2951,.T.);
#1667=EDGE_CURVE('',#2440,#2441,#2952,.T.);
#1668=EDGE_CURVE('',#2442,#2440,#2953,.T.);
#1669=EDGE_CURVE('',#2443,#2442,#2954,.T.);
#1670=EDGE_CURVE('',#2441,#2443,#2955,.T.);
#1671=EDGE_CURVE('',#2444,#2445,#2956,.T.);
#1672=EDGE_CURVE('',#2446,#2444,#2957,.T.);
#1673=EDGE_CURVE('',#2447,#2446,#2958,.T.);
#1674=EDGE_CURVE('',#2445,#2447,#2959,.T.);
#1675=EDGE_CURVE('',#2448,#2449,#2960,.T.);
#1676=EDGE_CURVE('',#2450,#2448,#2961,.T.);
#1677=EDGE_CURVE('',#2451,#2450,#2962,.T.);
#1678=EDGE_CURVE('',#2449,#2451,#2963,.T.);
#1679=EDGE_CURVE('',#2452,#2453,#2964,.T.);
#1680=EDGE_CURVE('',#2454,#2452,#2965,.T.);
#1681=EDGE_CURVE('',#2455,#2454,#2966,.T.);
#1682=EDGE_CURVE('',#2453,#2455,#2967,.T.);
#1683=EDGE_CURVE('',#2456,#2457,#2968,.T.);
#1684=EDGE_CURVE('',#2458,#2456,#2969,.T.);
#1685=EDGE_CURVE('',#2459,#2458,#2970,.T.);
#1686=EDGE_CURVE('',#2457,#2459,#2971,.T.);
#1687=EDGE_CURVE('',#2460,#2461,#2972,.T.);
#1688=EDGE_CURVE('',#2462,#2460,#2973,.T.);
#1689=EDGE_CURVE('',#2463,#2462,#2974,.T.);
#1690=EDGE_CURVE('',#2464,#2463,#2975,.T.);
#1691=EDGE_CURVE('',#2465,#2464,#2976,.T.);
#1692=EDGE_CURVE('',#2466,#2465,#2977,.T.);
#1693=EDGE_CURVE('',#2461,#2466,#2978,.T.);
#1694=EDGE_CURVE('',#2467,#2433,#2979,.T.);
#1695=EDGE_CURVE('',#2467,#2468,#2980,.T.);
#1696=EDGE_CURVE('',#2468,#2435,#2981,.T.);
#1697=EDGE_CURVE('',#2440,#2469,#2982,.T.);
#1698=EDGE_CURVE('',#2470,#2441,#2983,.T.);
#1699=EDGE_CURVE('',#2470,#2469,#2984,.T.);
#1700=EDGE_CURVE('',#2444,#2471,#2985,.T.);
#1701=EDGE_CURVE('',#2472,#2445,#2986,.T.);
#1702=EDGE_CURVE('',#2472,#2471,#2987,.T.);
#1703=EDGE_CURVE('',#2448,#2473,#2988,.T.);
#1704=EDGE_CURVE('',#2474,#2449,#2989,.T.);
#1705=EDGE_CURVE('',#2474,#2473,#2990,.T.);
#1706=EDGE_CURVE('',#2452,#2475,#2991,.T.);
#1707=EDGE_CURVE('',#2476,#2453,#2992,.T.);
#1708=EDGE_CURVE('',#2476,#2475,#2993,.T.);
#1709=EDGE_CURVE('',#2456,#2477,#2994,.T.);
#1710=EDGE_CURVE('',#2478,#2457,#2995,.T.);
#1711=EDGE_CURVE('',#2478,#2477,#2996,.T.);
#1712=EDGE_CURVE('',#2460,#2479,#2997,.T.);
#1713=EDGE_CURVE('',#2480,#2461,#2998,.T.);
#1714=EDGE_CURVE('',#2480,#2479,#2999,.T.);
#1715=EDGE_CURVE('',#2481,#2467,#3000,.T.);
#1716=EDGE_CURVE('',#2481,#2482,#3001,.T.);
#1717=EDGE_CURVE('',#2482,#2469,#3002,.T.);
#1718=EDGE_CURVE('',#2483,#2470,#3003,.T.);
#1719=EDGE_CURVE('',#2483,#2484,#3004,.T.);
#1720=EDGE_CURVE('',#2484,#2471,#3005,.T.);
#1721=EDGE_CURVE('',#2485,#2472,#3006,.T.);
#1722=EDGE_CURVE('',#2485,#2486,#3007,.T.);
#1723=EDGE_CURVE('',#2486,#2473,#3008,.T.);
#1724=EDGE_CURVE('',#2487,#2474,#3009,.T.);
#1725=EDGE_CURVE('',#2487,#2488,#3010,.T.);
#1726=EDGE_CURVE('',#2488,#2475,#3011,.T.);
#1727=EDGE_CURVE('',#2489,#2476,#3012,.T.);
#1728=EDGE_CURVE('',#2489,#2490,#3013,.T.);
#1729=EDGE_CURVE('',#2490,#2477,#3014,.T.);
#1730=EDGE_CURVE('',#2491,#2478,#3015,.T.);
#1731=EDGE_CURVE('',#2491,#2492,#3016,.T.);
#1732=EDGE_CURVE('',#2492,#2479,#3017,.T.);
#1733=EDGE_CURVE('',#2493,#2480,#3018,.T.);
#1734=EDGE_CURVE('',#2493,#2494,#3019,.T.);
#1735=EDGE_CURVE('',#2494,#2468,#3020,.T.);
#1736=EDGE_CURVE('',#2495,#2496,#3021,.T.);
#1737=EDGE_CURVE('',#2497,#2495,#3022,.T.);
#1738=EDGE_CURVE('',#2497,#2498,#3023,.T.);
#1739=EDGE_CURVE('',#2498,#2496,#3024,.T.);
#1740=EDGE_CURVE('',#2499,#2500,#3025,.T.);
#1741=EDGE_CURVE('',#2501,#2499,#3026,.T.);
#1742=EDGE_CURVE('',#2501,#2502,#3027,.T.);
#1743=EDGE_CURVE('',#2502,#2500,#3028,.T.);
#1744=EDGE_CURVE('',#2503,#2504,#3029,.T.);
#1745=EDGE_CURVE('',#2505,#2503,#3030,.T.);
#1746=EDGE_CURVE('',#2505,#2506,#3031,.T.);
#1747=EDGE_CURVE('',#2506,#2504,#3032,.T.);
#1748=EDGE_CURVE('',#2507,#2508,#3033,.T.);
#1749=EDGE_CURVE('',#2509,#2507,#3034,.T.);
#1750=EDGE_CURVE('',#2509,#2510,#3035,.T.);
#1751=EDGE_CURVE('',#2510,#2508,#3036,.T.);
#1752=EDGE_CURVE('',#2511,#2512,#3037,.T.);
#1753=EDGE_CURVE('',#2513,#2511,#3038,.T.);
#1754=EDGE_CURVE('',#2513,#2514,#3039,.T.);
#1755=EDGE_CURVE('',#2514,#2512,#3040,.T.);
#1756=EDGE_CURVE('',#2515,#2516,#3041,.T.);
#1757=EDGE_CURVE('',#2517,#2515,#3042,.T.);
#1758=EDGE_CURVE('',#2517,#2518,#3043,.T.);
#1759=EDGE_CURVE('',#2518,#2516,#3044,.T.);
#1760=EDGE_CURVE('',#2434,#2519,#3045,.T.);
#1761=EDGE_CURVE('',#2520,#2439,#3046,.T.);
#1762=EDGE_CURVE('',#2519,#2520,#3047,.T.);
#1763=EDGE_CURVE('',#2521,#2442,#3048,.T.);
#1764=EDGE_CURVE('',#2522,#2521,#3049,.T.);
#1765=EDGE_CURVE('',#2443,#2522,#3050,.T.);
#1766=EDGE_CURVE('',#2523,#2446,#3051,.T.);
#1767=EDGE_CURVE('',#2524,#2523,#3052,.T.);
#1768=EDGE_CURVE('',#2447,#2524,#3053,.T.);
#1769=EDGE_CURVE('',#2525,#2450,#3054,.T.);
#1770=EDGE_CURVE('',#2526,#2525,#3055,.T.);
#1771=EDGE_CURVE('',#2451,#2526,#3056,.T.);
#1772=EDGE_CURVE('',#2527,#2454,#3057,.T.);
#1773=EDGE_CURVE('',#2528,#2527,#3058,.T.);
#1774=EDGE_CURVE('',#2455,#2528,#3059,.T.);
#1775=EDGE_CURVE('',#2529,#2458,#3060,.T.);
#1776=EDGE_CURVE('',#2530,#2529,#3061,.T.);
#1777=EDGE_CURVE('',#2459,#2530,#3062,.T.);
#1778=EDGE_CURVE('',#2531,#2462,#3063,.T.);
#1779=EDGE_CURVE('',#2532,#2531,#3064,.T.);
#1780=EDGE_CURVE('',#2532,#2463,#3065,.T.);
#1781=EDGE_CURVE('',#2533,#2534,#3066,.T.);
#1782=EDGE_CURVE('',#2533,#2519,#3067,.T.);
#1783=EDGE_CURVE('',#2520,#2535,#3068,.T.);
#1784=EDGE_CURVE('',#2535,#2536,#3069,.T.);
#1785=EDGE_CURVE('',#2536,#2532,#3070,.T.);
#1786=EDGE_CURVE('',#2531,#2537,#3071,.T.);
#1787=EDGE_CURVE('',#2538,#2537,#3072,.T.);
#1788=EDGE_CURVE('',#2538,#2530,#3073,.T.);
#1789=EDGE_CURVE('',#2529,#2539,#3074,.T.);
#1790=EDGE_CURVE('',#2540,#2539,#3075,.T.);
#1791=EDGE_CURVE('',#2540,#2528,#3076,.T.);
#1792=EDGE_CURVE('',#2527,#2541,#3077,.T.);
#1793=EDGE_CURVE('',#2542,#2541,#3078,.T.);
#1794=EDGE_CURVE('',#2542,#2526,#3079,.T.);
#1795=EDGE_CURVE('',#2525,#2543,#3080,.T.);
#1796=EDGE_CURVE('',#2544,#2543,#3081,.T.);
#1797=EDGE_CURVE('',#2544,#2524,#3082,.T.);
#1798=EDGE_CURVE('',#2523,#2545,#3083,.T.);
#1799=EDGE_CURVE('',#2546,#2545,#3084,.T.);
#1800=EDGE_CURVE('',#2546,#2522,#3085,.T.);
#1801=EDGE_CURVE('',#2521,#2534,#3086,.T.);
#1802=EDGE_CURVE('',#2465,#2547,#3087,.T.);
#1803=EDGE_CURVE('',#2464,#2548,#3088,.T.);
#1804=EDGE_CURVE('',#2548,#2547,#3089,.T.);
#1805=EDGE_CURVE('',#2549,#2437,#3090,.T.);
#1806=EDGE_CURVE('',#2549,#2550,#3091,.T.);
#1807=EDGE_CURVE('',#2438,#2550,#3092,.T.);
#1808=EDGE_CURVE('',#2551,#2552,#3093,.T.);
#1809=EDGE_CURVE('',#2551,#2553,#3094,.T.);
#1810=EDGE_CURVE('',#2553,#2554,#3095,.T.);
#1811=EDGE_CURVE('',#2554,#2555,#3096,.T.);
#1812=EDGE_CURVE('',#2556,#2555,#3097,.T.);
#1813=EDGE_CURVE('',#2557,#2556,#3098,.T.);
#1814=EDGE_CURVE('',#2557,#2558,#3099,.T.);
#1815=EDGE_CURVE('',#2558,#2552,#3100,.T.);
#1816=EDGE_CURVE('',#2554,#2559,#3101,.T.);
#1817=EDGE_CURVE('',#2559,#2560,#3102,.T.);
#1818=EDGE_CURVE('',#2560,#2547,#3103,.T.);
#1819=EDGE_CURVE('',#2561,#2548,#3104,.T.);
#1820=EDGE_CURVE('',#2562,#2561,#3105,.T.);
#1821=EDGE_CURVE('',#2563,#2562,#3106,.T.);
#1822=EDGE_CURVE('',#2555,#2563,#50,.T.);
#1823=EDGE_CURVE('',#2564,#2552,#3107,.T.);
#1824=EDGE_CURVE('',#2565,#2558,#51,.T.);
#1825=EDGE_CURVE('',#2566,#2565,#3108,.T.);
#1826=EDGE_CURVE('',#2567,#2566,#3109,.T.);
#1827=EDGE_CURVE('',#2550,#2567,#3110,.T.);
#1828=EDGE_CURVE('',#2549,#2568,#3111,.T.);
#1829=EDGE_CURVE('',#2568,#2564,#3112,.T.);
#1830=EDGE_CURVE('',#2569,#2536,#3113,.T.);
#1831=EDGE_CURVE('',#2570,#2535,#3114,.T.);
#1832=EDGE_CURVE('',#2569,#2570,#3115,.T.);
#1833=EDGE_CURVE('',#2571,#2561,#3116,.T.);
#1834=EDGE_CURVE('',#2572,#2571,#3117,.T.);
#1835=EDGE_CURVE('',#2572,#2562,#3118,.T.);
#1836=EDGE_CURVE('',#2573,#2565,#3119,.T.);
#1837=EDGE_CURVE('',#2574,#2573,#3120,.T.);
#1838=EDGE_CURVE('',#2574,#2566,#3121,.T.);
#1839=EDGE_CURVE('',#2573,#2557,#52,.T.);
#1840=EDGE_CURVE('',#2575,#2563,#3122,.T.);
#1841=EDGE_CURVE('',#2556,#2575,#53,.T.);
#1842=EDGE_CURVE('',#2575,#2572,#3123,.T.);
#1843=EDGE_CURVE('',#2576,#2574,#3124,.T.);
#1844=EDGE_CURVE('',#2576,#2567,#3125,.T.);
#1845=EDGE_CURVE('',#2571,#2569,#3126,.T.);
#1846=EDGE_CURVE('',#2570,#2576,#3127,.T.);
#1847=EDGE_CURVE('',#2550,#2577,#3128,.T.);
#1848=EDGE_CURVE('',#2567,#2578,#3129,.T.);
#1849=EDGE_CURVE('',#2578,#2577,#3130,.T.);
#1850=EDGE_CURVE('',#2579,#2580,#3131,.T.);
#1851=EDGE_CURVE('',#2581,#2580,#3132,.T.);
#1852=EDGE_CURVE('',#2582,#2581,#3133,.T.);
#1853=EDGE_CURVE('',#2582,#2579,#3134,.T.);
#1854=EDGE_CURVE('',#2580,#2578,#3135,.T.);
#1855=EDGE_CURVE('',#2583,#2576,#3136,.T.);
#1856=EDGE_CURVE('',#2581,#2583,#3137,.T.);
#1857=EDGE_CURVE('',#2584,#2570,#3138,.T.);
#1858=EDGE_CURVE('',#2583,#2584,#3139,.T.);
#1859=EDGE_CURVE('',#2577,#2579,#3140,.T.);
#1860=EDGE_CURVE('',#2584,#2582,#3141,.T.);
#1861=EDGE_CURVE('',#2561,#2585,#3142,.T.);
#1862=EDGE_CURVE('',#2548,#2586,#3143,.T.);
#1863=EDGE_CURVE('',#2586,#2585,#3144,.T.);
#1864=EDGE_CURVE('',#2587,#2588,#3145,.T.);
#1865=EDGE_CURVE('',#2589,#2588,#3146,.T.);
#1866=EDGE_CURVE('',#2590,#2589,#3147,.T.);
#1867=EDGE_CURVE('',#2590,#2587,#3148,.T.);
#1868=EDGE_CURVE('',#2591,#2569,#3149,.T.);
#1869=EDGE_CURVE('',#2589,#2591,#3150,.T.);
#1870=EDGE_CURVE('',#2588,#2586,#3151,.T.);
#1871=EDGE_CURVE('',#2592,#2571,#3152,.T.);
#1872=EDGE_CURVE('',#2591,#2592,#3153,.T.);
#1873=EDGE_CURVE('',#2585,#2587,#3154,.T.);
#1874=EDGE_CURVE('',#2592,#2590,#3155,.T.);
#1875=EDGE_CURVE('',#2593,#2560,#3156,.T.);
#1876=EDGE_CURVE('',#2593,#2594,#3157,.T.);
#1877=EDGE_CURVE('',#2594,#2466,#3158,.T.);
#1878=EDGE_CURVE('',#2461,#2595,#3159,.T.);
#1879=EDGE_CURVE('',#2594,#2596,#3160,.T.);
#1880=EDGE_CURVE('',#2596,#2436,#3161,.T.);
#1881=EDGE_CURVE('',#2435,#2597,#3162,.T.);
#1882=EDGE_CURVE('',#2595,#2597,#3163,.T.);
#1883=EDGE_CURVE('',#2596,#2598,#3164,.T.);
#1884=EDGE_CURVE('',#2598,#2568,#3165,.T.);
#1885=EDGE_CURVE('',#2598,#2599,#3166,.T.);
#1886=EDGE_CURVE('',#2599,#2564,#3167,.T.);
#1887=EDGE_CURVE('',#2599,#2551,#3168,.T.);
#1888=EDGE_CURVE('',#2553,#2600,#3169,.T.);
#1889=EDGE_CURVE('',#2600,#2559,#3170,.T.);
#1890=EDGE_CURVE('',#2600,#2593,#3171,.T.);
#1891=EDGE_CURVE('',#2601,#2602,#3172,.T.);
#1892=EDGE_CURVE('',#2601,#2603,#3173,.T.);
#1893=EDGE_CURVE('',#2603,#2604,#3174,.T.);
#1894=EDGE_CURVE('',#2604,#2602,#3175,.T.);
#1895=EDGE_CURVE('',#2605,#2606,#3176,.T.);
#1896=EDGE_CURVE('',#2605,#2429,#3177,.T.);
#1897=EDGE_CURVE('',#2430,#2494,#3178,.T.);
#1898=EDGE_CURVE('',#2412,#2493,#3179,.T.);
#1899=EDGE_CURVE('',#2411,#2607,#3180,.T.);
#1900=EDGE_CURVE('',#2608,#2607,#3181,.T.);
#1901=EDGE_CURVE('',#2608,#2413,#3182,.T.);
#1902=EDGE_CURVE('',#2414,#2609,#3183,.T.);
#1903=EDGE_CURVE('',#2610,#2609,#3184,.T.);
#1904=EDGE_CURVE('',#2610,#2417,#3185,.T.);
#1905=EDGE_CURVE('',#2418,#2611,#3186,.T.);
#1906=EDGE_CURVE('',#2612,#2611,#3187,.T.);
#1907=EDGE_CURVE('',#2612,#2421,#3188,.T.);
#1908=EDGE_CURVE('',#2422,#2613,#3189,.T.);
#1909=EDGE_CURVE('',#2614,#2613,#3190,.T.);
#1910=EDGE_CURVE('',#2614,#2425,#3191,.T.);
#1911=EDGE_CURVE('',#2426,#2615,#3192,.T.);
#1912=EDGE_CURVE('',#2616,#2615,#3193,.T.);
#1913=EDGE_CURVE('',#2616,#2601,#3194,.T.);
#1914=EDGE_CURVE('',#2602,#2606,#3195,.T.);
#1915=EDGE_CURVE('',#2617,#2618,#3196,.T.);
#1916=EDGE_CURVE('',#2618,#2410,#3197,.T.);
#1917=EDGE_CURVE('',#2595,#2409,#3198,.T.);
#1918=EDGE_CURVE('',#2597,#2432,#3199,.T.);
#1919=EDGE_CURVE('',#2431,#2619,#3200,.T.);
#1920=EDGE_CURVE('',#2619,#2620,#3201,.T.);
#1921=EDGE_CURVE('',#2620,#2604,#3202,.T.);
#1922=EDGE_CURVE('',#2603,#2621,#3203,.T.);
#1923=EDGE_CURVE('',#2621,#2622,#3204,.T.);
#1924=EDGE_CURVE('',#2622,#2428,#3205,.T.);
#1925=EDGE_CURVE('',#2427,#2623,#3206,.T.);
#1926=EDGE_CURVE('',#2623,#2624,#3207,.T.);
#1927=EDGE_CURVE('',#2624,#2424,#3208,.T.);
#1928=EDGE_CURVE('',#2423,#2625,#3209,.T.);
#1929=EDGE_CURVE('',#2625,#2626,#3210,.T.);
#1930=EDGE_CURVE('',#2626,#2420,#3211,.T.);
#1931=EDGE_CURVE('',#2419,#2627,#3212,.T.);
#1932=EDGE_CURVE('',#2627,#2628,#3213,.T.);
#1933=EDGE_CURVE('',#2628,#2416,#3214,.T.);
#1934=EDGE_CURVE('',#2415,#2617,#3215,.T.);
#1935=EDGE_CURVE('',#2629,#2492,#3216,.T.);
#1936=EDGE_CURVE('',#2629,#2496,#3217,.T.);
#1937=EDGE_CURVE('',#2630,#2498,#3218,.T.);
#1938=EDGE_CURVE('',#2630,#2537,#3219,.T.);
#1939=EDGE_CURVE('',#2495,#2631,#3220,.T.);
#1940=EDGE_CURVE('',#2631,#2491,#3221,.T.);
#1941=EDGE_CURVE('',#2632,#2538,#3222,.T.);
#1942=EDGE_CURVE('',#2497,#2632,#3223,.T.);
#1943=EDGE_CURVE('',#2633,#2490,#3224,.T.);
#1944=EDGE_CURVE('',#2633,#2500,#3225,.T.);
#1945=EDGE_CURVE('',#2634,#2502,#3226,.T.);
#1946=EDGE_CURVE('',#2634,#2539,#3227,.T.);
#1947=EDGE_CURVE('',#2499,#2635,#3228,.T.);
#1948=EDGE_CURVE('',#2635,#2489,#3229,.T.);
#1949=EDGE_CURVE('',#2636,#2540,#3230,.T.);
#1950=EDGE_CURVE('',#2501,#2636,#3231,.T.);
#1951=EDGE_CURVE('',#2637,#2488,#3232,.T.);
#1952=EDGE_CURVE('',#2637,#2504,#3233,.T.);
#1953=EDGE_CURVE('',#2638,#2506,#3234,.T.);
#1954=EDGE_CURVE('',#2638,#2541,#3235,.T.);
#1955=EDGE_CURVE('',#2503,#2639,#3236,.T.);
#1956=EDGE_CURVE('',#2639,#2487,#3237,.T.);
#1957=EDGE_CURVE('',#2640,#2542,#3238,.T.);
#1958=EDGE_CURVE('',#2505,#2640,#3239,.T.);
#1959=EDGE_CURVE('',#2641,#2486,#3240,.T.);
#1960=EDGE_CURVE('',#2641,#2508,#3241,.T.);
#1961=EDGE_CURVE('',#2642,#2510,#3242,.T.);
#1962=EDGE_CURVE('',#2642,#2543,#3243,.T.);
#1963=EDGE_CURVE('',#2507,#2643,#3244,.T.);
#1964=EDGE_CURVE('',#2643,#2485,#3245,.T.);
#1965=EDGE_CURVE('',#2644,#2544,#3246,.T.);
#1966=EDGE_CURVE('',#2509,#2644,#3247,.T.);
#1967=EDGE_CURVE('',#2645,#2484,#3248,.T.);
#1968=EDGE_CURVE('',#2645,#2512,#3249,.T.);
#1969=EDGE_CURVE('',#2646,#2514,#3250,.T.);
#1970=EDGE_CURVE('',#2646,#2545,#3251,.T.);
#1971=EDGE_CURVE('',#2511,#2647,#3252,.T.);
#1972=EDGE_CURVE('',#2647,#2483,#3253,.T.);
#1973=EDGE_CURVE('',#2648,#2546,#3254,.T.);
#1974=EDGE_CURVE('',#2513,#2648,#3255,.T.);
#1975=EDGE_CURVE('',#2515,#2649,#3256,.T.);
#1976=EDGE_CURVE('',#2649,#2481,#3257,.T.);
#1977=EDGE_CURVE('',#2650,#2533,#3258,.T.);
#1978=EDGE_CURVE('',#2517,#2650,#3259,.T.);
#1979=EDGE_CURVE('',#2651,#2482,#3260,.T.);
#1980=EDGE_CURVE('',#2651,#2516,#3261,.T.);
#1981=EDGE_CURVE('',#2652,#2518,#3262,.T.);
#1982=EDGE_CURVE('',#2652,#2534,#3263,.T.);
#1983=EDGE_CURVE('',#2650,#2652,#3264,.T.);
#1984=EDGE_CURVE('',#2648,#2646,#3265,.T.);
#1985=EDGE_CURVE('',#2644,#2642,#3266,.T.);
#1986=EDGE_CURVE('',#2640,#2638,#3267,.T.);
#1987=EDGE_CURVE('',#2636,#2634,#3268,.T.);
#1988=EDGE_CURVE('',#2632,#2630,#3269,.T.);
#1989=EDGE_CURVE('',#2631,#2629,#3270,.T.);
#1990=EDGE_CURVE('',#2635,#2633,#3271,.T.);
#1991=EDGE_CURVE('',#2639,#2637,#3272,.T.);
#1992=EDGE_CURVE('',#2643,#2641,#3273,.T.);
#1993=EDGE_CURVE('',#2647,#2645,#3274,.T.);
#1994=EDGE_CURVE('',#2649,#2651,#3275,.T.);
#1995=EDGE_CURVE('',#2653,#2619,#3276,.T.);
#1996=EDGE_CURVE('',#2654,#2653,#3277,.T.);
#1997=EDGE_CURVE('',#2654,#2620,#3278,.T.);
#1998=EDGE_CURVE('',#2606,#2654,#3279,.T.);
#1999=EDGE_CURVE('',#2653,#2605,#3280,.T.);
#2000=EDGE_CURVE('',#2655,#2616,#3281,.T.);
#2001=EDGE_CURVE('',#2655,#2621,#3282,.T.);
#2002=EDGE_CURVE('',#2656,#2655,#3283,.T.);
#2003=EDGE_CURVE('',#2656,#2622,#3284,.T.);
#2004=EDGE_CURVE('',#2615,#2656,#3285,.T.);
#2005=EDGE_CURVE('',#2657,#2614,#3286,.T.);
#2006=EDGE_CURVE('',#2657,#2623,#3287,.T.);
#2007=EDGE_CURVE('',#2658,#2657,#3288,.T.);
#2008=EDGE_CURVE('',#2658,#2624,#3289,.T.);
#2009=EDGE_CURVE('',#2613,#2658,#3290,.T.);
#2010=EDGE_CURVE('',#2659,#2612,#3291,.T.);
#2011=EDGE_CURVE('',#2659,#2625,#3292,.T.);
#2012=EDGE_CURVE('',#2660,#2659,#3293,.T.);
#2013=EDGE_CURVE('',#2660,#2626,#3294,.T.);
#2014=EDGE_CURVE('',#2611,#2660,#3295,.T.);
#2015=EDGE_CURVE('',#2661,#2610,#3296,.T.);
#2016=EDGE_CURVE('',#2661,#2627,#3297,.T.);
#2017=EDGE_CURVE('',#2662,#2661,#3298,.T.);
#2018=EDGE_CURVE('',#2662,#2628,#3299,.T.);
#2019=EDGE_CURVE('',#2609,#2662,#3300,.T.);
#2020=EDGE_CURVE('',#2607,#2663,#3301,.T.);
#2021=EDGE_CURVE('',#2663,#2664,#3302,.T.);
#2022=EDGE_CURVE('',#2664,#2608,#3303,.T.);
#2023=EDGE_CURVE('',#2663,#2618,#3304,.T.);
#2024=EDGE_CURVE('',#2664,#2617,#3305,.T.);
#2025=EDGE_CURVE('',#2665,#2666,#3306,.T.);
#2026=EDGE_CURVE('',#2667,#2665,#3307,.T.);
#2027=EDGE_CURVE('',#2667,#2668,#3308,.T.);
#2028=EDGE_CURVE('',#2669,#2668,#3309,.T.);
#2029=EDGE_CURVE('',#2670,#2669,#3310,.T.);
#2030=EDGE_CURVE('',#2671,#2670,#3311,.T.);
#2031=EDGE_CURVE('',#2671,#2672,#3312,.T.);
#2032=EDGE_CURVE('',#2673,#2672,#3313,.T.);
#2033=EDGE_CURVE('',#2674,#2673,#3314,.T.);
#2034=EDGE_CURVE('',#2675,#2674,#3315,.T.);
#2035=EDGE_CURVE('',#2675,#2676,#3316,.T.);
#2036=EDGE_CURVE('',#2677,#2676,#3317,.T.);
#2037=EDGE_CURVE('',#2678,#2677,#3318,.T.);
#2038=EDGE_CURVE('',#2679,#2678,#3319,.T.);
#2039=EDGE_CURVE('',#2679,#2680,#3320,.T.);
#2040=EDGE_CURVE('',#2681,#2680,#3321,.T.);
#2041=EDGE_CURVE('',#2682,#2681,#3322,.T.);
#2042=EDGE_CURVE('',#2683,#2682,#3323,.T.);
#2043=EDGE_CURVE('',#2683,#2684,#3324,.T.);
#2044=EDGE_CURVE('',#2685,#2684,#3325,.T.);
#2045=EDGE_CURVE('',#2686,#2685,#3326,.T.);
#2046=EDGE_CURVE('',#2687,#2686,#3327,.T.);
#2047=EDGE_CURVE('',#2687,#2688,#3328,.T.);
#2048=EDGE_CURVE('',#2689,#2688,#3329,.T.);
#2049=EDGE_CURVE('',#2690,#2689,#3330,.T.);
#2050=EDGE_CURVE('',#2690,#2691,#3331,.T.);
#2051=EDGE_CURVE('',#2692,#2691,#3332,.T.);
#2052=EDGE_CURVE('',#2693,#2692,#3333,.T.);
#2053=EDGE_CURVE('',#2694,#2693,#3334,.T.);
#2054=EDGE_CURVE('',#2695,#2694,#3335,.T.);
#2055=EDGE_CURVE('',#2696,#2695,#3336,.T.);
#2056=EDGE_CURVE('',#2697,#2696,#3337,.T.);
#2057=EDGE_CURVE('',#2698,#2697,#3338,.T.);
#2058=EDGE_CURVE('',#2699,#2698,#3339,.T.);
#2059=EDGE_CURVE('',#2700,#2699,#3340,.T.);
#2060=EDGE_CURVE('',#2701,#2700,#3341,.T.);
#2061=EDGE_CURVE('',#2702,#2701,#3342,.T.);
#2062=EDGE_CURVE('',#2703,#2702,#3343,.T.);
#2063=EDGE_CURVE('',#2704,#2703,#3344,.T.);
#2064=EDGE_CURVE('',#2705,#2704,#3345,.T.);
#2065=EDGE_CURVE('',#2706,#2705,#3346,.T.);
#2066=EDGE_CURVE('',#2707,#2706,#3347,.T.);
#2067=EDGE_CURVE('',#2708,#2707,#3348,.T.);
#2068=EDGE_CURVE('',#2709,#2708,#3349,.T.);
#2069=EDGE_CURVE('',#2710,#2709,#3350,.T.);
#2070=EDGE_CURVE('',#2711,#2710,#3351,.T.);
#2071=EDGE_CURVE('',#2712,#2711,#3352,.T.);
#2072=EDGE_CURVE('',#2713,#2712,#3353,.T.);
#2073=EDGE_CURVE('',#2714,#2713,#3354,.T.);
#2074=EDGE_CURVE('',#2715,#2714,#3355,.T.);
#2075=EDGE_CURVE('',#2716,#2715,#3356,.T.);
#2076=EDGE_CURVE('',#2666,#2716,#3357,.T.);
#2077=EDGE_CURVE('',#2717,#2718,#3358,.T.);
#2078=EDGE_CURVE('',#2719,#2717,#3359,.T.);
#2079=EDGE_CURVE('',#2720,#2719,#3360,.T.);
#2080=EDGE_CURVE('',#2721,#2720,#3361,.T.);
#2081=EDGE_CURVE('',#2721,#2722,#3362,.T.);
#2082=EDGE_CURVE('',#2723,#2722,#3363,.T.);
#2083=EDGE_CURVE('',#2724,#2723,#3364,.T.);
#2084=EDGE_CURVE('',#2725,#2724,#3365,.T.);
#2085=EDGE_CURVE('',#2725,#2726,#3366,.T.);
#2086=EDGE_CURVE('',#2727,#2726,#3367,.T.);
#2087=EDGE_CURVE('',#2728,#2727,#3368,.T.);
#2088=EDGE_CURVE('',#2729,#2728,#3369,.T.);
#2089=EDGE_CURVE('',#2729,#2730,#3370,.T.);
#2090=EDGE_CURVE('',#2731,#2730,#3371,.T.);
#2091=EDGE_CURVE('',#2732,#2731,#3372,.T.);
#2092=EDGE_CURVE('',#2733,#2732,#3373,.T.);
#2093=EDGE_CURVE('',#2733,#2734,#3374,.T.);
#2094=EDGE_CURVE('',#2735,#2734,#3375,.T.);
#2095=EDGE_CURVE('',#2736,#2735,#3376,.T.);
#2096=EDGE_CURVE('',#2737,#2736,#3377,.T.);
#2097=EDGE_CURVE('',#2737,#2738,#3378,.T.);
#2098=EDGE_CURVE('',#2739,#2738,#3379,.T.);
#2099=EDGE_CURVE('',#2740,#2739,#3380,.T.);
#2100=EDGE_CURVE('',#2741,#2740,#3381,.T.);
#2101=EDGE_CURVE('',#2741,#2742,#3382,.T.);
#2102=EDGE_CURVE('',#2743,#2742,#3383,.T.);
#2103=EDGE_CURVE('',#2744,#2743,#3384,.T.);
#2104=EDGE_CURVE('',#2744,#2745,#3385,.T.);
#2105=EDGE_CURVE('',#2746,#2745,#3386,.T.);
#2106=EDGE_CURVE('',#2747,#2746,#3387,.T.);
#2107=EDGE_CURVE('',#2748,#2747,#3388,.T.);
#2108=EDGE_CURVE('',#2749,#2748,#3389,.T.);
#2109=EDGE_CURVE('',#2750,#2749,#3390,.T.);
#2110=EDGE_CURVE('',#2751,#2750,#3391,.T.);
#2111=EDGE_CURVE('',#2752,#2751,#3392,.T.);
#2112=EDGE_CURVE('',#2753,#2752,#3393,.T.);
#2113=EDGE_CURVE('',#2754,#2753,#3394,.T.);
#2114=EDGE_CURVE('',#2755,#2754,#3395,.T.);
#2115=EDGE_CURVE('',#2756,#2755,#3396,.T.);
#2116=EDGE_CURVE('',#2757,#2756,#3397,.T.);
#2117=EDGE_CURVE('',#2758,#2757,#3398,.T.);
#2118=EDGE_CURVE('',#2759,#2758,#3399,.T.);
#2119=EDGE_CURVE('',#2760,#2759,#3400,.T.);
#2120=EDGE_CURVE('',#2761,#2760,#3401,.T.);
#2121=EDGE_CURVE('',#2762,#2761,#3402,.T.);
#2122=EDGE_CURVE('',#2763,#2762,#3403,.T.);
#2123=EDGE_CURVE('',#2764,#2763,#3404,.T.);
#2124=EDGE_CURVE('',#2765,#2764,#3405,.T.);
#2125=EDGE_CURVE('',#2766,#2765,#3406,.T.);
#2126=EDGE_CURVE('',#2767,#2766,#3407,.T.);
#2127=EDGE_CURVE('',#2768,#2767,#3408,.T.);
#2128=EDGE_CURVE('',#2718,#2768,#3409,.T.);
#2129=EDGE_CURVE('',#2717,#2769,#3410,.T.);
#2130=EDGE_CURVE('',#2769,#2770,#3411,.T.);
#2131=EDGE_CURVE('',#2770,#2771,#3412,.T.);
#2132=EDGE_CURVE('',#2771,#2772,#3413,.T.);
#2133=EDGE_CURVE('',#2772,#2666,#3414,.T.);
#2134=EDGE_CURVE('',#2716,#2719,#3415,.T.);
#2135=EDGE_CURVE('',#2745,#2773,#3416,.T.);
#2136=EDGE_CURVE('',#2691,#2744,#3417,.T.);
#2137=EDGE_CURVE('',#2774,#2690,#3418,.T.);
#2138=EDGE_CURVE('',#2775,#2774,#3419,.T.);
#2139=EDGE_CURVE('',#2776,#2775,#3420,.T.);
#2140=EDGE_CURVE('',#2773,#2776,#3421,.T.);
#2141=EDGE_CURVE('',#2777,#2667,#3422,.T.);
#2142=EDGE_CURVE('',#2777,#2778,#3423,.T.);
#2143=EDGE_CURVE('',#2668,#2778,#3424,.T.);
#2144=EDGE_CURVE('',#2779,#2671,#3425,.T.);
#2145=EDGE_CURVE('',#2779,#2780,#3426,.T.);
#2146=EDGE_CURVE('',#2672,#2780,#3427,.T.);
#2147=EDGE_CURVE('',#2781,#2675,#3428,.T.);
#2148=EDGE_CURVE('',#2781,#2782,#3429,.T.);
#2149=EDGE_CURVE('',#2676,#2782,#3430,.T.);
#2150=EDGE_CURVE('',#2783,#2679,#3431,.T.);
#2151=EDGE_CURVE('',#2783,#2784,#3432,.T.);
#2152=EDGE_CURVE('',#2680,#2784,#3433,.T.);
#2153=EDGE_CURVE('',#2785,#2683,#3434,.T.);
#2154=EDGE_CURVE('',#2785,#2786,#3435,.T.);
#2155=EDGE_CURVE('',#2684,#2786,#3436,.T.);
#2156=EDGE_CURVE('',#2787,#2687,#3437,.T.);
#2157=EDGE_CURVE('',#2787,#2788,#3438,.T.);
#2158=EDGE_CURVE('',#2688,#2788,#3439,.T.);
#2159=EDGE_CURVE('',#2768,#2789,#3440,.T.);
#2160=EDGE_CURVE('',#2790,#2767,#3441,.T.);
#2161=EDGE_CURVE('',#2789,#2790,#3442,.T.);
#2162=EDGE_CURVE('',#2764,#2791,#3443,.T.);
#2163=EDGE_CURVE('',#2792,#2763,#3444,.T.);
#2164=EDGE_CURVE('',#2791,#2792,#3445,.T.);
#2165=EDGE_CURVE('',#2760,#2793,#3446,.T.);
#2166=EDGE_CURVE('',#2794,#2759,#3447,.T.);
#2167=EDGE_CURVE('',#2793,#2794,#3448,.T.);
#2168=EDGE_CURVE('',#2756,#2795,#3449,.T.);
#2169=EDGE_CURVE('',#2796,#2755,#3450,.T.);
#2170=EDGE_CURVE('',#2795,#2796,#3451,.T.);
#2171=EDGE_CURVE('',#2752,#2797,#3452,.T.);
#2172=EDGE_CURVE('',#2798,#2751,#3453,.T.);
#2173=EDGE_CURVE('',#2797,#2798,#3454,.T.);
#2174=EDGE_CURVE('',#2748,#2799,#3455,.T.);
#2175=EDGE_CURVE('',#2800,#2747,#3456,.T.);
#2176=EDGE_CURVE('',#2799,#2800,#3457,.T.);
#2177=EDGE_CURVE('',#2801,#2769,#3458,.T.);
#2178=EDGE_CURVE('',#2789,#2801,#3459,.T.);
#2179=EDGE_CURVE('',#2802,#2790,#3460,.T.);
#2180=EDGE_CURVE('',#2803,#2802,#3461,.T.);
#2181=EDGE_CURVE('',#2791,#2803,#3462,.T.);
#2182=EDGE_CURVE('',#2804,#2792,#3463,.T.);
#2183=EDGE_CURVE('',#2805,#2804,#3464,.T.);
#2184=EDGE_CURVE('',#2793,#2805,#3465,.T.);
#2185=EDGE_CURVE('',#2806,#2794,#3466,.T.);
#2186=EDGE_CURVE('',#2807,#2806,#3467,.T.);
#2187=EDGE_CURVE('',#2795,#2807,#3468,.T.);
#2188=EDGE_CURVE('',#2808,#2796,#3469,.T.);
#2189=EDGE_CURVE('',#2809,#2808,#3470,.T.);
#2190=EDGE_CURVE('',#2797,#2809,#3471,.T.);
#2191=EDGE_CURVE('',#2810,#2798,#3472,.T.);
#2192=EDGE_CURVE('',#2811,#2810,#3473,.T.);
#2193=EDGE_CURVE('',#2799,#2811,#3474,.T.);
#2194=EDGE_CURVE('',#2812,#2800,#3475,.T.);
#2195=EDGE_CURVE('',#2773,#2812,#3476,.T.);
#2196=EDGE_CURVE('',#2770,#2776,#3477,.T.);
#2197=EDGE_CURVE('',#2772,#2813,#3478,.T.);
#2198=EDGE_CURVE('',#2771,#2775,#3479,.T.);
#2199=EDGE_CURVE('',#2814,#2774,#3480,.T.);
#2200=EDGE_CURVE('',#2815,#2814,#3481,.T.);
#2201=EDGE_CURVE('',#2816,#2815,#3482,.T.);
#2202=EDGE_CURVE('',#2817,#2816,#3483,.T.);
#2203=EDGE_CURVE('',#2818,#2817,#3484,.T.);
#2204=EDGE_CURVE('',#2819,#2818,#3485,.T.);
#2205=EDGE_CURVE('',#2820,#2819,#3486,.T.);
#2206=EDGE_CURVE('',#2821,#2820,#3487,.T.);
#2207=EDGE_CURVE('',#2822,#2821,#3488,.T.);
#2208=EDGE_CURVE('',#2823,#2822,#3489,.T.);
#2209=EDGE_CURVE('',#2824,#2823,#3490,.T.);
#2210=EDGE_CURVE('',#2825,#2824,#3491,.T.);
#2211=EDGE_CURVE('',#2826,#2825,#3492,.T.);
#2212=EDGE_CURVE('',#2827,#2826,#3493,.T.);
#2213=EDGE_CURVE('',#2828,#2827,#3494,.T.);
#2214=EDGE_CURVE('',#2829,#2828,#3495,.T.);
#2215=EDGE_CURVE('',#2830,#2829,#3496,.T.);
#2216=EDGE_CURVE('',#2831,#2830,#3497,.T.);
#2217=EDGE_CURVE('',#2832,#2831,#3498,.T.);
#2218=EDGE_CURVE('',#2833,#2832,#3499,.T.);
#2219=EDGE_CURVE('',#2834,#2833,#3500,.T.);
#2220=EDGE_CURVE('',#2835,#2834,#3501,.T.);
#2221=EDGE_CURVE('',#2836,#2835,#3502,.T.);
#2222=EDGE_CURVE('',#2813,#2836,#3503,.T.);
#2223=EDGE_CURVE('',#2836,#2837,#3504,.T.);
#2224=EDGE_CURVE('',#2838,#2835,#3505,.T.);
#2225=EDGE_CURVE('',#2837,#2838,#3506,.T.);
#2226=EDGE_CURVE('',#2832,#2839,#3507,.T.);
#2227=EDGE_CURVE('',#2840,#2831,#3508,.T.);
#2228=EDGE_CURVE('',#2839,#2840,#3509,.T.);
#2229=EDGE_CURVE('',#2828,#2841,#3510,.T.);
#2230=EDGE_CURVE('',#2842,#2827,#3511,.T.);
#2231=EDGE_CURVE('',#2841,#2842,#3512,.T.);
#2232=EDGE_CURVE('',#2824,#2843,#3513,.T.);
#2233=EDGE_CURVE('',#2844,#2823,#3514,.T.);
#2234=EDGE_CURVE('',#2843,#2844,#3515,.T.);
#2235=EDGE_CURVE('',#2820,#2845,#3516,.T.);
#2236=EDGE_CURVE('',#2846,#2819,#3517,.T.);
#2237=EDGE_CURVE('',#2845,#2846,#3518,.T.);
#2238=EDGE_CURVE('',#2816,#2847,#3519,.T.);
#2239=EDGE_CURVE('',#2848,#2815,#3520,.T.);
#2240=EDGE_CURVE('',#2847,#2848,#3521,.T.);
#2241=EDGE_CURVE('',#2837,#2777,#54,.T.);
#2242=EDGE_CURVE('',#2778,#2838,#55,.T.);
#2243=EDGE_CURVE('',#2839,#2779,#56,.T.);
#2244=EDGE_CURVE('',#2780,#2840,#57,.T.);
#2245=EDGE_CURVE('',#2841,#2781,#58,.T.);
#2246=EDGE_CURVE('',#2782,#2842,#59,.T.);
#2247=EDGE_CURVE('',#2843,#2783,#60,.T.);
#2248=EDGE_CURVE('',#2784,#2844,#61,.T.);
#2249=EDGE_CURVE('',#2845,#2785,#62,.T.);
#2250=EDGE_CURVE('',#2786,#2846,#63,.T.);
#2251=EDGE_CURVE('',#2847,#2787,#64,.T.);
#2252=EDGE_CURVE('',#2788,#2848,#65,.T.);
#2253=EDGE_CURVE('',#2849,#2693,#3522,.T.);
#2254=EDGE_CURVE('',#2850,#2849,#3523,.T.);
#2255=EDGE_CURVE('',#2694,#2850,#3524,.T.);
#2256=EDGE_CURVE('',#2851,#2697,#3525,.T.);
#2257=EDGE_CURVE('',#2852,#2851,#3526,.T.);
#2258=EDGE_CURVE('',#2698,#2852,#3527,.T.);
#2259=EDGE_CURVE('',#2853,#2701,#3528,.T.);
#2260=EDGE_CURVE('',#2854,#2853,#3529,.T.);
#2261=EDGE_CURVE('',#2702,#2854,#3530,.T.);
#2262=EDGE_CURVE('',#2855,#2705,#3531,.T.);
#2263=EDGE_CURVE('',#2856,#2855,#3532,.T.);
#2264=EDGE_CURVE('',#2706,#2856,#3533,.T.);
#2265=EDGE_CURVE('',#2857,#2709,#3534,.T.);
#2266=EDGE_CURVE('',#2858,#2857,#3535,.T.);
#2267=EDGE_CURVE('',#2710,#2858,#3536,.T.);
#2268=EDGE_CURVE('',#2859,#2713,#3537,.T.);
#2269=EDGE_CURVE('',#2860,#2859,#3538,.T.);
#2270=EDGE_CURVE('',#2714,#2860,#3539,.T.);
#2271=EDGE_CURVE('',#2849,#2861,#3540,.T.);
#2272=EDGE_CURVE('',#2862,#2861,#3541,.T.);
#2273=EDGE_CURVE('',#2862,#2850,#3542,.T.);
#2274=EDGE_CURVE('',#2851,#2863,#3543,.T.);
#2275=EDGE_CURVE('',#2864,#2863,#3544,.T.);
#2276=EDGE_CURVE('',#2864,#2852,#3545,.T.);
#2277=EDGE_CURVE('',#2853,#2865,#3546,.T.);
#2278=EDGE_CURVE('',#2866,#2865,#3547,.T.);
#2279=EDGE_CURVE('',#2866,#2854,#3548,.T.);
#2280=EDGE_CURVE('',#2855,#2867,#3549,.T.);
#2281=EDGE_CURVE('',#2868,#2867,#3550,.T.);
#2282=EDGE_CURVE('',#2868,#2856,#3551,.T.);
#2283=EDGE_CURVE('',#2857,#2869,#3552,.T.);
#2284=EDGE_CURVE('',#2870,#2869,#3553,.T.);
#2285=EDGE_CURVE('',#2870,#2858,#3554,.T.);
#2286=EDGE_CURVE('',#2859,#2871,#3555,.T.);
#2287=EDGE_CURVE('',#2872,#2871,#3556,.T.);
#2288=EDGE_CURVE('',#2872,#2860,#3557,.T.);
#2289=EDGE_CURVE('',#2873,#2861,#3558,.T.);
#2290=EDGE_CURVE('',#2874,#2873,#3559,.T.);
#2291=EDGE_CURVE('',#2862,#2874,#3560,.T.);
#2292=EDGE_CURVE('',#2875,#2863,#3561,.T.);
#2293=EDGE_CURVE('',#2876,#2875,#3562,.T.);
#2294=EDGE_CURVE('',#2864,#2876,#3563,.T.);
#2295=EDGE_CURVE('',#2877,#2865,#3564,.T.);
#2296=EDGE_CURVE('',#2878,#2877,#3565,.T.);
#2297=EDGE_CURVE('',#2866,#2878,#3566,.T.);
#2298=EDGE_CURVE('',#2879,#2867,#3567,.T.);
#2299=EDGE_CURVE('',#2880,#2879,#3568,.T.);
#2300=EDGE_CURVE('',#2868,#2880,#3569,.T.);
#2301=EDGE_CURVE('',#2881,#2869,#3570,.T.);
#2302=EDGE_CURVE('',#2882,#2881,#3571,.T.);
#2303=EDGE_CURVE('',#2870,#2882,#3572,.T.);
#2304=EDGE_CURVE('',#2883,#2871,#3573,.T.);
#2305=EDGE_CURVE('',#2884,#2883,#3574,.T.);
#2306=EDGE_CURVE('',#2872,#2884,#3575,.T.);
#2307=EDGE_CURVE('',#2885,#2873,#66,.T.);
#2308=EDGE_CURVE('',#2886,#2885,#3576,.T.);
#2309=EDGE_CURVE('',#2874,#2886,#67,.T.);
#2310=EDGE_CURVE('',#2887,#2875,#68,.T.);
#2311=EDGE_CURVE('',#2888,#2887,#3577,.T.);
#2312=EDGE_CURVE('',#2876,#2888,#69,.T.);
#2313=EDGE_CURVE('',#2889,#2877,#70,.T.);
#2314=EDGE_CURVE('',#2890,#2889,#3578,.T.);
#2315=EDGE_CURVE('',#2878,#2890,#71,.T.);
#2316=EDGE_CURVE('',#2891,#2879,#72,.T.);
#2317=EDGE_CURVE('',#2892,#2891,#3579,.T.);
#2318=EDGE_CURVE('',#2880,#2892,#73,.T.);
#2319=EDGE_CURVE('',#2893,#2881,#74,.T.);
#2320=EDGE_CURVE('',#2894,#2893,#3580,.T.);
#2321=EDGE_CURVE('',#2882,#2894,#75,.T.);
#2322=EDGE_CURVE('',#2895,#2883,#76,.T.);
#2323=EDGE_CURVE('',#2896,#2895,#3581,.T.);
#2324=EDGE_CURVE('',#2884,#2896,#77,.T.);
#2325=EDGE_CURVE('',#2897,#2885,#3582,.T.);
#2326=EDGE_CURVE('',#2898,#2897,#3583,.T.);
#2327=EDGE_CURVE('',#2886,#2898,#3584,.T.);
#2328=EDGE_CURVE('',#2899,#2887,#3585,.T.);
#2329=EDGE_CURVE('',#2900,#2899,#3586,.T.);
#2330=EDGE_CURVE('',#2888,#2900,#3587,.T.);
#2331=EDGE_CURVE('',#2901,#2889,#3588,.T.);
#2332=EDGE_CURVE('',#2902,#2901,#3589,.T.);
#2333=EDGE_CURVE('',#2890,#2902,#3590,.T.);
#2334=EDGE_CURVE('',#2903,#2891,#3591,.T.);
#2335=EDGE_CURVE('',#2904,#2903,#3592,.T.);
#2336=EDGE_CURVE('',#2892,#2904,#3593,.T.);
#2337=EDGE_CURVE('',#2905,#2893,#3594,.T.);
#2338=EDGE_CURVE('',#2906,#2905,#3595,.T.);
#2339=EDGE_CURVE('',#2894,#2906,#3596,.T.);
#2340=EDGE_CURVE('',#2907,#2895,#3597,.T.);
#2341=EDGE_CURVE('',#2908,#2907,#3598,.T.);
#2342=EDGE_CURVE('',#2896,#2908,#3599,.T.);
#2343=EDGE_CURVE('',#2909,#2897,#3600,.T.);
#2344=EDGE_CURVE('',#2910,#2909,#3601,.T.);
#2345=EDGE_CURVE('',#2898,#2910,#3602,.T.);
#2346=EDGE_CURVE('',#2911,#2899,#3603,.T.);
#2347=EDGE_CURVE('',#2912,#2911,#3604,.T.);
#2348=EDGE_CURVE('',#2900,#2912,#3605,.T.);
#2349=EDGE_CURVE('',#2913,#2901,#3606,.T.);
#2350=EDGE_CURVE('',#2914,#2913,#3607,.T.);
#2351=EDGE_CURVE('',#2902,#2914,#3608,.T.);
#2352=EDGE_CURVE('',#2915,#2903,#3609,.T.);
#2353=EDGE_CURVE('',#2916,#2915,#3610,.T.);
#2354=EDGE_CURVE('',#2904,#2916,#3611,.T.);
#2355=EDGE_CURVE('',#2917,#2905,#3612,.T.);
#2356=EDGE_CURVE('',#2918,#2917,#3613,.T.);
#2357=EDGE_CURVE('',#2906,#2918,#3614,.T.);
#2358=EDGE_CURVE('',#2919,#2907,#3615,.T.);
#2359=EDGE_CURVE('',#2920,#2919,#3616,.T.);
#2360=EDGE_CURVE('',#2908,#2920,#3617,.T.);
#2361=EDGE_CURVE('',#2742,#2909,#78,.T.);
#2362=EDGE_CURVE('',#2910,#2741,#79,.T.);
#2363=EDGE_CURVE('',#2738,#2911,#80,.T.);
#2364=EDGE_CURVE('',#2912,#2737,#81,.T.);
#2365=EDGE_CURVE('',#2734,#2913,#82,.T.);
#2366=EDGE_CURVE('',#2914,#2733,#83,.T.);
#2367=EDGE_CURVE('',#2730,#2915,#84,.T.);
#2368=EDGE_CURVE('',#2916,#2729,#85,.T.);
#2369=EDGE_CURVE('',#2726,#2917,#86,.T.);
#2370=EDGE_CURVE('',#2918,#2725,#87,.T.);
#2371=EDGE_CURVE('',#2722,#2919,#88,.T.);
#2372=EDGE_CURVE('',#2920,#2721,#89,.T.);
#2373=EDGE_CURVE('',#2743,#2692,#3618,.T.);
#2374=EDGE_CURVE('',#2720,#2715,#3619,.T.);
#2375=EDGE_CURVE('',#2723,#2712,#3620,.T.);
#2376=EDGE_CURVE('',#2724,#2711,#3621,.T.);
#2377=EDGE_CURVE('',#2727,#2708,#3622,.T.);
#2378=EDGE_CURVE('',#2728,#2707,#3623,.T.);
#2379=EDGE_CURVE('',#2731,#2704,#3624,.T.);
#2380=EDGE_CURVE('',#2732,#2703,#3625,.T.);
#2381=EDGE_CURVE('',#2735,#2700,#3626,.T.);
#2382=EDGE_CURVE('',#2736,#2699,#3627,.T.);
#2383=EDGE_CURVE('',#2740,#2695,#3628,.T.);
#2384=EDGE_CURVE('',#2739,#2696,#3629,.T.);
#2385=EDGE_CURVE('',#2814,#2689,#3630,.T.);
#2386=EDGE_CURVE('',#2818,#2685,#3631,.T.);
#2387=EDGE_CURVE('',#2817,#2686,#3632,.T.);
#2388=EDGE_CURVE('',#2822,#2681,#3633,.T.);
#2389=EDGE_CURVE('',#2821,#2682,#3634,.T.);
#2390=EDGE_CURVE('',#2826,#2677,#3635,.T.);
#2391=EDGE_CURVE('',#2825,#2678,#3636,.T.);
#2392=EDGE_CURVE('',#2830,#2673,#3637,.T.);
#2393=EDGE_CURVE('',#2829,#2674,#3638,.T.);
#2394=EDGE_CURVE('',#2834,#2669,#3639,.T.);
#2395=EDGE_CURVE('',#2833,#2670,#3640,.T.);
#2396=EDGE_CURVE('',#2813,#2665,#3641,.T.);
#2397=EDGE_CURVE('',#2746,#2812,#3642,.T.);
#2398=EDGE_CURVE('',#2749,#2811,#3643,.T.);
#2399=EDGE_CURVE('',#2750,#2810,#3644,.T.);
#2400=EDGE_CURVE('',#2753,#2809,#3645,.T.);
#2401=EDGE_CURVE('',#2754,#2808,#3646,.T.);
#2402=EDGE_CURVE('',#2757,#2807,#3647,.T.);
#2403=EDGE_CURVE('',#2758,#2806,#3648,.T.);
#2404=EDGE_CURVE('',#2761,#2805,#3649,.T.);
#2405=EDGE_CURVE('',#2762,#2804,#3650,.T.);
#2406=EDGE_CURVE('',#2765,#2803,#3651,.T.);
#2407=EDGE_CURVE('',#2766,#2802,#3652,.T.);
#2408=EDGE_CURVE('',#2718,#2801,#3653,.T.);
#2409=VERTEX_POINT('',#8053);
#2410=VERTEX_POINT('',#8054);
#2411=VERTEX_POINT('',#8056);
#2412=VERTEX_POINT('',#8058);
#2413=VERTEX_POINT('',#8062);
#2414=VERTEX_POINT('',#8063);
#2415=VERTEX_POINT('',#8065);
#2416=VERTEX_POINT('',#8067);
#2417=VERTEX_POINT('',#8071);
#2418=VERTEX_POINT('',#8072);
#2419=VERTEX_POINT('',#8074);
#2420=VERTEX_POINT('',#8076);
#2421=VERTEX_POINT('',#8080);
#2422=VERTEX_POINT('',#8081);
#2423=VERTEX_POINT('',#8083);
#2424=VERTEX_POINT('',#8085);
#2425=VERTEX_POINT('',#8089);
#2426=VERTEX_POINT('',#8090);
#2427=VERTEX_POINT('',#8092);
#2428=VERTEX_POINT('',#8094);
#2429=VERTEX_POINT('',#8098);
#2430=VERTEX_POINT('',#8099);
#2431=VERTEX_POINT('',#8101);
#2432=VERTEX_POINT('',#8103);
#2433=VERTEX_POINT('',#8107);
#2434=VERTEX_POINT('',#8108);
#2435=VERTEX_POINT('',#8110);
#2436=VERTEX_POINT('',#8112);
#2437=VERTEX_POINT('',#8114);
#2438=VERTEX_POINT('',#8116);
#2439=VERTEX_POINT('',#8118);
#2440=VERTEX_POINT('',#8122);
#2441=VERTEX_POINT('',#8123);
#2442=VERTEX_POINT('',#8125);
#2443=VERTEX_POINT('',#8127);
#2444=VERTEX_POINT('',#8131);
#2445=VERTEX_POINT('',#8132);
#2446=VERTEX_POINT('',#8134);
#2447=VERTEX_POINT('',#8136);
#2448=VERTEX_POINT('',#8140);
#2449=VERTEX_POINT('',#8141);
#2450=VERTEX_POINT('',#8143);
#2451=VERTEX_POINT('',#8145);
#2452=VERTEX_POINT('',#8149);
#2453=VERTEX_POINT('',#8150);
#2454=VERTEX_POINT('',#8152);
#2455=VERTEX_POINT('',#8154);
#2456=VERTEX_POINT('',#8158);
#2457=VERTEX_POINT('',#8159);
#2458=VERTEX_POINT('',#8161);
#2459=VERTEX_POINT('',#8163);
#2460=VERTEX_POINT('',#8167);
#2461=VERTEX_POINT('',#8168);
#2462=VERTEX_POINT('',#8170);
#2463=VERTEX_POINT('',#8172);
#2464=VERTEX_POINT('',#8174);
#2465=VERTEX_POINT('',#8176);
#2466=VERTEX_POINT('',#8178);
#2467=VERTEX_POINT('',#8182);
#2468=VERTEX_POINT('',#8184);
#2469=VERTEX_POINT('',#8188);
#2470=VERTEX_POINT('',#8190);
#2471=VERTEX_POINT('',#8194);
#2472=VERTEX_POINT('',#8196);
#2473=VERTEX_POINT('',#8200);
#2474=VERTEX_POINT('',#8202);
#2475=VERTEX_POINT('',#8206);
#2476=VERTEX_POINT('',#8208);
#2477=VERTEX_POINT('',#8212);
#2478=VERTEX_POINT('',#8214);
#2479=VERTEX_POINT('',#8218);
#2480=VERTEX_POINT('',#8220);
#2481=VERTEX_POINT('',#8224);
#2482=VERTEX_POINT('',#8226);
#2483=VERTEX_POINT('',#8229);
#2484=VERTEX_POINT('',#8231);
#2485=VERTEX_POINT('',#8234);
#2486=VERTEX_POINT('',#8236);
#2487=VERTEX_POINT('',#8239);
#2488=VERTEX_POINT('',#8241);
#2489=VERTEX_POINT('',#8244);
#2490=VERTEX_POINT('',#8246);
#2491=VERTEX_POINT('',#8249);
#2492=VERTEX_POINT('',#8251);
#2493=VERTEX_POINT('',#8254);
#2494=VERTEX_POINT('',#8256);
#2495=VERTEX_POINT('',#8260);
#2496=VERTEX_POINT('',#8261);
#2497=VERTEX_POINT('',#8263);
#2498=VERTEX_POINT('',#8265);
#2499=VERTEX_POINT('',#8269);
#2500=VERTEX_POINT('',#8270);
#2501=VERTEX_POINT('',#8272);
#2502=VERTEX_POINT('',#8274);
#2503=VERTEX_POINT('',#8278);
#2504=VERTEX_POINT('',#8279);
#2505=VERTEX_POINT('',#8281);
#2506=VERTEX_POINT('',#8283);
#2507=VERTEX_POINT('',#8287);
#2508=VERTEX_POINT('',#8288);
#2509=VERTEX_POINT('',#8290);
#2510=VERTEX_POINT('',#8292);
#2511=VERTEX_POINT('',#8296);
#2512=VERTEX_POINT('',#8297);
#2513=VERTEX_POINT('',#8299);
#2514=VERTEX_POINT('',#8301);
#2515=VERTEX_POINT('',#8305);
#2516=VERTEX_POINT('',#8306);
#2517=VERTEX_POINT('',#8308);
#2518=VERTEX_POINT('',#8310);
#2519=VERTEX_POINT('',#8314);
#2520=VERTEX_POINT('',#8316);
#2521=VERTEX_POINT('',#8320);
#2522=VERTEX_POINT('',#8322);
#2523=VERTEX_POINT('',#8326);
#2524=VERTEX_POINT('',#8328);
#2525=VERTEX_POINT('',#8332);
#2526=VERTEX_POINT('',#8334);
#2527=VERTEX_POINT('',#8338);
#2528=VERTEX_POINT('',#8340);
#2529=VERTEX_POINT('',#8344);
#2530=VERTEX_POINT('',#8346);
#2531=VERTEX_POINT('',#8350);
#2532=VERTEX_POINT('',#8352);
#2533=VERTEX_POINT('',#8356);
#2534=VERTEX_POINT('',#8357);
#2535=VERTEX_POINT('',#8360);
#2536=VERTEX_POINT('',#8362);
#2537=VERTEX_POINT('',#8365);
#2538=VERTEX_POINT('',#8367);
#2539=VERTEX_POINT('',#8370);
#2540=VERTEX_POINT('',#8372);
#2541=VERTEX_POINT('',#8375);
#2542=VERTEX_POINT('',#8377);
#2543=VERTEX_POINT('',#8380);
#2544=VERTEX_POINT('',#8382);
#2545=VERTEX_POINT('',#8385);
#2546=VERTEX_POINT('',#8387);
#2547=VERTEX_POINT('',#8392);
#2548=VERTEX_POINT('',#8394);
#2549=VERTEX_POINT('',#8398);
#2550=VERTEX_POINT('',#8400);
#2551=VERTEX_POINT('',#8404);
#2552=VERTEX_POINT('',#8405);
#2553=VERTEX_POINT('',#8407);
#2554=VERTEX_POINT('',#8409);
#2555=VERTEX_POINT('',#8411);
#2556=VERTEX_POINT('',#8413);
#2557=VERTEX_POINT('',#8415);
#2558=VERTEX_POINT('',#8417);
#2559=VERTEX_POINT('',#8421);
#2560=VERTEX_POINT('',#8423);
#2561=VERTEX_POINT('',#8426);
#2562=VERTEX_POINT('',#8428);
#2563=VERTEX_POINT('',#8430);
#2564=VERTEX_POINT('',#8434);
#2565=VERTEX_POINT('',#8436);
#2566=VERTEX_POINT('',#8438);
#2567=VERTEX_POINT('',#8440);
#2568=VERTEX_POINT('',#8443);
#2569=VERTEX_POINT('',#8447);
#2570=VERTEX_POINT('',#8449);
#2571=VERTEX_POINT('',#8453);
#2572=VERTEX_POINT('',#8455);
#2573=VERTEX_POINT('',#8459);
#2574=VERTEX_POINT('',#8461);
#2575=VERTEX_POINT('',#8467);
#2576=VERTEX_POINT('',#8473);
#2577=VERTEX_POINT('',#8480);
#2578=VERTEX_POINT('',#8482);
#2579=VERTEX_POINT('',#8486);
#2580=VERTEX_POINT('',#8487);
#2581=VERTEX_POINT('',#8489);
#2582=VERTEX_POINT('',#8491);
#2583=VERTEX_POINT('',#8496);
#2584=VERTEX_POINT('',#8500);
#2585=VERTEX_POINT('',#8509);
#2586=VERTEX_POINT('',#8511);
#2587=VERTEX_POINT('',#8515);
#2588=VERTEX_POINT('',#8516);
#2589=VERTEX_POINT('',#8518);
#2590=VERTEX_POINT('',#8520);
#2591=VERTEX_POINT('',#8524);
#2592=VERTEX_POINT('',#8529);
#2593=VERTEX_POINT('',#8538);
#2594=VERTEX_POINT('',#8540);
#2595=VERTEX_POINT('',#8544);
#2596=VERTEX_POINT('',#8546);
#2597=VERTEX_POINT('',#8549);
#2598=VERTEX_POINT('',#8553);
#2599=VERTEX_POINT('',#8557);
#2600=VERTEX_POINT('',#8563);
#2601=VERTEX_POINT('',#8570);
#2602=VERTEX_POINT('',#8571);
#2603=VERTEX_POINT('',#8573);
#2604=VERTEX_POINT('',#8575);
#2605=VERTEX_POINT('',#8579);
#2606=VERTEX_POINT('',#8580);
#2607=VERTEX_POINT('',#8585);
#2608=VERTEX_POINT('',#8587);
#2609=VERTEX_POINT('',#8590);
#2610=VERTEX_POINT('',#8592);
#2611=VERTEX_POINT('',#8595);
#2612=VERTEX_POINT('',#8597);
#2613=VERTEX_POINT('',#8600);
#2614=VERTEX_POINT('',#8602);
#2615=VERTEX_POINT('',#8605);
#2616=VERTEX_POINT('',#8607);
#2617=VERTEX_POINT('',#8612);
#2618=VERTEX_POINT('',#8613);
#2619=VERTEX_POINT('',#8618);
#2620=VERTEX_POINT('',#8620);
#2621=VERTEX_POINT('',#8623);
#2622=VERTEX_POINT('',#8625);
#2623=VERTEX_POINT('',#8628);
#2624=VERTEX_POINT('',#8630);
#2625=VERTEX_POINT('',#8633);
#2626=VERTEX_POINT('',#8635);
#2627=VERTEX_POINT('',#8638);
#2628=VERTEX_POINT('',#8640);
#2629=VERTEX_POINT('',#8647);
#2630=VERTEX_POINT('',#8650);
#2631=VERTEX_POINT('',#8654);
#2632=VERTEX_POINT('',#8657);
#2633=VERTEX_POINT('',#8661);
#2634=VERTEX_POINT('',#8664);
#2635=VERTEX_POINT('',#8668);
#2636=VERTEX_POINT('',#8671);
#2637=VERTEX_POINT('',#8675);
#2638=VERTEX_POINT('',#8678);
#2639=VERTEX_POINT('',#8682);
#2640=VERTEX_POINT('',#8685);
#2641=VERTEX_POINT('',#8689);
#2642=VERTEX_POINT('',#8692);
#2643=VERTEX_POINT('',#8696);
#2644=VERTEX_POINT('',#8699);
#2645=VERTEX_POINT('',#8703);
#2646=VERTEX_POINT('',#8706);
#2647=VERTEX_POINT('',#8710);
#2648=VERTEX_POINT('',#8713);
#2649=VERTEX_POINT('',#8717);
#2650=VERTEX_POINT('',#8720);
#2651=VERTEX_POINT('',#8724);
#2652=VERTEX_POINT('',#8727);
#2653=VERTEX_POINT('',#8767);
#2654=VERTEX_POINT('',#8769);
#2655=VERTEX_POINT('',#8778);
#2656=VERTEX_POINT('',#8782);
#2657=VERTEX_POINT('',#8789);
#2658=VERTEX_POINT('',#8793);
#2659=VERTEX_POINT('',#8800);
#2660=VERTEX_POINT('',#8804);
#2661=VERTEX_POINT('',#8811);
#2662=VERTEX_POINT('',#8815);
#2663=VERTEX_POINT('',#8822);
#2664=VERTEX_POINT('',#8824);
#2665=VERTEX_POINT('',#8834);
#2666=VERTEX_POINT('',#8835);
#2667=VERTEX_POINT('',#8837);
#2668=VERTEX_POINT('',#8839);
#2669=VERTEX_POINT('',#8841);
#2670=VERTEX_POINT('',#8843);
#2671=VERTEX_POINT('',#8845);
#2672=VERTEX_POINT('',#8847);
#2673=VERTEX_POINT('',#8849);
#2674=VERTEX_POINT('',#8851);
#2675=VERTEX_POINT('',#8853);
#2676=VERTEX_POINT('',#8855);
#2677=VERTEX_POINT('',#8857);
#2678=VERTEX_POINT('',#8859);
#2679=VERTEX_POINT('',#8861);
#2680=VERTEX_POINT('',#8863);
#2681=VERTEX_POINT('',#8865);
#2682=VERTEX_POINT('',#8867);
#2683=VERTEX_POINT('',#8869);
#2684=VERTEX_POINT('',#8871);
#2685=VERTEX_POINT('',#8873);
#2686=VERTEX_POINT('',#8875);
#2687=VERTEX_POINT('',#8877);
#2688=VERTEX_POINT('',#8879);
#2689=VERTEX_POINT('',#8881);
#2690=VERTEX_POINT('',#8883);
#2691=VERTEX_POINT('',#8885);
#2692=VERTEX_POINT('',#8887);
#2693=VERTEX_POINT('',#8889);
#2694=VERTEX_POINT('',#8891);
#2695=VERTEX_POINT('',#8893);
#2696=VERTEX_POINT('',#8895);
#2697=VERTEX_POINT('',#8897);
#2698=VERTEX_POINT('',#8899);
#2699=VERTEX_POINT('',#8901);
#2700=VERTEX_POINT('',#8903);
#2701=VERTEX_POINT('',#8905);
#2702=VERTEX_POINT('',#8907);
#2703=VERTEX_POINT('',#8909);
#2704=VERTEX_POINT('',#8911);
#2705=VERTEX_POINT('',#8913);
#2706=VERTEX_POINT('',#8915);
#2707=VERTEX_POINT('',#8917);
#2708=VERTEX_POINT('',#8919);
#2709=VERTEX_POINT('',#8921);
#2710=VERTEX_POINT('',#8923);
#2711=VERTEX_POINT('',#8925);
#2712=VERTEX_POINT('',#8927);
#2713=VERTEX_POINT('',#8929);
#2714=VERTEX_POINT('',#8931);
#2715=VERTEX_POINT('',#8933);
#2716=VERTEX_POINT('',#8935);
#2717=VERTEX_POINT('',#8939);
#2718=VERTEX_POINT('',#8940);
#2719=VERTEX_POINT('',#8942);
#2720=VERTEX_POINT('',#8944);
#2721=VERTEX_POINT('',#8946);
#2722=VERTEX_POINT('',#8948);
#2723=VERTEX_POINT('',#8950);
#2724=VERTEX_POINT('',#8952);
#2725=VERTEX_POINT('',#8954);
#2726=VERTEX_POINT('',#8956);
#2727=VERTEX_POINT('',#8958);
#2728=VERTEX_POINT('',#8960);
#2729=VERTEX_POINT('',#8962);
#2730=VERTEX_POINT('',#8964);
#2731=VERTEX_POINT('',#8966);
#2732=VERTEX_POINT('',#8968);
#2733=VERTEX_POINT('',#8970);
#2734=VERTEX_POINT('',#8972);
#2735=VERTEX_POINT('',#8974);
#2736=VERTEX_POINT('',#8976);
#2737=VERTEX_POINT('',#8978);
#2738=VERTEX_POINT('',#8980);
#2739=VERTEX_POINT('',#8982);
#2740=VERTEX_POINT('',#8984);
#2741=VERTEX_POINT('',#8986);
#2742=VERTEX_POINT('',#8988);
#2743=VERTEX_POINT('',#8990);
#2744=VERTEX_POINT('',#8992);
#2745=VERTEX_POINT('',#8994);
#2746=VERTEX_POINT('',#8996);
#2747=VERTEX_POINT('',#8998);
#2748=VERTEX_POINT('',#9000);
#2749=VERTEX_POINT('',#9002);
#2750=VERTEX_POINT('',#9004);
#2751=VERTEX_POINT('',#9006);
#2752=VERTEX_POINT('',#9008);
#2753=VERTEX_POINT('',#9010);
#2754=VERTEX_POINT('',#9012);
#2755=VERTEX_POINT('',#9014);
#2756=VERTEX_POINT('',#9016);
#2757=VERTEX_POINT('',#9018);
#2758=VERTEX_POINT('',#9020);
#2759=VERTEX_POINT('',#9022);
#2760=VERTEX_POINT('',#9024);
#2761=VERTEX_POINT('',#9026);
#2762=VERTEX_POINT('',#9028);
#2763=VERTEX_POINT('',#9030);
#2764=VERTEX_POINT('',#9032);
#2765=VERTEX_POINT('',#9034);
#2766=VERTEX_POINT('',#9036);
#2767=VERTEX_POINT('',#9038);
#2768=VERTEX_POINT('',#9040);
#2769=VERTEX_POINT('',#9044);
#2770=VERTEX_POINT('',#9046);
#2771=VERTEX_POINT('',#9048);
#2772=VERTEX_POINT('',#9050);
#2773=VERTEX_POINT('',#9055);
#2774=VERTEX_POINT('',#9058);
#2775=VERTEX_POINT('',#9060);
#2776=VERTEX_POINT('',#9062);
#2777=VERTEX_POINT('',#9066);
#2778=VERTEX_POINT('',#9068);
#2779=VERTEX_POINT('',#9072);
#2780=VERTEX_POINT('',#9074);
#2781=VERTEX_POINT('',#9078);
#2782=VERTEX_POINT('',#9080);
#2783=VERTEX_POINT('',#9084);
#2784=VERTEX_POINT('',#9086);
#2785=VERTEX_POINT('',#9090);
#2786=VERTEX_POINT('',#9092);
#2787=VERTEX_POINT('',#9096);
#2788=VERTEX_POINT('',#9098);
#2789=VERTEX_POINT('',#9102);
#2790=VERTEX_POINT('',#9104);
#2791=VERTEX_POINT('',#9108);
#2792=VERTEX_POINT('',#9110);
#2793=VERTEX_POINT('',#9114);
#2794=VERTEX_POINT('',#9116);
#2795=VERTEX_POINT('',#9120);
#2796=VERTEX_POINT('',#9122);
#2797=VERTEX_POINT('',#9126);
#2798=VERTEX_POINT('',#9128);
#2799=VERTEX_POINT('',#9132);
#2800=VERTEX_POINT('',#9134);
#2801=VERTEX_POINT('',#9138);
#2802=VERTEX_POINT('',#9141);
#2803=VERTEX_POINT('',#9143);
#2804=VERTEX_POINT('',#9146);
#2805=VERTEX_POINT('',#9148);
#2806=VERTEX_POINT('',#9151);
#2807=VERTEX_POINT('',#9153);
#2808=VERTEX_POINT('',#9156);
#2809=VERTEX_POINT('',#9158);
#2810=VERTEX_POINT('',#9161);
#2811=VERTEX_POINT('',#9163);
#2812=VERTEX_POINT('',#9166);
#2813=VERTEX_POINT('',#9171);
#2814=VERTEX_POINT('',#9174);
#2815=VERTEX_POINT('',#9176);
#2816=VERTEX_POINT('',#9178);
#2817=VERTEX_POINT('',#9180);
#2818=VERTEX_POINT('',#9182);
#2819=VERTEX_POINT('',#9184);
#2820=VERTEX_POINT('',#9186);
#2821=VERTEX_POINT('',#9188);
#2822=VERTEX_POINT('',#9190);
#2823=VERTEX_POINT('',#9192);
#2824=VERTEX_POINT('',#9194);
#2825=VERTEX_POINT('',#9196);
#2826=VERTEX_POINT('',#9198);
#2827=VERTEX_POINT('',#9200);
#2828=VERTEX_POINT('',#9202);
#2829=VERTEX_POINT('',#9204);
#2830=VERTEX_POINT('',#9206);
#2831=VERTEX_POINT('',#9208);
#2832=VERTEX_POINT('',#9210);
#2833=VERTEX_POINT('',#9212);
#2834=VERTEX_POINT('',#9214);
#2835=VERTEX_POINT('',#9216);
#2836=VERTEX_POINT('',#9218);
#2837=VERTEX_POINT('',#9222);
#2838=VERTEX_POINT('',#9224);
#2839=VERTEX_POINT('',#9228);
#2840=VERTEX_POINT('',#9230);
#2841=VERTEX_POINT('',#9234);
#2842=VERTEX_POINT('',#9236);
#2843=VERTEX_POINT('',#9240);
#2844=VERTEX_POINT('',#9242);
#2845=VERTEX_POINT('',#9246);
#2846=VERTEX_POINT('',#9248);
#2847=VERTEX_POINT('',#9252);
#2848=VERTEX_POINT('',#9254);
#2849=VERTEX_POINT('',#9276);
#2850=VERTEX_POINT('',#9278);
#2851=VERTEX_POINT('',#9282);
#2852=VERTEX_POINT('',#9284);
#2853=VERTEX_POINT('',#9288);
#2854=VERTEX_POINT('',#9290);
#2855=VERTEX_POINT('',#9294);
#2856=VERTEX_POINT('',#9296);
#2857=VERTEX_POINT('',#9300);
#2858=VERTEX_POINT('',#9302);
#2859=VERTEX_POINT('',#9306);
#2860=VERTEX_POINT('',#9308);
#2861=VERTEX_POINT('',#9312);
#2862=VERTEX_POINT('',#9314);
#2863=VERTEX_POINT('',#9318);
#2864=VERTEX_POINT('',#9320);
#2865=VERTEX_POINT('',#9324);
#2866=VERTEX_POINT('',#9326);
#2867=VERTEX_POINT('',#9330);
#2868=VERTEX_POINT('',#9332);
#2869=VERTEX_POINT('',#9336);
#2870=VERTEX_POINT('',#9338);
#2871=VERTEX_POINT('',#9342);
#2872=VERTEX_POINT('',#9344);
#2873=VERTEX_POINT('',#9348);
#2874=VERTEX_POINT('',#9350);
#2875=VERTEX_POINT('',#9354);
#2876=VERTEX_POINT('',#9356);
#2877=VERTEX_POINT('',#9360);
#2878=VERTEX_POINT('',#9362);
#2879=VERTEX_POINT('',#9366);
#2880=VERTEX_POINT('',#9368);
#2881=VERTEX_POINT('',#9372);
#2882=VERTEX_POINT('',#9374);
#2883=VERTEX_POINT('',#9378);
#2884=VERTEX_POINT('',#9380);
#2885=VERTEX_POINT('',#9384);
#2886=VERTEX_POINT('',#9386);
#2887=VERTEX_POINT('',#9390);
#2888=VERTEX_POINT('',#9392);
#2889=VERTEX_POINT('',#9396);
#2890=VERTEX_POINT('',#9398);
#2891=VERTEX_POINT('',#9402);
#2892=VERTEX_POINT('',#9404);
#2893=VERTEX_POINT('',#9408);
#2894=VERTEX_POINT('',#9410);
#2895=VERTEX_POINT('',#9414);
#2896=VERTEX_POINT('',#9416);
#2897=VERTEX_POINT('',#9420);
#2898=VERTEX_POINT('',#9422);
#2899=VERTEX_POINT('',#9426);
#2900=VERTEX_POINT('',#9428);
#2901=VERTEX_POINT('',#9432);
#2902=VERTEX_POINT('',#9434);
#2903=VERTEX_POINT('',#9438);
#2904=VERTEX_POINT('',#9440);
#2905=VERTEX_POINT('',#9444);
#2906=VERTEX_POINT('',#9446);
#2907=VERTEX_POINT('',#9450);
#2908=VERTEX_POINT('',#9452);
#2909=VERTEX_POINT('',#9456);
#2910=VERTEX_POINT('',#9458);
#2911=VERTEX_POINT('',#9462);
#2912=VERTEX_POINT('',#9464);
#2913=VERTEX_POINT('',#9468);
#2914=VERTEX_POINT('',#9470);
#2915=VERTEX_POINT('',#9474);
#2916=VERTEX_POINT('',#9476);
#2917=VERTEX_POINT('',#9480);
#2918=VERTEX_POINT('',#9482);
#2919=VERTEX_POINT('',#9486);
#2920=VERTEX_POINT('',#9488);
#2921=LINE('',#8052,#3654);
#2922=LINE('',#8055,#3655);
#2923=LINE('',#8057,#3656);
#2924=LINE('',#8059,#3657);
#2925=LINE('',#8061,#3658);
#2926=LINE('',#8064,#3659);
#2927=LINE('',#8066,#3660);
#2928=LINE('',#8068,#3661);
#2929=LINE('',#8070,#3662);
#2930=LINE('',#8073,#3663);
#2931=LINE('',#8075,#3664);
#2932=LINE('',#8077,#3665);
#2933=LINE('',#8079,#3666);
#2934=LINE('',#8082,#3667);
#2935=LINE('',#8084,#3668);
#2936=LINE('',#8086,#3669);
#2937=LINE('',#8088,#3670);
#2938=LINE('',#8091,#3671);
#2939=LINE('',#8093,#3672);
#2940=LINE('',#8095,#3673);
#2941=LINE('',#8097,#3674);
#2942=LINE('',#8100,#3675);
#2943=LINE('',#8102,#3676);
#2944=LINE('',#8104,#3677);
#2945=LINE('',#8106,#3678);
#2946=LINE('',#8109,#3679);
#2947=LINE('',#8111,#3680);
#2948=LINE('',#8113,#3681);
#2949=LINE('',#8115,#3682);
#2950=LINE('',#8117,#3683);
#2951=LINE('',#8119,#3684);
#2952=LINE('',#8121,#3685);
#2953=LINE('',#8124,#3686);
#2954=LINE('',#8126,#3687);
#2955=LINE('',#8128,#3688);
#2956=LINE('',#8130,#3689);
#2957=LINE('',#8133,#3690);
#2958=LINE('',#8135,#3691);
#2959=LINE('',#8137,#3692);
#2960=LINE('',#8139,#3693);
#2961=LINE('',#8142,#3694);
#2962=LINE('',#8144,#3695);
#2963=LINE('',#8146,#3696);
#2964=LINE('',#8148,#3697);
#2965=LINE('',#8151,#3698);
#2966=LINE('',#8153,#3699);
#2967=LINE('',#8155,#3700);
#2968=LINE('',#8157,#3701);
#2969=LINE('',#8160,#3702);
#2970=LINE('',#8162,#3703);
#2971=LINE('',#8164,#3704);
#2972=LINE('',#8166,#3705);
#2973=LINE('',#8169,#3706);
#2974=LINE('',#8171,#3707);
#2975=LINE('',#8173,#3708);
#2976=LINE('',#8175,#3709);
#2977=LINE('',#8177,#3710);
#2978=LINE('',#8179,#3711);
#2979=LINE('',#8181,#3712);
#2980=LINE('',#8183,#3713);
#2981=LINE('',#8185,#3714);
#2982=LINE('',#8187,#3715);
#2983=LINE('',#8189,#3716);
#2984=LINE('',#8191,#3717);
#2985=LINE('',#8193,#3718);
#2986=LINE('',#8195,#3719);
#2987=LINE('',#8197,#3720);
#2988=LINE('',#8199,#3721);
#2989=LINE('',#8201,#3722);
#2990=LINE('',#8203,#3723);
#2991=LINE('',#8205,#3724);
#2992=LINE('',#8207,#3725);
#2993=LINE('',#8209,#3726);
#2994=LINE('',#8211,#3727);
#2995=LINE('',#8213,#3728);
#2996=LINE('',#8215,#3729);
#2997=LINE('',#8217,#3730);
#2998=LINE('',#8219,#3731);
#2999=LINE('',#8221,#3732);
#3000=LINE('',#8223,#3733);
#3001=LINE('',#8225,#3734);
#3002=LINE('',#8227,#3735);
#3003=LINE('',#8228,#3736);
#3004=LINE('',#8230,#3737);
#3005=LINE('',#8232,#3738);
#3006=LINE('',#8233,#3739);
#3007=LINE('',#8235,#3740);
#3008=LINE('',#8237,#3741);
#3009=LINE('',#8238,#3742);
#3010=LINE('',#8240,#3743);
#3011=LINE('',#8242,#3744);
#3012=LINE('',#8243,#3745);
#3013=LINE('',#8245,#3746);
#3014=LINE('',#8247,#3747);
#3015=LINE('',#8248,#3748);
#3016=LINE('',#8250,#3749);
#3017=LINE('',#8252,#3750);
#3018=LINE('',#8253,#3751);
#3019=LINE('',#8255,#3752);
#3020=LINE('',#8257,#3753);
#3021=LINE('',#8259,#3754);
#3022=LINE('',#8262,#3755);
#3023=LINE('',#8264,#3756);
#3024=LINE('',#8266,#3757);
#3025=LINE('',#8268,#3758);
#3026=LINE('',#8271,#3759);
#3027=LINE('',#8273,#3760);
#3028=LINE('',#8275,#3761);
#3029=LINE('',#8277,#3762);
#3030=LINE('',#8280,#3763);
#3031=LINE('',#8282,#3764);
#3032=LINE('',#8284,#3765);
#3033=LINE('',#8286,#3766);
#3034=LINE('',#8289,#3767);
#3035=LINE('',#8291,#3768);
#3036=LINE('',#8293,#3769);
#3037=LINE('',#8295,#3770);
#3038=LINE('',#8298,#3771);
#3039=LINE('',#8300,#3772);
#3040=LINE('',#8302,#3773);
#3041=LINE('',#8304,#3774);
#3042=LINE('',#8307,#3775);
#3043=LINE('',#8309,#3776);
#3044=LINE('',#8311,#3777);
#3045=LINE('',#8313,#3778);
#3046=LINE('',#8315,#3779);
#3047=LINE('',#8317,#3780);
#3048=LINE('',#8319,#3781);
#3049=LINE('',#8321,#3782);
#3050=LINE('',#8323,#3783);
#3051=LINE('',#8325,#3784);
#3052=LINE('',#8327,#3785);
#3053=LINE('',#8329,#3786);
#3054=LINE('',#8331,#3787);
#3055=LINE('',#8333,#3788);
#3056=LINE('',#8335,#3789);
#3057=LINE('',#8337,#3790);
#3058=LINE('',#8339,#3791);
#3059=LINE('',#8341,#3792);
#3060=LINE('',#8343,#3793);
#3061=LINE('',#8345,#3794);
#3062=LINE('',#8347,#3795);
#3063=LINE('',#8349,#3796);
#3064=LINE('',#8351,#3797);
#3065=LINE('',#8353,#3798);
#3066=LINE('',#8355,#3799);
#3067=LINE('',#8358,#3800);
#3068=LINE('',#8359,#3801);
#3069=LINE('',#8361,#3802);
#3070=LINE('',#8363,#3803);
#3071=LINE('',#8364,#3804);
#3072=LINE('',#8366,#3805);
#3073=LINE('',#8368,#3806);
#3074=LINE('',#8369,#3807);
#3075=LINE('',#8371,#3808);
#3076=LINE('',#8373,#3809);
#3077=LINE('',#8374,#3810);
#3078=LINE('',#8376,#3811);
#3079=LINE('',#8378,#3812);
#3080=LINE('',#8379,#3813);
#3081=LINE('',#8381,#3814);
#3082=LINE('',#8383,#3815);
#3083=LINE('',#8384,#3816);
#3084=LINE('',#8386,#3817);
#3085=LINE('',#8388,#3818);
#3086=LINE('',#8389,#3819);
#3087=LINE('',#8391,#3820);
#3088=LINE('',#8393,#3821);
#3089=LINE('',#8395,#3822);
#3090=LINE('',#8397,#3823);
#3091=LINE('',#8399,#3824);
#3092=LINE('',#8401,#3825);
#3093=LINE('',#8403,#3826);
#3094=LINE('',#8406,#3827);
#3095=LINE('',#8408,#3828);
#3096=LINE('',#8410,#3829);
#3097=LINE('',#8412,#3830);
#3098=LINE('',#8414,#3831);
#3099=LINE('',#8416,#3832);
#3100=LINE('',#8418,#3833);
#3101=LINE('',#8420,#3834);
#3102=LINE('',#8422,#3835);
#3103=LINE('',#8424,#3836);
#3104=LINE('',#8425,#3837);
#3105=LINE('',#8427,#3838);
#3106=LINE('',#8429,#3839);
#3107=LINE('',#8433,#3840);
#3108=LINE('',#8437,#3841);
#3109=LINE('',#8439,#3842);
#3110=LINE('',#8441,#3843);
#3111=LINE('',#8442,#3844);
#3112=LINE('',#8444,#3845);
#3113=LINE('',#8446,#3846);
#3114=LINE('',#8448,#3847);
#3115=LINE('',#8450,#3848);
#3116=LINE('',#8452,#3849);
#3117=LINE('',#8454,#3850);
#3118=LINE('',#8456,#3851);
#3119=LINE('',#8458,#3852);
#3120=LINE('',#8460,#3853);
#3121=LINE('',#8462,#3854);
#3122=LINE('',#8466,#3855);
#3123=LINE('',#8470,#3856);
#3124=LINE('',#8472,#3857);
#3125=LINE('',#8474,#3858);
#3126=LINE('',#8476,#3859);
#3127=LINE('',#8477,#3860);
#3128=LINE('',#8479,#3861);
#3129=LINE('',#8481,#3862);
#3130=LINE('',#8483,#3863);
#3131=LINE('',#8485,#3864);
#3132=LINE('',#8488,#3865);
#3133=LINE('',#8490,#3866);
#3134=LINE('',#8492,#3867);
#3135=LINE('',#8494,#3868);
#3136=LINE('',#8495,#3869);
#3137=LINE('',#8497,#3870);
#3138=LINE('',#8499,#3871);
#3139=LINE('',#8501,#3872);
#3140=LINE('',#8503,#3873);
#3141=LINE('',#8504,#3874);
#3142=LINE('',#8508,#3875);
#3143=LINE('',#8510,#3876);
#3144=LINE('',#8512,#3877);
#3145=LINE('',#8514,#3878);
#3146=LINE('',#8517,#3879);
#3147=LINE('',#8519,#3880);
#3148=LINE('',#8521,#3881);
#3149=LINE('',#8523,#3882);
#3150=LINE('',#8525,#3883);
#3151=LINE('',#8526,#3884);
#3152=LINE('',#8528,#3885);
#3153=LINE('',#8530,#3886);
#3154=LINE('',#8532,#3887);
#3155=LINE('',#8533,#3888);
#3156=LINE('',#8537,#3889);
#3157=LINE('',#8539,#3890);
#3158=LINE('',#8541,#3891);
#3159=LINE('',#8543,#3892);
#3160=LINE('',#8545,#3893);
#3161=LINE('',#8547,#3894);
#3162=LINE('',#8548,#3895);
#3163=LINE('',#8550,#3896);
#3164=LINE('',#8552,#3897);
#3165=LINE('',#8554,#3898);
#3166=LINE('',#8556,#3899);
#3167=LINE('',#8558,#3900);
#3168=LINE('',#8560,#3901);
#3169=LINE('',#8562,#3902);
#3170=LINE('',#8564,#3903);
#3171=LINE('',#8566,#3904);
#3172=LINE('',#8569,#3905);
#3173=LINE('',#8572,#3906);
#3174=LINE('',#8574,#3907);
#3175=LINE('',#8576,#3908);
#3176=LINE('',#8578,#3909);
#3177=LINE('',#8581,#3910);
#3178=LINE('',#8582,#3911);
#3179=LINE('',#8583,#3912);
#3180=LINE('',#8584,#3913);
#3181=LINE('',#8586,#3914);
#3182=LINE('',#8588,#3915);
#3183=LINE('',#8589,#3916);
#3184=LINE('',#8591,#3917);
#3185=LINE('',#8593,#3918);
#3186=LINE('',#8594,#3919);
#3187=LINE('',#8596,#3920);
#3188=LINE('',#8598,#3921);
#3189=LINE('',#8599,#3922);
#3190=LINE('',#8601,#3923);
#3191=LINE('',#8603,#3924);
#3192=LINE('',#8604,#3925);
#3193=LINE('',#8606,#3926);
#3194=LINE('',#8608,#3927);
#3195=LINE('',#8609,#3928);
#3196=LINE('',#8611,#3929);
#3197=LINE('',#8614,#3930);
#3198=LINE('',#8615,#3931);
#3199=LINE('',#8616,#3932);
#3200=LINE('',#8617,#3933);
#3201=LINE('',#8619,#3934);
#3202=LINE('',#8621,#3935);
#3203=LINE('',#8622,#3936);
#3204=LINE('',#8624,#3937);
#3205=LINE('',#8626,#3938);
#3206=LINE('',#8627,#3939);
#3207=LINE('',#8629,#3940);
#3208=LINE('',#8631,#3941);
#3209=LINE('',#8632,#3942);
#3210=LINE('',#8634,#3943);
#3211=LINE('',#8636,#3944);
#3212=LINE('',#8637,#3945);
#3213=LINE('',#8639,#3946);
#3214=LINE('',#8641,#3947);
#3215=LINE('',#8642,#3948);
#3216=LINE('',#8646,#3949);
#3217=LINE('',#8648,#3950);
#3218=LINE('',#8649,#3951);
#3219=LINE('',#8651,#3952);
#3220=LINE('',#8653,#3953);
#3221=LINE('',#8655,#3954);
#3222=LINE('',#8656,#3955);
#3223=LINE('',#8658,#3956);
#3224=LINE('',#8660,#3957);
#3225=LINE('',#8662,#3958);
#3226=LINE('',#8663,#3959);
#3227=LINE('',#8665,#3960);
#3228=LINE('',#8667,#3961);
#3229=LINE('',#8669,#3962);
#3230=LINE('',#8670,#3963);
#3231=LINE('',#8672,#3964);
#3232=LINE('',#8674,#3965);
#3233=LINE('',#8676,#3966);
#3234=LINE('',#8677,#3967);
#3235=LINE('',#8679,#3968);
#3236=LINE('',#8681,#3969);
#3237=LINE('',#8683,#3970);
#3238=LINE('',#8684,#3971);
#3239=LINE('',#8686,#3972);
#3240=LINE('',#8688,#3973);
#3241=LINE('',#8690,#3974);
#3242=LINE('',#8691,#3975);
#3243=LINE('',#8693,#3976);
#3244=LINE('',#8695,#3977);
#3245=LINE('',#8697,#3978);
#3246=LINE('',#8698,#3979);
#3247=LINE('',#8700,#3980);
#3248=LINE('',#8702,#3981);
#3249=LINE('',#8704,#3982);
#3250=LINE('',#8705,#3983);
#3251=LINE('',#8707,#3984);
#3252=LINE('',#8709,#3985);
#3253=LINE('',#8711,#3986);
#3254=LINE('',#8712,#3987);
#3255=LINE('',#8714,#3988);
#3256=LINE('',#8716,#3989);
#3257=LINE('',#8718,#3990);
#3258=LINE('',#8719,#3991);
#3259=LINE('',#8721,#3992);
#3260=LINE('',#8723,#3993);
#3261=LINE('',#8725,#3994);
#3262=LINE('',#8726,#3995);
#3263=LINE('',#8728,#3996);
#3264=LINE('',#8730,#3997);
#3265=LINE('',#8733,#3998);
#3266=LINE('',#8736,#3999);
#3267=LINE('',#8739,#4000);
#3268=LINE('',#8742,#4001);
#3269=LINE('',#8745,#4002);
#3270=LINE('',#8748,#4003);
#3271=LINE('',#8751,#4004);
#3272=LINE('',#8754,#4005);
#3273=LINE('',#8757,#4006);
#3274=LINE('',#8760,#4007);
#3275=LINE('',#8763,#4008);
#3276=LINE('',#8766,#4009);
#3277=LINE('',#8768,#4010);
#3278=LINE('',#8770,#4011);
#3279=LINE('',#8772,#4012);
#3280=LINE('',#8774,#4013);
#3281=LINE('',#8777,#4014);
#3282=LINE('',#8779,#4015);
#3283=LINE('',#8781,#4016);
#3284=LINE('',#8783,#4017);
#3285=LINE('',#8785,#4018);
#3286=LINE('',#8788,#4019);
#3287=LINE('',#8790,#4020);
#3288=LINE('',#8792,#4021);
#3289=LINE('',#8794,#4022);
#3290=LINE('',#8796,#4023);
#3291=LINE('',#8799,#4024);
#3292=LINE('',#8801,#4025);
#3293=LINE('',#8803,#4026);
#3294=LINE('',#8805,#4027);
#3295=LINE('',#8807,#4028);
#3296=LINE('',#8810,#4029);
#3297=LINE('',#8812,#4030);
#3298=LINE('',#8814,#4031);
#3299=LINE('',#8816,#4032);
#3300=LINE('',#8818,#4033);
#3301=LINE('',#8821,#4034);
#3302=LINE('',#8823,#4035);
#3303=LINE('',#8825,#4036);
#3304=LINE('',#8827,#4037);
#3305=LINE('',#8829,#4038);
#3306=LINE('',#8833,#4039);
#3307=LINE('',#8836,#4040);
#3308=LINE('',#8838,#4041);
#3309=LINE('',#8840,#4042);
#3310=LINE('',#8842,#4043);
#3311=LINE('',#8844,#4044);
#3312=LINE('',#8846,#4045);
#3313=LINE('',#8848,#4046);
#3314=LINE('',#8850,#4047);
#3315=LINE('',#8852,#4048);
#3316=LINE('',#8854,#4049);
#3317=LINE('',#8856,#4050);
#3318=LINE('',#8858,#4051);
#3319=LINE('',#8860,#4052);
#3320=LINE('',#8862,#4053);
#3321=LINE('',#8864,#4054);
#3322=LINE('',#8866,#4055);
#3323=LINE('',#8868,#4056);
#3324=LINE('',#8870,#4057);
#3325=LINE('',#8872,#4058);
#3326=LINE('',#8874,#4059);
#3327=LINE('',#8876,#4060);
#3328=LINE('',#8878,#4061);
#3329=LINE('',#8880,#4062);
#3330=LINE('',#8882,#4063);
#3331=LINE('',#8884,#4064);
#3332=LINE('',#8886,#4065);
#3333=LINE('',#8888,#4066);
#3334=LINE('',#8890,#4067);
#3335=LINE('',#8892,#4068);
#3336=LINE('',#8894,#4069);
#3337=LINE('',#8896,#4070);
#3338=LINE('',#8898,#4071);
#3339=LINE('',#8900,#4072);
#3340=LINE('',#8902,#4073);
#3341=LINE('',#8904,#4074);
#3342=LINE('',#8906,#4075);
#3343=LINE('',#8908,#4076);
#3344=LINE('',#8910,#4077);
#3345=LINE('',#8912,#4078);
#3346=LINE('',#8914,#4079);
#3347=LINE('',#8916,#4080);
#3348=LINE('',#8918,#4081);
#3349=LINE('',#8920,#4082);
#3350=LINE('',#8922,#4083);
#3351=LINE('',#8924,#4084);
#3352=LINE('',#8926,#4085);
#3353=LINE('',#8928,#4086);
#3354=LINE('',#8930,#4087);
#3355=LINE('',#8932,#4088);
#3356=LINE('',#8934,#4089);
#3357=LINE('',#8936,#4090);
#3358=LINE('',#8938,#4091);
#3359=LINE('',#8941,#4092);
#3360=LINE('',#8943,#4093);
#3361=LINE('',#8945,#4094);
#3362=LINE('',#8947,#4095);
#3363=LINE('',#8949,#4096);
#3364=LINE('',#8951,#4097);
#3365=LINE('',#8953,#4098);
#3366=LINE('',#8955,#4099);
#3367=LINE('',#8957,#4100);
#3368=LINE('',#8959,#4101);
#3369=LINE('',#8961,#4102);
#3370=LINE('',#8963,#4103);
#3371=LINE('',#8965,#4104);
#3372=LINE('',#8967,#4105);
#3373=LINE('',#8969,#4106);
#3374=LINE('',#8971,#4107);
#3375=LINE('',#8973,#4108);
#3376=LINE('',#8975,#4109);
#3377=LINE('',#8977,#4110);
#3378=LINE('',#8979,#4111);
#3379=LINE('',#8981,#4112);
#3380=LINE('',#8983,#4113);
#3381=LINE('',#8985,#4114);
#3382=LINE('',#8987,#4115);
#3383=LINE('',#8989,#4116);
#3384=LINE('',#8991,#4117);
#3385=LINE('',#8993,#4118);
#3386=LINE('',#8995,#4119);
#3387=LINE('',#8997,#4120);
#3388=LINE('',#8999,#4121);
#3389=LINE('',#9001,#4122);
#3390=LINE('',#9003,#4123);
#3391=LINE('',#9005,#4124);
#3392=LINE('',#9007,#4125);
#3393=LINE('',#9009,#4126);
#3394=LINE('',#9011,#4127);
#3395=LINE('',#9013,#4128);
#3396=LINE('',#9015,#4129);
#3397=LINE('',#9017,#4130);
#3398=LINE('',#9019,#4131);
#3399=LINE('',#9021,#4132);
#3400=LINE('',#9023,#4133);
#3401=LINE('',#9025,#4134);
#3402=LINE('',#9027,#4135);
#3403=LINE('',#9029,#4136);
#3404=LINE('',#9031,#4137);
#3405=LINE('',#9033,#4138);
#3406=LINE('',#9035,#4139);
#3407=LINE('',#9037,#4140);
#3408=LINE('',#9039,#4141);
#3409=LINE('',#9041,#4142);
#3410=LINE('',#9043,#4143);
#3411=LINE('',#9045,#4144);
#3412=LINE('',#9047,#4145);
#3413=LINE('',#9049,#4146);
#3414=LINE('',#9051,#4147);
#3415=LINE('',#9052,#4148);
#3416=LINE('',#9054,#4149);
#3417=LINE('',#9056,#4150);
#3418=LINE('',#9057,#4151);
#3419=LINE('',#9059,#4152);
#3420=LINE('',#9061,#4153);
#3421=LINE('',#9063,#4154);
#3422=LINE('',#9065,#4155);
#3423=LINE('',#9067,#4156);
#3424=LINE('',#9069,#4157);
#3425=LINE('',#9071,#4158);
#3426=LINE('',#9073,#4159);
#3427=LINE('',#9075,#4160);
#3428=LINE('',#9077,#4161);
#3429=LINE('',#9079,#4162);
#3430=LINE('',#9081,#4163);
#3431=LINE('',#9083,#4164);
#3432=LINE('',#9085,#4165);
#3433=LINE('',#9087,#4166);
#3434=LINE('',#9089,#4167);
#3435=LINE('',#9091,#4168);
#3436=LINE('',#9093,#4169);
#3437=LINE('',#9095,#4170);
#3438=LINE('',#9097,#4171);
#3439=LINE('',#9099,#4172);
#3440=LINE('',#9101,#4173);
#3441=LINE('',#9103,#4174);
#3442=LINE('',#9105,#4175);
#3443=LINE('',#9107,#4176);
#3444=LINE('',#9109,#4177);
#3445=LINE('',#9111,#4178);
#3446=LINE('',#9113,#4179);
#3447=LINE('',#9115,#4180);
#3448=LINE('',#9117,#4181);
#3449=LINE('',#9119,#4182);
#3450=LINE('',#9121,#4183);
#3451=LINE('',#9123,#4184);
#3452=LINE('',#9125,#4185);
#3453=LINE('',#9127,#4186);
#3454=LINE('',#9129,#4187);
#3455=LINE('',#9131,#4188);
#3456=LINE('',#9133,#4189);
#3457=LINE('',#9135,#4190);
#3458=LINE('',#9137,#4191);
#3459=LINE('',#9139,#4192);
#3460=LINE('',#9140,#4193);
#3461=LINE('',#9142,#4194);
#3462=LINE('',#9144,#4195);
#3463=LINE('',#9145,#4196);
#3464=LINE('',#9147,#4197);
#3465=LINE('',#9149,#4198);
#3466=LINE('',#9150,#4199);
#3467=LINE('',#9152,#4200);
#3468=LINE('',#9154,#4201);
#3469=LINE('',#9155,#4202);
#3470=LINE('',#9157,#4203);
#3471=LINE('',#9159,#4204);
#3472=LINE('',#9160,#4205);
#3473=LINE('',#9162,#4206);
#3474=LINE('',#9164,#4207);
#3475=LINE('',#9165,#4208);
#3476=LINE('',#9167,#4209);
#3477=LINE('',#9168,#4210);
#3478=LINE('',#9170,#4211);
#3479=LINE('',#9172,#4212);
#3480=LINE('',#9173,#4213);
#3481=LINE('',#9175,#4214);
#3482=LINE('',#9177,#4215);
#3483=LINE('',#9179,#4216);
#3484=LINE('',#9181,#4217);
#3485=LINE('',#9183,#4218);
#3486=LINE('',#9185,#4219);
#3487=LINE('',#9187,#4220);
#3488=LINE('',#9189,#4221);
#3489=LINE('',#9191,#4222);
#3490=LINE('',#9193,#4223);
#3491=LINE('',#9195,#4224);
#3492=LINE('',#9197,#4225);
#3493=LINE('',#9199,#4226);
#3494=LINE('',#9201,#4227);
#3495=LINE('',#9203,#4228);
#3496=LINE('',#9205,#4229);
#3497=LINE('',#9207,#4230);
#3498=LINE('',#9209,#4231);
#3499=LINE('',#9211,#4232);
#3500=LINE('',#9213,#4233);
#3501=LINE('',#9215,#4234);
#3502=LINE('',#9217,#4235);
#3503=LINE('',#9219,#4236);
#3504=LINE('',#9221,#4237);
#3505=LINE('',#9223,#4238);
#3506=LINE('',#9225,#4239);
#3507=LINE('',#9227,#4240);
#3508=LINE('',#9229,#4241);
#3509=LINE('',#9231,#4242);
#3510=LINE('',#9233,#4243);
#3511=LINE('',#9235,#4244);
#3512=LINE('',#9237,#4245);
#3513=LINE('',#9239,#4246);
#3514=LINE('',#9241,#4247);
#3515=LINE('',#9243,#4248);
#3516=LINE('',#9245,#4249);
#3517=LINE('',#9247,#4250);
#3518=LINE('',#9249,#4251);
#3519=LINE('',#9251,#4252);
#3520=LINE('',#9253,#4253);
#3521=LINE('',#9255,#4254);
#3522=LINE('',#9275,#4255);
#3523=LINE('',#9277,#4256);
#3524=LINE('',#9279,#4257);
#3525=LINE('',#9281,#4258);
#3526=LINE('',#9283,#4259);
#3527=LINE('',#9285,#4260);
#3528=LINE('',#9287,#4261);
#3529=LINE('',#9289,#4262);
#3530=LINE('',#9291,#4263);
#3531=LINE('',#9293,#4264);
#3532=LINE('',#9295,#4265);
#3533=LINE('',#9297,#4266);
#3534=LINE('',#9299,#4267);
#3535=LINE('',#9301,#4268);
#3536=LINE('',#9303,#4269);
#3537=LINE('',#9305,#4270);
#3538=LINE('',#9307,#4271);
#3539=LINE('',#9309,#4272);
#3540=LINE('',#9311,#4273);
#3541=LINE('',#9313,#4274);
#3542=LINE('',#9315,#4275);
#3543=LINE('',#9317,#4276);
#3544=LINE('',#9319,#4277);
#3545=LINE('',#9321,#4278);
#3546=LINE('',#9323,#4279);
#3547=LINE('',#9325,#4280);
#3548=LINE('',#9327,#4281);
#3549=LINE('',#9329,#4282);
#3550=LINE('',#9331,#4283);
#3551=LINE('',#9333,#4284);
#3552=LINE('',#9335,#4285);
#3553=LINE('',#9337,#4286);
#3554=LINE('',#9339,#4287);
#3555=LINE('',#9341,#4288);
#3556=LINE('',#9343,#4289);
#3557=LINE('',#9345,#4290);
#3558=LINE('',#9347,#4291);
#3559=LINE('',#9349,#4292);
#3560=LINE('',#9351,#4293);
#3561=LINE('',#9353,#4294);
#3562=LINE('',#9355,#4295);
#3563=LINE('',#9357,#4296);
#3564=LINE('',#9359,#4297);
#3565=LINE('',#9361,#4298);
#3566=LINE('',#9363,#4299);
#3567=LINE('',#9365,#4300);
#3568=LINE('',#9367,#4301);
#3569=LINE('',#9369,#4302);
#3570=LINE('',#9371,#4303);
#3571=LINE('',#9373,#4304);
#3572=LINE('',#9375,#4305);
#3573=LINE('',#9377,#4306);
#3574=LINE('',#9379,#4307);
#3575=LINE('',#9381,#4308);
#3576=LINE('',#9385,#4309);
#3577=LINE('',#9391,#4310);
#3578=LINE('',#9397,#4311);
#3579=LINE('',#9403,#4312);
#3580=LINE('',#9409,#4313);
#3581=LINE('',#9415,#4314);
#3582=LINE('',#9419,#4315);
#3583=LINE('',#9421,#4316);
#3584=LINE('',#9423,#4317);
#3585=LINE('',#9425,#4318);
#3586=LINE('',#9427,#4319);
#3587=LINE('',#9429,#4320);
#3588=LINE('',#9431,#4321);
#3589=LINE('',#9433,#4322);
#3590=LINE('',#9435,#4323);
#3591=LINE('',#9437,#4324);
#3592=LINE('',#9439,#4325);
#3593=LINE('',#9441,#4326);
#3594=LINE('',#9443,#4327);
#3595=LINE('',#9445,#4328);
#3596=LINE('',#9447,#4329);
#3597=LINE('',#9449,#4330);
#3598=LINE('',#9451,#4331);
#3599=LINE('',#9453,#4332);
#3600=LINE('',#9455,#4333);
#3601=LINE('',#9457,#4334);
#3602=LINE('',#9459,#4335);
#3603=LINE('',#9461,#4336);
#3604=LINE('',#9463,#4337);
#3605=LINE('',#9465,#4338);
#3606=LINE('',#9467,#4339);
#3607=LINE('',#9469,#4340);
#3608=LINE('',#9471,#4341);
#3609=LINE('',#9473,#4342);
#3610=LINE('',#9475,#4343);
#3611=LINE('',#9477,#4344);
#3612=LINE('',#9479,#4345);
#3613=LINE('',#9481,#4346);
#3614=LINE('',#9483,#4347);
#3615=LINE('',#9485,#4348);
#3616=LINE('',#9487,#4349);
#3617=LINE('',#9489,#4350);
#3618=LINE('',#9510,#4351);
#3619=LINE('',#9513,#4352);
#3620=LINE('',#9516,#4353);
#3621=LINE('',#9518,#4354);
#3622=LINE('',#9521,#4355);
#3623=LINE('',#9523,#4356);
#3624=LINE('',#9526,#4357);
#3625=LINE('',#9528,#4358);
#3626=LINE('',#9531,#4359);
#3627=LINE('',#9533,#4360);
#3628=LINE('',#9536,#4361);
#3629=LINE('',#9538,#4362);
#3630=LINE('',#9541,#4363);
#3631=LINE('',#9544,#4364);
#3632=LINE('',#9546,#4365);
#3633=LINE('',#9549,#4366);
#3634=LINE('',#9551,#4367);
#3635=LINE('',#9554,#4368);
#3636=LINE('',#9556,#4369);
#3637=LINE('',#9559,#4370);
#3638=LINE('',#9561,#4371);
#3639=LINE('',#9564,#4372);
#3640=LINE('',#9566,#4373);
#3641=LINE('',#9569,#4374);
#3642=LINE('',#9572,#4375);
#3643=LINE('',#9575,#4376);
#3644=LINE('',#9577,#4377);
#3645=LINE('',#9580,#4378);
#3646=LINE('',#9582,#4379);
#3647=LINE('',#9585,#4380);
#3648=LINE('',#9587,#4381);
#3649=LINE('',#9590,#4382);
#3650=LINE('',#9592,#4383);
#3651=LINE('',#9595,#4384);
#3652=LINE('',#9597,#4385);
#3653=LINE('',#9600,#4386);
#3654=VECTOR('',#6705,1000.);
#3655=VECTOR('',#6706,1000.);
#3656=VECTOR('',#6707,1000.);
#3657=VECTOR('',#6708,1000.);
#3658=VECTOR('',#6711,1000.);
#3659=VECTOR('',#6712,1000.);
#3660=VECTOR('',#6713,1000.);
#3661=VECTOR('',#6714,1000.);
#3662=VECTOR('',#6717,1000.);
#3663=VECTOR('',#6718,1000.);
#3664=VECTOR('',#6719,1000.);
#3665=VECTOR('',#6720,1000.);
#3666=VECTOR('',#6723,1000.);
#3667=VECTOR('',#6724,1000.);
#3668=VECTOR('',#6725,1000.);
#3669=VECTOR('',#6726,1000.);
#3670=VECTOR('',#6729,1000.);
#3671=VECTOR('',#6730,1000.);
#3672=VECTOR('',#6731,1000.);
#3673=VECTOR('',#6732,1000.);
#3674=VECTOR('',#6735,1000.);
#3675=VECTOR('',#6736,1000.);
#3676=VECTOR('',#6737,1000.);
#3677=VECTOR('',#6738,1000.);
#3678=VECTOR('',#6741,1000.);
#3679=VECTOR('',#6742,1000.);
#3680=VECTOR('',#6743,1000.);
#3681=VECTOR('',#6744,1000.);
#3682=VECTOR('',#6745,1000.);
#3683=VECTOR('',#6746,1000.);
#3684=VECTOR('',#6747,1000.);
#3685=VECTOR('',#6750,1000.);
#3686=VECTOR('',#6751,1000.);
#3687=VECTOR('',#6752,1000.);
#3688=VECTOR('',#6753,1000.);
#3689=VECTOR('',#6756,1000.);
#3690=VECTOR('',#6757,1000.);
#3691=VECTOR('',#6758,1000.);
#3692=VECTOR('',#6759,1000.);
#3693=VECTOR('',#6762,1000.);
#3694=VECTOR('',#6763,1000.);
#3695=VECTOR('',#6764,1000.);
#3696=VECTOR('',#6765,1000.);
#3697=VECTOR('',#6768,1000.);
#3698=VECTOR('',#6769,1000.);
#3699=VECTOR('',#6770,1000.);
#3700=VECTOR('',#6771,1000.);
#3701=VECTOR('',#6774,1000.);
#3702=VECTOR('',#6775,1000.);
#3703=VECTOR('',#6776,1000.);
#3704=VECTOR('',#6777,1000.);
#3705=VECTOR('',#6780,1000.);
#3706=VECTOR('',#6781,1000.);
#3707=VECTOR('',#6782,1000.);
#3708=VECTOR('',#6783,1000.);
#3709=VECTOR('',#6784,1000.);
#3710=VECTOR('',#6785,1000.);
#3711=VECTOR('',#6786,1000.);
#3712=VECTOR('',#6789,1000.);
#3713=VECTOR('',#6790,1000.);
#3714=VECTOR('',#6791,1000.);
#3715=VECTOR('',#6794,1000.);
#3716=VECTOR('',#6795,1000.);
#3717=VECTOR('',#6796,1000.);
#3718=VECTOR('',#6799,1000.);
#3719=VECTOR('',#6800,1000.);
#3720=VECTOR('',#6801,1000.);
#3721=VECTOR('',#6804,1000.);
#3722=VECTOR('',#6805,1000.);
#3723=VECTOR('',#6806,1000.);
#3724=VECTOR('',#6809,1000.);
#3725=VECTOR('',#6810,1000.);
#3726=VECTOR('',#6811,1000.);
#3727=VECTOR('',#6814,1000.);
#3728=VECTOR('',#6815,1000.);
#3729=VECTOR('',#6816,1000.);
#3730=VECTOR('',#6819,1000.);
#3731=VECTOR('',#6820,1000.);
#3732=VECTOR('',#6821,1000.);
#3733=VECTOR('',#6824,1000.);
#3734=VECTOR('',#6825,1000.);
#3735=VECTOR('',#6826,1000.);
#3736=VECTOR('',#6827,1000.);
#3737=VECTOR('',#6828,1000.);
#3738=VECTOR('',#6829,1000.);
#3739=VECTOR('',#6830,1000.);
#3740=VECTOR('',#6831,1000.);
#3741=VECTOR('',#6832,1000.);
#3742=VECTOR('',#6833,1000.);
#3743=VECTOR('',#6834,1000.);
#3744=VECTOR('',#6835,1000.);
#3745=VECTOR('',#6836,1000.);
#3746=VECTOR('',#6837,1000.);
#3747=VECTOR('',#6838,1000.);
#3748=VECTOR('',#6839,1000.);
#3749=VECTOR('',#6840,1000.);
#3750=VECTOR('',#6841,1000.);
#3751=VECTOR('',#6842,1000.);
#3752=VECTOR('',#6843,1000.);
#3753=VECTOR('',#6844,1000.);
#3754=VECTOR('',#6847,1000.);
#3755=VECTOR('',#6848,1000.);
#3756=VECTOR('',#6849,1000.);
#3757=VECTOR('',#6850,1000.);
#3758=VECTOR('',#6853,1000.);
#3759=VECTOR('',#6854,1000.);
#3760=VECTOR('',#6855,1000.);
#3761=VECTOR('',#6856,1000.);
#3762=VECTOR('',#6859,1000.);
#3763=VECTOR('',#6860,1000.);
#3764=VECTOR('',#6861,1000.);
#3765=VECTOR('',#6862,1000.);
#3766=VECTOR('',#6865,1000.);
#3767=VECTOR('',#6866,1000.);
#3768=VECTOR('',#6867,1000.);
#3769=VECTOR('',#6868,1000.);
#3770=VECTOR('',#6871,1000.);
#3771=VECTOR('',#6872,1000.);
#3772=VECTOR('',#6873,1000.);
#3773=VECTOR('',#6874,1000.);
#3774=VECTOR('',#6877,1000.);
#3775=VECTOR('',#6878,1000.);
#3776=VECTOR('',#6879,1000.);
#3777=VECTOR('',#6880,1000.);
#3778=VECTOR('',#6883,1000.);
#3779=VECTOR('',#6884,1000.);
#3780=VECTOR('',#6885,1000.);
#3781=VECTOR('',#6888,1000.);
#3782=VECTOR('',#6889,1000.);
#3783=VECTOR('',#6890,1000.);
#3784=VECTOR('',#6893,1000.);
#3785=VECTOR('',#6894,1000.);
#3786=VECTOR('',#6895,1000.);
#3787=VECTOR('',#6898,1000.);
#3788=VECTOR('',#6899,1000.);
#3789=VECTOR('',#6900,1000.);
#3790=VECTOR('',#6903,1000.);
#3791=VECTOR('',#6904,1000.);
#3792=VECTOR('',#6905,1000.);
#3793=VECTOR('',#6908,1000.);
#3794=VECTOR('',#6909,1000.);
#3795=VECTOR('',#6910,1000.);
#3796=VECTOR('',#6913,1000.);
#3797=VECTOR('',#6914,1000.);
#3798=VECTOR('',#6915,1000.);
#3799=VECTOR('',#6918,1000.);
#3800=VECTOR('',#6919,1000.);
#3801=VECTOR('',#6920,1000.);
#3802=VECTOR('',#6921,1000.);
#3803=VECTOR('',#6922,1000.);
#3804=VECTOR('',#6923,1000.);
#3805=VECTOR('',#6924,1000.);
#3806=VECTOR('',#6925,1000.);
#3807=VECTOR('',#6926,1000.);
#3808=VECTOR('',#6927,1000.);
#3809=VECTOR('',#6928,1000.);
#3810=VECTOR('',#6929,1000.);
#3811=VECTOR('',#6930,1000.);
#3812=VECTOR('',#6931,1000.);
#3813=VECTOR('',#6932,1000.);
#3814=VECTOR('',#6933,1000.);
#3815=VECTOR('',#6934,1000.);
#3816=VECTOR('',#6935,1000.);
#3817=VECTOR('',#6936,1000.);
#3818=VECTOR('',#6937,1000.);
#3819=VECTOR('',#6938,1000.);
#3820=VECTOR('',#6941,1000.);
#3821=VECTOR('',#6942,1000.);
#3822=VECTOR('',#6943,1000.);
#3823=VECTOR('',#6946,1000.);
#3824=VECTOR('',#6947,1000.);
#3825=VECTOR('',#6948,1000.);
#3826=VECTOR('',#6951,1000.);
#3827=VECTOR('',#6952,1000.);
#3828=VECTOR('',#6953,1000.);
#3829=VECTOR('',#6954,1000.);
#3830=VECTOR('',#6955,1000.);
#3831=VECTOR('',#6956,1000.);
#3832=VECTOR('',#6957,1000.);
#3833=VECTOR('',#6958,1000.);
#3834=VECTOR('',#6961,1000.);
#3835=VECTOR('',#6962,1000.);
#3836=VECTOR('',#6963,1000.);
#3837=VECTOR('',#6964,1000.);
#3838=VECTOR('',#6965,1000.);
#3839=VECTOR('',#6966,1000.);
#3840=VECTOR('',#6971,1000.);
#3841=VECTOR('',#6974,1000.);
#3842=VECTOR('',#6975,1000.);
#3843=VECTOR('',#6976,1000.);
#3844=VECTOR('',#6977,1000.);
#3845=VECTOR('',#6978,1000.);
#3846=VECTOR('',#6981,1000.);
#3847=VECTOR('',#6982,1000.);
#3848=VECTOR('',#6983,1000.);
#3849=VECTOR('',#6986,1000.);
#3850=VECTOR('',#6987,1000.);
#3851=VECTOR('',#6988,1000.);
#3852=VECTOR('',#6991,1000.);
#3853=VECTOR('',#6992,1000.);
#3854=VECTOR('',#6993,1000.);
#3855=VECTOR('',#7000,1000.);
#3856=VECTOR('',#7005,1000.);
#3857=VECTOR('',#7008,1000.);
#3858=VECTOR('',#7009,1000.);
#3859=VECTOR('',#7012,1000.);
#3860=VECTOR('',#7013,1000.);
#3861=VECTOR('',#7016,1000.);
#3862=VECTOR('',#7017,1000.);
#3863=VECTOR('',#7018,1000.);
#3864=VECTOR('',#7021,1000.);
#3865=VECTOR('',#7022,1000.);
#3866=VECTOR('',#7023,1000.);
#3867=VECTOR('',#7024,1000.);
#3868=VECTOR('',#7027,1000.);
#3869=VECTOR('',#7028,1000.);
#3870=VECTOR('',#7029,1000.);
#3871=VECTOR('',#7032,1000.);
#3872=VECTOR('',#7033,1000.);
#3873=VECTOR('',#7036,1000.);
#3874=VECTOR('',#7037,1000.);
#3875=VECTOR('',#7044,1000.);
#3876=VECTOR('',#7045,1000.);
#3877=VECTOR('',#7046,1000.);
#3878=VECTOR('',#7049,1000.);
#3879=VECTOR('',#7050,1000.);
#3880=VECTOR('',#7051,1000.);
#3881=VECTOR('',#7052,1000.);
#3882=VECTOR('',#7055,1000.);
#3883=VECTOR('',#7056,1000.);
#3884=VECTOR('',#7057,1000.);
#3885=VECTOR('',#7060,1000.);
#3886=VECTOR('',#7061,1000.);
#3887=VECTOR('',#7064,1000.);
#3888=VECTOR('',#7065,1000.);
#3889=VECTOR('',#7072,1000.);
#3890=VECTOR('',#7073,1000.);
#3891=VECTOR('',#7074,1000.);
#3892=VECTOR('',#7077,1000.);
#3893=VECTOR('',#7078,1000.);
#3894=VECTOR('',#7079,1000.);
#3895=VECTOR('',#7080,1000.);
#3896=VECTOR('',#7081,1000.);
#3897=VECTOR('',#7084,1000.);
#3898=VECTOR('',#7085,1000.);
#3899=VECTOR('',#7088,1000.);
#3900=VECTOR('',#7089,1000.);
#3901=VECTOR('',#7092,1000.);
#3902=VECTOR('',#7095,1000.);
#3903=VECTOR('',#7096,1000.);
#3904=VECTOR('',#7099,1000.);
#3905=VECTOR('',#7104,1000.);
#3906=VECTOR('',#7105,1000.);
#3907=VECTOR('',#7106,1000.);
#3908=VECTOR('',#7107,1000.);
#3909=VECTOR('',#7110,1000.);
#3910=VECTOR('',#7111,1000.);
#3911=VECTOR('',#7112,1000.);
#3912=VECTOR('',#7113,1000.);
#3913=VECTOR('',#7114,1000.);
#3914=VECTOR('',#7115,1000.);
#3915=VECTOR('',#7116,1000.);
#3916=VECTOR('',#7117,1000.);
#3917=VECTOR('',#7118,1000.);
#3918=VECTOR('',#7119,1000.);
#3919=VECTOR('',#7120,1000.);
#3920=VECTOR('',#7121,1000.);
#3921=VECTOR('',#7122,1000.);
#3922=VECTOR('',#7123,1000.);
#3923=VECTOR('',#7124,1000.);
#3924=VECTOR('',#7125,1000.);
#3925=VECTOR('',#7126,1000.);
#3926=VECTOR('',#7127,1000.);
#3927=VECTOR('',#7128,1000.);
#3928=VECTOR('',#7129,1000.);
#3929=VECTOR('',#7132,1000.);
#3930=VECTOR('',#7133,1000.);
#3931=VECTOR('',#7134,1000.);
#3932=VECTOR('',#7135,1000.);
#3933=VECTOR('',#7136,1000.);
#3934=VECTOR('',#7137,1000.);
#3935=VECTOR('',#7138,1000.);
#3936=VECTOR('',#7139,1000.);
#3937=VECTOR('',#7140,1000.);
#3938=VECTOR('',#7141,1000.);
#3939=VECTOR('',#7142,1000.);
#3940=VECTOR('',#7143,1000.);
#3941=VECTOR('',#7144,1000.);
#3942=VECTOR('',#7145,1000.);
#3943=VECTOR('',#7146,1000.);
#3944=VECTOR('',#7147,1000.);
#3945=VECTOR('',#7148,1000.);
#3946=VECTOR('',#7149,1000.);
#3947=VECTOR('',#7150,1000.);
#3948=VECTOR('',#7151,1000.);
#3949=VECTOR('',#7158,1000.);
#3950=VECTOR('',#7159,1000.);
#3951=VECTOR('',#7160,1000.);
#3952=VECTOR('',#7161,1000.);
#3953=VECTOR('',#7164,1000.);
#3954=VECTOR('',#7165,1000.);
#3955=VECTOR('',#7166,1000.);
#3956=VECTOR('',#7167,1000.);
#3957=VECTOR('',#7170,1000.);
#3958=VECTOR('',#7171,1000.);
#3959=VECTOR('',#7172,1000.);
#3960=VECTOR('',#7173,1000.);
#3961=VECTOR('',#7176,1000.);
#3962=VECTOR('',#7177,1000.);
#3963=VECTOR('',#7178,1000.);
#3964=VECTOR('',#7179,1000.);
#3965=VECTOR('',#7182,1000.);
#3966=VECTOR('',#7183,1000.);
#3967=VECTOR('',#7184,1000.);
#3968=VECTOR('',#7185,1000.);
#3969=VECTOR('',#7188,1000.);
#3970=VECTOR('',#7189,1000.);
#3971=VECTOR('',#7190,1000.);
#3972=VECTOR('',#7191,1000.);
#3973=VECTOR('',#7194,1000.);
#3974=VECTOR('',#7195,1000.);
#3975=VECTOR('',#7196,1000.);
#3976=VECTOR('',#7197,1000.);
#3977=VECTOR('',#7200,1000.);
#3978=VECTOR('',#7201,1000.);
#3979=VECTOR('',#7202,1000.);
#3980=VECTOR('',#7203,1000.);
#3981=VECTOR('',#7206,1000.);
#3982=VECTOR('',#7207,1000.);
#3983=VECTOR('',#7208,1000.);
#3984=VECTOR('',#7209,1000.);
#3985=VECTOR('',#7212,1000.);
#3986=VECTOR('',#7213,1000.);
#3987=VECTOR('',#7214,1000.);
#3988=VECTOR('',#7215,1000.);
#3989=VECTOR('',#7218,1000.);
#3990=VECTOR('',#7219,1000.);
#3991=VECTOR('',#7220,1000.);
#3992=VECTOR('',#7221,1000.);
#3993=VECTOR('',#7224,1000.);
#3994=VECTOR('',#7225,1000.);
#3995=VECTOR('',#7226,1000.);
#3996=VECTOR('',#7227,1000.);
#3997=VECTOR('',#7230,1000.);
#3998=VECTOR('',#7235,1000.);
#3999=VECTOR('',#7240,1000.);
#4000=VECTOR('',#7245,1000.);
#4001=VECTOR('',#7250,1000.);
#4002=VECTOR('',#7255,1000.);
#4003=VECTOR('',#7260,1000.);
#4004=VECTOR('',#7265,1000.);
#4005=VECTOR('',#7270,1000.);
#4006=VECTOR('',#7275,1000.);
#4007=VECTOR('',#7280,1000.);
#4008=VECTOR('',#7285,1000.);
#4009=VECTOR('',#7290,1000.);
#4010=VECTOR('',#7291,1000.);
#4011=VECTOR('',#7292,1000.);
#4012=VECTOR('',#7295,1000.);
#4013=VECTOR('',#7298,1000.);
#4014=VECTOR('',#7303,1000.);
#4015=VECTOR('',#7304,1000.);
#4016=VECTOR('',#7307,1000.);
#4017=VECTOR('',#7308,1000.);
#4018=VECTOR('',#7311,1000.);
#4019=VECTOR('',#7316,1000.);
#4020=VECTOR('',#7317,1000.);
#4021=VECTOR('',#7320,1000.);
#4022=VECTOR('',#7321,1000.);
#4023=VECTOR('',#7324,1000.);
#4024=VECTOR('',#7329,1000.);
#4025=VECTOR('',#7330,1000.);
#4026=VECTOR('',#7333,1000.);
#4027=VECTOR('',#7334,1000.);
#4028=VECTOR('',#7337,1000.);
#4029=VECTOR('',#7342,1000.);
#4030=VECTOR('',#7343,1000.);
#4031=VECTOR('',#7346,1000.);
#4032=VECTOR('',#7347,1000.);
#4033=VECTOR('',#7350,1000.);
#4034=VECTOR('',#7355,1000.);
#4035=VECTOR('',#7356,1000.);
#4036=VECTOR('',#7357,1000.);
#4037=VECTOR('',#7360,1000.);
#4038=VECTOR('',#7363,1000.);
#4039=VECTOR('',#7370,1000.);
#4040=VECTOR('',#7371,1000.);
#4041=VECTOR('',#7372,1000.);
#4042=VECTOR('',#7373,1000.);
#4043=VECTOR('',#7374,1000.);
#4044=VECTOR('',#7375,1000.);
#4045=VECTOR('',#7376,1000.);
#4046=VECTOR('',#7377,1000.);
#4047=VECTOR('',#7378,1000.);
#4048=VECTOR('',#7379,1000.);
#4049=VECTOR('',#7380,1000.);
#4050=VECTOR('',#7381,1000.);
#4051=VECTOR('',#7382,1000.);
#4052=VECTOR('',#7383,1000.);
#4053=VECTOR('',#7384,1000.);
#4054=VECTOR('',#7385,1000.);
#4055=VECTOR('',#7386,1000.);
#4056=VECTOR('',#7387,1000.);
#4057=VECTOR('',#7388,1000.);
#4058=VECTOR('',#7389,1000.);
#4059=VECTOR('',#7390,1000.);
#4060=VECTOR('',#7391,1000.);
#4061=VECTOR('',#7392,1000.);
#4062=VECTOR('',#7393,1000.);
#4063=VECTOR('',#7394,1000.);
#4064=VECTOR('',#7395,1000.);
#4065=VECTOR('',#7396,1000.);
#4066=VECTOR('',#7397,1000.);
#4067=VECTOR('',#7398,1000.);
#4068=VECTOR('',#7399,1000.);
#4069=VECTOR('',#7400,1000.);
#4070=VECTOR('',#7401,1000.);
#4071=VECTOR('',#7402,1000.);
#4072=VECTOR('',#7403,1000.);
#4073=VECTOR('',#7404,1000.);
#4074=VECTOR('',#7405,1000.);
#4075=VECTOR('',#7406,1000.);
#4076=VECTOR('',#7407,1000.);
#4077=VECTOR('',#7408,1000.);
#4078=VECTOR('',#7409,1000.);
#4079=VECTOR('',#7410,1000.);
#4080=VECTOR('',#7411,1000.);
#4081=VECTOR('',#7412,1000.);
#4082=VECTOR('',#7413,1000.);
#4083=VECTOR('',#7414,1000.);
#4084=VECTOR('',#7415,1000.);
#4085=VECTOR('',#7416,1000.);
#4086=VECTOR('',#7417,1000.);
#4087=VECTOR('',#7418,1000.);
#4088=VECTOR('',#7419,1000.);
#4089=VECTOR('',#7420,1000.);
#4090=VECTOR('',#7421,1000.);
#4091=VECTOR('',#7424,1000.);
#4092=VECTOR('',#7425,1000.);
#4093=VECTOR('',#7426,1000.);
#4094=VECTOR('',#7427,1000.);
#4095=VECTOR('',#7428,1000.);
#4096=VECTOR('',#7429,1000.);
#4097=VECTOR('',#7430,1000.);
#4098=VECTOR('',#7431,1000.);
#4099=VECTOR('',#7432,1000.);
#4100=VECTOR('',#7433,1000.);
#4101=VECTOR('',#7434,1000.);
#4102=VECTOR('',#7435,1000.);
#4103=VECTOR('',#7436,1000.);
#4104=VECTOR('',#7437,1000.);
#4105=VECTOR('',#7438,1000.);
#4106=VECTOR('',#7439,1000.);
#4107=VECTOR('',#7440,1000.);
#4108=VECTOR('',#7441,1000.);
#4109=VECTOR('',#7442,1000.);
#4110=VECTOR('',#7443,1000.);
#4111=VECTOR('',#7444,1000.);
#4112=VECTOR('',#7445,1000.);
#4113=VECTOR('',#7446,1000.);
#4114=VECTOR('',#7447,1000.);
#4115=VECTOR('',#7448,1000.);
#4116=VECTOR('',#7449,1000.);
#4117=VECTOR('',#7450,1000.);
#4118=VECTOR('',#7451,1000.);
#4119=VECTOR('',#7452,1000.);
#4120=VECTOR('',#7453,1000.);
#4121=VECTOR('',#7454,1000.);
#4122=VECTOR('',#7455,1000.);
#4123=VECTOR('',#7456,1000.);
#4124=VECTOR('',#7457,1000.);
#4125=VECTOR('',#7458,1000.);
#4126=VECTOR('',#7459,1000.);
#4127=VECTOR('',#7460,1000.);
#4128=VECTOR('',#7461,1000.);
#4129=VECTOR('',#7462,1000.);
#4130=VECTOR('',#7463,1000.);
#4131=VECTOR('',#7464,1000.);
#4132=VECTOR('',#7465,1000.);
#4133=VECTOR('',#7466,1000.);
#4134=VECTOR('',#7467,1000.);
#4135=VECTOR('',#7468,1000.);
#4136=VECTOR('',#7469,1000.);
#4137=VECTOR('',#7470,1000.);
#4138=VECTOR('',#7471,1000.);
#4139=VECTOR('',#7472,1000.);
#4140=VECTOR('',#7473,1000.);
#4141=VECTOR('',#7474,1000.);
#4142=VECTOR('',#7475,1000.);
#4143=VECTOR('',#7478,1000.);
#4144=VECTOR('',#7479,1000.);
#4145=VECTOR('',#7480,1000.);
#4146=VECTOR('',#7481,1000.);
#4147=VECTOR('',#7482,1000.);
#4148=VECTOR('',#7483,1000.);
#4149=VECTOR('',#7486,1000.);
#4150=VECTOR('',#7487,1000.);
#4151=VECTOR('',#7488,1000.);
#4152=VECTOR('',#7489,1000.);
#4153=VECTOR('',#7490,1000.);
#4154=VECTOR('',#7491,1000.);
#4155=VECTOR('',#7494,1000.);
#4156=VECTOR('',#7495,1000.);
#4157=VECTOR('',#7496,1000.);
#4158=VECTOR('',#7499,1000.);
#4159=VECTOR('',#7500,1000.);
#4160=VECTOR('',#7501,1000.);
#4161=VECTOR('',#7504,1000.);
#4162=VECTOR('',#7505,1000.);
#4163=VECTOR('',#7506,1000.);
#4164=VECTOR('',#7509,1000.);
#4165=VECTOR('',#7510,1000.);
#4166=VECTOR('',#7511,1000.);
#4167=VECTOR('',#7514,1000.);
#4168=VECTOR('',#7515,1000.);
#4169=VECTOR('',#7516,1000.);
#4170=VECTOR('',#7519,1000.);
#4171=VECTOR('',#7520,1000.);
#4172=VECTOR('',#7521,1000.);
#4173=VECTOR('',#7524,1000.);
#4174=VECTOR('',#7525,1000.);
#4175=VECTOR('',#7526,1000.);
#4176=VECTOR('',#7529,1000.);
#4177=VECTOR('',#7530,1000.);
#4178=VECTOR('',#7531,1000.);
#4179=VECTOR('',#7534,1000.);
#4180=VECTOR('',#7535,1000.);
#4181=VECTOR('',#7536,1000.);
#4182=VECTOR('',#7539,1000.);
#4183=VECTOR('',#7540,1000.);
#4184=VECTOR('',#7541,1000.);
#4185=VECTOR('',#7544,1000.);
#4186=VECTOR('',#7545,1000.);
#4187=VECTOR('',#7546,1000.);
#4188=VECTOR('',#7549,1000.);
#4189=VECTOR('',#7550,1000.);
#4190=VECTOR('',#7551,1000.);
#4191=VECTOR('',#7554,1000.);
#4192=VECTOR('',#7555,1000.);
#4193=VECTOR('',#7556,1000.);
#4194=VECTOR('',#7557,1000.);
#4195=VECTOR('',#7558,1000.);
#4196=VECTOR('',#7559,1000.);
#4197=VECTOR('',#7560,1000.);
#4198=VECTOR('',#7561,1000.);
#4199=VECTOR('',#7562,1000.);
#4200=VECTOR('',#7563,1000.);
#4201=VECTOR('',#7564,1000.);
#4202=VECTOR('',#7565,1000.);
#4203=VECTOR('',#7566,1000.);
#4204=VECTOR('',#7567,1000.);
#4205=VECTOR('',#7568,1000.);
#4206=VECTOR('',#7569,1000.);
#4207=VECTOR('',#7570,1000.);
#4208=VECTOR('',#7571,1000.);
#4209=VECTOR('',#7572,1000.);
#4210=VECTOR('',#7573,1000.);
#4211=VECTOR('',#7576,1000.);
#4212=VECTOR('',#7577,1000.);
#4213=VECTOR('',#7578,1000.);
#4214=VECTOR('',#7579,1000.);
#4215=VECTOR('',#7580,1000.);
#4216=VECTOR('',#7581,1000.);
#4217=VECTOR('',#7582,1000.);
#4218=VECTOR('',#7583,1000.);
#4219=VECTOR('',#7584,1000.);
#4220=VECTOR('',#7585,1000.);
#4221=VECTOR('',#7586,1000.);
#4222=VECTOR('',#7587,1000.);
#4223=VECTOR('',#7588,1000.);
#4224=VECTOR('',#7589,1000.);
#4225=VECTOR('',#7590,1000.);
#4226=VECTOR('',#7591,1000.);
#4227=VECTOR('',#7592,1000.);
#4228=VECTOR('',#7593,1000.);
#4229=VECTOR('',#7594,1000.);
#4230=VECTOR('',#7595,1000.);
#4231=VECTOR('',#7596,1000.);
#4232=VECTOR('',#7597,1000.);
#4233=VECTOR('',#7598,1000.);
#4234=VECTOR('',#7599,1000.);
#4235=VECTOR('',#7600,1000.);
#4236=VECTOR('',#7601,1000.);
#4237=VECTOR('',#7604,1000.);
#4238=VECTOR('',#7605,1000.);
#4239=VECTOR('',#7606,1000.);
#4240=VECTOR('',#7609,1000.);
#4241=VECTOR('',#7610,1000.);
#4242=VECTOR('',#7611,1000.);
#4243=VECTOR('',#7614,1000.);
#4244=VECTOR('',#7615,1000.);
#4245=VECTOR('',#7616,1000.);
#4246=VECTOR('',#7619,1000.);
#4247=VECTOR('',#7620,1000.);
#4248=VECTOR('',#7621,1000.);
#4249=VECTOR('',#7624,1000.);
#4250=VECTOR('',#7625,1000.);
#4251=VECTOR('',#7626,1000.);
#4252=VECTOR('',#7629,1000.);
#4253=VECTOR('',#7630,1000.);
#4254=VECTOR('',#7631,1000.);
#4255=VECTOR('',#7670,1000.);
#4256=VECTOR('',#7671,1000.);
#4257=VECTOR('',#7672,1000.);
#4258=VECTOR('',#7675,1000.);
#4259=VECTOR('',#7676,1000.);
#4260=VECTOR('',#7677,1000.);
#4261=VECTOR('',#7680,1000.);
#4262=VECTOR('',#7681,1000.);
#4263=VECTOR('',#7682,1000.);
#4264=VECTOR('',#7685,1000.);
#4265=VECTOR('',#7686,1000.);
#4266=VECTOR('',#7687,1000.);
#4267=VECTOR('',#7690,1000.);
#4268=VECTOR('',#7691,1000.);
#4269=VECTOR('',#7692,1000.);
#4270=VECTOR('',#7695,1000.);
#4271=VECTOR('',#7696,1000.);
#4272=VECTOR('',#7697,1000.);
#4273=VECTOR('',#7700,1000.);
#4274=VECTOR('',#7701,1000.);
#4275=VECTOR('',#7702,1000.);
#4276=VECTOR('',#7705,1000.);
#4277=VECTOR('',#7706,1000.);
#4278=VECTOR('',#7707,1000.);
#4279=VECTOR('',#7710,1000.);
#4280=VECTOR('',#7711,1000.);
#4281=VECTOR('',#7712,1000.);
#4282=VECTOR('',#7715,1000.);
#4283=VECTOR('',#7716,1000.);
#4284=VECTOR('',#7717,1000.);
#4285=VECTOR('',#7720,1000.);
#4286=VECTOR('',#7721,1000.);
#4287=VECTOR('',#7722,1000.);
#4288=VECTOR('',#7725,1000.);
#4289=VECTOR('',#7726,1000.);
#4290=VECTOR('',#7727,1000.);
#4291=VECTOR('',#7730,1000.);
#4292=VECTOR('',#7731,1000.);
#4293=VECTOR('',#7732,1000.);
#4294=VECTOR('',#7735,1000.);
#4295=VECTOR('',#7736,1000.);
#4296=VECTOR('',#7737,1000.);
#4297=VECTOR('',#7740,1000.);
#4298=VECTOR('',#7741,1000.);
#4299=VECTOR('',#7742,1000.);
#4300=VECTOR('',#7745,1000.);
#4301=VECTOR('',#7746,1000.);
#4302=VECTOR('',#7747,1000.);
#4303=VECTOR('',#7750,1000.);
#4304=VECTOR('',#7751,1000.);
#4305=VECTOR('',#7752,1000.);
#4306=VECTOR('',#7755,1000.);
#4307=VECTOR('',#7756,1000.);
#4308=VECTOR('',#7757,1000.);
#4309=VECTOR('',#7762,1000.);
#4310=VECTOR('',#7769,1000.);
#4311=VECTOR('',#7776,1000.);
#4312=VECTOR('',#7783,1000.);
#4313=VECTOR('',#7790,1000.);
#4314=VECTOR('',#7797,1000.);
#4315=VECTOR('',#7802,1000.);
#4316=VECTOR('',#7803,1000.);
#4317=VECTOR('',#7804,1000.);
#4318=VECTOR('',#7807,1000.);
#4319=VECTOR('',#7808,1000.);
#4320=VECTOR('',#7809,1000.);
#4321=VECTOR('',#7812,1000.);
#4322=VECTOR('',#7813,1000.);
#4323=VECTOR('',#7814,1000.);
#4324=VECTOR('',#7817,1000.);
#4325=VECTOR('',#7818,1000.);
#4326=VECTOR('',#7819,1000.);
#4327=VECTOR('',#7822,1000.);
#4328=VECTOR('',#7823,1000.);
#4329=VECTOR('',#7824,1000.);
#4330=VECTOR('',#7827,1000.);
#4331=VECTOR('',#7828,1000.);
#4332=VECTOR('',#7829,1000.);
#4333=VECTOR('',#7832,1000.);
#4334=VECTOR('',#7833,1000.);
#4335=VECTOR('',#7834,1000.);
#4336=VECTOR('',#7837,1000.);
#4337=VECTOR('',#7838,1000.);
#4338=VECTOR('',#7839,1000.);
#4339=VECTOR('',#7842,1000.);
#4340=VECTOR('',#7843,1000.);
#4341=VECTOR('',#7844,1000.);
#4342=VECTOR('',#7847,1000.);
#4343=VECTOR('',#7848,1000.);
#4344=VECTOR('',#7849,1000.);
#4345=VECTOR('',#7852,1000.);
#4346=VECTOR('',#7853,1000.);
#4347=VECTOR('',#7854,1000.);
#4348=VECTOR('',#7857,1000.);
#4349=VECTOR('',#7858,1000.);
#4350=VECTOR('',#7859,1000.);
#4351=VECTOR('',#7900,1000.);
#4352=VECTOR('',#7905,1000.);
#4353=VECTOR('',#7910,1000.);
#4354=VECTOR('',#7913,1000.);
#4355=VECTOR('',#7918,1000.);
#4356=VECTOR('',#7921,1000.);
#4357=VECTOR('',#7926,1000.);
#4358=VECTOR('',#7929,1000.);
#4359=VECTOR('',#7934,1000.);
#4360=VECTOR('',#7937,1000.);
#4361=VECTOR('',#7942,1000.);
#4362=VECTOR('',#7945,1000.);
#4363=VECTOR('',#7950,1000.);
#4364=VECTOR('',#7955,1000.);
#4365=VECTOR('',#7958,1000.);
#4366=VECTOR('',#7963,1000.);
#4367=VECTOR('',#7966,1000.);
#4368=VECTOR('',#7971,1000.);
#4369=VECTOR('',#7974,1000.);
#4370=VECTOR('',#7979,1000.);
#4371=VECTOR('',#7982,1000.);
#4372=VECTOR('',#7987,1000.);
#4373=VECTOR('',#7990,1000.);
#4374=VECTOR('',#7995,1000.);
#4375=VECTOR('',#8000,1000.);
#4376=VECTOR('',#8005,1000.);
#4377=VECTOR('',#8008,1000.);
#4378=VECTOR('',#8013,1000.);
#4379=VECTOR('',#8016,1000.);
#4380=VECTOR('',#8021,1000.);
#4381=VECTOR('',#8024,1000.);
#4382=VECTOR('',#8029,1000.);
#4383=VECTOR('',#8032,1000.);
#4384=VECTOR('',#8037,1000.);
#4385=VECTOR('',#8040,1000.);
#4386=VECTOR('',#8045,1000.);
#4387=EDGE_LOOP('',(#90,#91,#92,#93));
#4388=EDGE_LOOP('',(#94,#95,#96,#97));
#4389=EDGE_LOOP('',(#98,#99,#100,#101));
#4390=EDGE_LOOP('',(#102,#103,#104,#105));
#4391=EDGE_LOOP('',(#106,#107,#108,#109));
#4392=EDGE_LOOP('',(#110,#111,#112,#113));
#4393=EDGE_LOOP('',(#114,#115,#116,#117,#118,#119,#120));
#4394=EDGE_LOOP('',(#121,#122,#123,#124));
#4395=EDGE_LOOP('',(#125,#126,#127,#128));
#4396=EDGE_LOOP('',(#129,#130,#131,#132));
#4397=EDGE_LOOP('',(#133,#134,#135,#136));
#4398=EDGE_LOOP('',(#137,#138,#139,#140));
#4399=EDGE_LOOP('',(#141,#142,#143,#144,#145,#146,#147));
#4400=EDGE_LOOP('',(#148,#149,#150,#151));
#4401=EDGE_LOOP('',(#152,#153,#154,#155));
#4402=EDGE_LOOP('',(#156,#157,#158,#159));
#4403=EDGE_LOOP('',(#160,#161,#162,#163));
#4404=EDGE_LOOP('',(#164,#165,#166,#167));
#4405=EDGE_LOOP('',(#168,#169,#170,#171));
#4406=EDGE_LOOP('',(#172,#173,#174,#175));
#4407=EDGE_LOOP('',(#176,#177,#178,#179,#180,#181,#182,#183,#184,#185,#186,
#187,#188,#189,#190,#191,#192,#193,#194,#195,#196,#197,#198,#199,#200,#201,
#202,#203));
#4408=EDGE_LOOP('',(#204,#205,#206,#207));
#4409=EDGE_LOOP('',(#208,#209,#210,#211));
#4410=EDGE_LOOP('',(#212,#213,#214,#215));
#4411=EDGE_LOOP('',(#216,#217,#218,#219));
#4412=EDGE_LOOP('',(#220,#221,#222,#223));
#4413=EDGE_LOOP('',(#224,#225,#226,#227));
#4414=EDGE_LOOP('',(#228,#229,#230,#231));
#4415=EDGE_LOOP('',(#232,#233,#234,#235));
#4416=EDGE_LOOP('',(#236,#237,#238,#239));
#4417=EDGE_LOOP('',(#240,#241,#242,#243));
#4418=EDGE_LOOP('',(#244,#245,#246,#247));
#4419=EDGE_LOOP('',(#248,#249,#250,#251));
#4420=EDGE_LOOP('',(#252,#253,#254,#255));
#4421=EDGE_LOOP('',(#256,#257,#258,#259,#260,#261,#262,#263,#264,#265,#266,
#267,#268,#269,#270,#271,#272,#273,#274,#275,#276,#277,#278,#279,#280,#281,
#282,#283));
#4422=EDGE_LOOP('',(#284,#285,#286,#287));
#4423=EDGE_LOOP('',(#288,#289,#290,#291));
#4424=EDGE_LOOP('',(#292,#293,#294,#295,#296,#297,#298,#299));
#4425=EDGE_LOOP('',(#300,#301,#302,#303,#304,#305,#306,#307,#308));
#4426=EDGE_LOOP('',(#309,#310,#311,#312,#313,#314,#315,#316,#317));
#4427=EDGE_LOOP('',(#318,#319,#320,#321));
#4428=EDGE_LOOP('',(#322,#323,#324,#325));
#4429=EDGE_LOOP('',(#326,#327,#328,#329));
#4430=EDGE_LOOP('',(#330,#331,#332,#333));
#4431=EDGE_LOOP('',(#334,#335,#336,#337));
#4432=EDGE_LOOP('',(#338,#339,#340,#341));
#4433=EDGE_LOOP('',(#342,#343,#344,#345));
#4434=EDGE_LOOP('',(#346,#347,#348,#349,#350,#351,#352,#353,#354,#355));
#4435=EDGE_LOOP('',(#356,#357,#358,#359));
#4436=EDGE_LOOP('',(#360,#361,#362,#363));
#4437=EDGE_LOOP('',(#364,#365,#366,#367,#368,#369));
#4438=EDGE_LOOP('',(#370,#371,#372,#373));
#4439=EDGE_LOOP('',(#374,#375,#376,#377,#378,#379,#380,#381,#382,#383));
#4440=EDGE_LOOP('',(#384,#385,#386,#387));
#4441=EDGE_LOOP('',(#388,#389,#390,#391));
#4442=EDGE_LOOP('',(#392,#393,#394,#395));
#4443=EDGE_LOOP('',(#396,#397,#398,#399));
#4444=EDGE_LOOP('',(#400,#401,#402,#403,#404,#405,#406,#407,#408,#409));
#4445=EDGE_LOOP('',(#410,#411,#412,#413));
#4446=EDGE_LOOP('',(#414,#415,#416,#417,#418,#419));
#4447=EDGE_LOOP('',(#420,#421,#422,#423));
#4448=EDGE_LOOP('',(#424,#425,#426,#427));
#4449=EDGE_LOOP('',(#428,#429,#430,#431,#432,#433));
#4450=EDGE_LOOP('',(#434,#435,#436,#437,#438,#439,#440,#441));
#4451=EDGE_LOOP('',(#442,#443,#444,#445,#446,#447));
#4452=EDGE_LOOP('',(#448,#449,#450,#451));
#4453=EDGE_LOOP('',(#452,#453,#454,#455));
#4454=EDGE_LOOP('',(#456,#457,#458,#459));
#4455=EDGE_LOOP('',(#460,#461,#462,#463));
#4456=EDGE_LOOP('',(#464,#465,#466,#467,#468,#469,#470,#471));
#4457=EDGE_LOOP('',(#472,#473,#474,#475));
#4458=EDGE_LOOP('',(#476,#477,#478,#479,#480,#481,#482,#483,#484,#485,#486,
#487,#488,#489,#490,#491,#492,#493,#494,#495,#496,#497,#498,#499,#500,#501,
#502,#503));
#4459=EDGE_LOOP('',(#504,#505,#506,#507,#508,#509,#510,#511,#512,#513,#514,
#515,#516,#517,#518,#519,#520,#521,#522,#523,#524,#525,#526,#527,#528,#529,
#530,#531));
#4460=EDGE_LOOP('',(#532,#533,#534,#535,#536,#537));
#4461=EDGE_LOOP('',(#538,#539,#540,#541,#542,#543));
#4462=EDGE_LOOP('',(#544,#545,#546,#547,#548,#549,#550,#551,#552,#553));
#4463=EDGE_LOOP('',(#554,#555,#556,#557,#558,#559,#560,#561,#562,#563));
#4464=EDGE_LOOP('',(#564,#565,#566,#567,#568,#569,#570,#571,#572,#573));
#4465=EDGE_LOOP('',(#574,#575,#576,#577,#578,#579,#580,#581,#582,#583));
#4466=EDGE_LOOP('',(#584,#585,#586,#587,#588,#589,#590,#591,#592,#593));
#4467=EDGE_LOOP('',(#594,#595,#596,#597,#598,#599,#600,#601,#602,#603));
#4468=EDGE_LOOP('',(#604,#605,#606,#607,#608,#609,#610,#611,#612,#613));
#4469=EDGE_LOOP('',(#614,#615,#616,#617,#618,#619,#620,#621,#622,#623));
#4470=EDGE_LOOP('',(#624,#625,#626,#627,#628,#629,#630,#631,#632,#633));
#4471=EDGE_LOOP('',(#634,#635,#636,#637,#638,#639,#640,#641,#642,#643));
#4472=EDGE_LOOP('',(#644,#645,#646,#647,#648,#649,#650,#651,#652,#653));
#4473=EDGE_LOOP('',(#654,#655,#656,#657,#658,#659,#660,#661,#662,#663));
#4474=EDGE_LOOP('',(#664,#665,#666,#667));
#4475=EDGE_LOOP('',(#668,#669,#670,#671));
#4476=EDGE_LOOP('',(#672,#673,#674,#675));
#4477=EDGE_LOOP('',(#676,#677,#678,#679));
#4478=EDGE_LOOP('',(#680,#681,#682,#683));
#4479=EDGE_LOOP('',(#684,#685,#686,#687));
#4480=EDGE_LOOP('',(#688,#689,#690,#691));
#4481=EDGE_LOOP('',(#692,#693,#694,#695));
#4482=EDGE_LOOP('',(#696,#697,#698,#699));
#4483=EDGE_LOOP('',(#700,#701,#702,#703));
#4484=EDGE_LOOP('',(#704,#705,#706,#707));
#4485=EDGE_LOOP('',(#708,#709,#710,#711));
#4486=EDGE_LOOP('',(#712,#713,#714,#715));
#4487=EDGE_LOOP('',(#716,#717,#718,#719));
#4488=EDGE_LOOP('',(#720,#721,#722,#723));
#4489=EDGE_LOOP('',(#724,#725,#726,#727));
#4490=EDGE_LOOP('',(#728,#729,#730,#731));
#4491=EDGE_LOOP('',(#732,#733,#734,#735));
#4492=EDGE_LOOP('',(#736,#737,#738,#739));
#4493=EDGE_LOOP('',(#740,#741,#742,#743));
#4494=EDGE_LOOP('',(#744,#745,#746,#747));
#4495=EDGE_LOOP('',(#748,#749,#750,#751));
#4496=EDGE_LOOP('',(#752,#753,#754,#755));
#4497=EDGE_LOOP('',(#756,#757,#758,#759));
#4498=EDGE_LOOP('',(#760,#761,#762,#763));
#4499=EDGE_LOOP('',(#764,#765,#766,#767,#768));
#4500=EDGE_LOOP('',(#769,#770,#771,#772,#773));
#4501=EDGE_LOOP('',(#774,#775,#776,#777));
#4502=EDGE_LOOP('',(#778,#779,#780,#781,#782));
#4503=EDGE_LOOP('',(#783,#784,#785,#786));
#4504=EDGE_LOOP('',(#787,#788,#789,#790,#791));
#4505=EDGE_LOOP('',(#792,#793,#794,#795));
#4506=EDGE_LOOP('',(#796,#797,#798,#799,#800));
#4507=EDGE_LOOP('',(#801,#802,#803,#804));
#4508=EDGE_LOOP('',(#805,#806,#807,#808,#809));
#4509=EDGE_LOOP('',(#810,#811,#812,#813));
#4510=EDGE_LOOP('',(#814,#815,#816,#817,#818));
#4511=EDGE_LOOP('',(#819,#820,#821,#822));
#4512=EDGE_LOOP('',(#823,#824,#825,#826,#827));
#4513=EDGE_LOOP('',(#828,#829,#830,#831));
#4514=EDGE_LOOP('',(#832,#833,#834,#835,#836));
#4515=EDGE_LOOP('',(#837,#838,#839,#840));
#4516=EDGE_LOOP('',(#841,#842,#843,#844,#845));
#4517=EDGE_LOOP('',(#846,#847,#848,#849));
#4518=EDGE_LOOP('',(#850,#851,#852,#853));
#4519=EDGE_LOOP('',(#854,#855,#856,#857,#858));
#4520=EDGE_LOOP('',(#859,#860,#861,#862));
#4521=EDGE_LOOP('',(#863,#864,#865,#866,#867));
#4522=EDGE_LOOP('',(#868,#869,#870,#871,#872,#873,#874,#875,#876,#877,#878,
#879,#880,#881,#882,#883,#884,#885,#886,#887,#888,#889,#890,#891,#892,#893,
#894,#895,#896,#897,#898,#899,#900,#901,#902,#903,#904,#905,#906,#907,#908,
#909,#910,#911,#912,#913,#914,#915,#916,#917,#918,#919));
#4523=EDGE_LOOP('',(#920,#921,#922,#923,#924,#925,#926,#927,#928,#929,#930,
#931,#932,#933,#934,#935,#936,#937,#938,#939,#940,#941,#942,#943,#944,#945,
#946,#947,#948,#949,#950,#951,#952,#953,#954,#955,#956,#957,#958,#959,#960,
#961,#962,#963,#964,#965,#966,#967,#968,#969,#970,#971));
#4524=EDGE_LOOP('',(#972,#973,#974,#975,#976,#977,#978,#979));
#4525=EDGE_LOOP('',(#980,#981,#982,#983,#984,#985,#986,#987));
#4526=EDGE_LOOP('',(#988,#989,#990,#991));
#4527=EDGE_LOOP('',(#992,#993,#994,#995));
#4528=EDGE_LOOP('',(#996,#997,#998,#999));
#4529=EDGE_LOOP('',(#1000,#1001,#1002,#1003));
#4530=EDGE_LOOP('',(#1004,#1005,#1006,#1007));
#4531=EDGE_LOOP('',(#1008,#1009,#1010,#1011));
#4532=EDGE_LOOP('',(#1012,#1013,#1014,#1015));
#4533=EDGE_LOOP('',(#1016,#1017,#1018,#1019));
#4534=EDGE_LOOP('',(#1020,#1021,#1022,#1023));
#4535=EDGE_LOOP('',(#1024,#1025,#1026,#1027));
#4536=EDGE_LOOP('',(#1028,#1029,#1030,#1031));
#4537=EDGE_LOOP('',(#1032,#1033,#1034,#1035));
#4538=EDGE_LOOP('',(#1036,#1037,#1038,#1039,#1040,#1041,#1042,#1043,#1044,
#1045,#1046,#1047,#1048,#1049,#1050,#1051,#1052,#1053,#1054,#1055,#1056,
#1057,#1058,#1059,#1060,#1061,#1062,#1063));
#4539=EDGE_LOOP('',(#1064,#1065,#1066,#1067,#1068,#1069,#1070,#1071,#1072,
#1073,#1074,#1075,#1076,#1077,#1078,#1079,#1080,#1081,#1082,#1083,#1084,
#1085,#1086,#1087,#1088,#1089,#1090,#1091));
#4540=EDGE_LOOP('',(#1092,#1093,#1094,#1095));
#4541=EDGE_LOOP('',(#1096,#1097,#1098,#1099));
#4542=EDGE_LOOP('',(#1100,#1101,#1102,#1103));
#4543=EDGE_LOOP('',(#1104,#1105,#1106,#1107));
#4544=EDGE_LOOP('',(#1108,#1109,#1110,#1111));
#4545=EDGE_LOOP('',(#1112,#1113,#1114,#1115));
#4546=EDGE_LOOP('',(#1116,#1117,#1118,#1119));
#4547=EDGE_LOOP('',(#1120,#1121,#1122,#1123));
#4548=EDGE_LOOP('',(#1124,#1125,#1126,#1127));
#4549=EDGE_LOOP('',(#1128,#1129,#1130,#1131));
#4550=EDGE_LOOP('',(#1132,#1133,#1134,#1135));
#4551=EDGE_LOOP('',(#1136,#1137,#1138,#1139));
#4552=EDGE_LOOP('',(#1140,#1141,#1142,#1143));
#4553=EDGE_LOOP('',(#1144,#1145,#1146,#1147));
#4554=EDGE_LOOP('',(#1148,#1149,#1150,#1151));
#4555=EDGE_LOOP('',(#1152,#1153,#1154,#1155));
#4556=EDGE_LOOP('',(#1156,#1157,#1158,#1159));
#4557=EDGE_LOOP('',(#1160,#1161,#1162,#1163));
#4558=EDGE_LOOP('',(#1164,#1165,#1166,#1167));
#4559=EDGE_LOOP('',(#1168,#1169,#1170,#1171));
#4560=EDGE_LOOP('',(#1172,#1173,#1174,#1175));
#4561=EDGE_LOOP('',(#1176,#1177,#1178,#1179));
#4562=EDGE_LOOP('',(#1180,#1181,#1182,#1183));
#4563=EDGE_LOOP('',(#1184,#1185,#1186,#1187));
#4564=EDGE_LOOP('',(#1188,#1189,#1190,#1191));
#4565=EDGE_LOOP('',(#1192,#1193,#1194,#1195));
#4566=EDGE_LOOP('',(#1196,#1197,#1198,#1199));
#4567=EDGE_LOOP('',(#1200,#1201,#1202,#1203));
#4568=EDGE_LOOP('',(#1204,#1205,#1206,#1207));
#4569=EDGE_LOOP('',(#1208,#1209,#1210,#1211));
#4570=EDGE_LOOP('',(#1212,#1213,#1214,#1215));
#4571=EDGE_LOOP('',(#1216,#1217,#1218,#1219));
#4572=EDGE_LOOP('',(#1220,#1221,#1222,#1223));
#4573=EDGE_LOOP('',(#1224,#1225,#1226,#1227));
#4574=EDGE_LOOP('',(#1228,#1229,#1230,#1231));
#4575=EDGE_LOOP('',(#1232,#1233,#1234,#1235));
#4576=EDGE_LOOP('',(#1236,#1237,#1238,#1239));
#4577=EDGE_LOOP('',(#1240,#1241,#1242,#1243));
#4578=EDGE_LOOP('',(#1244,#1245,#1246,#1247));
#4579=EDGE_LOOP('',(#1248,#1249,#1250,#1251));
#4580=EDGE_LOOP('',(#1252,#1253,#1254,#1255));
#4581=EDGE_LOOP('',(#1256,#1257,#1258,#1259));
#4582=EDGE_LOOP('',(#1260,#1261,#1262,#1263));
#4583=EDGE_LOOP('',(#1264,#1265,#1266,#1267));
#4584=EDGE_LOOP('',(#1268,#1269,#1270,#1271));
#4585=EDGE_LOOP('',(#1272,#1273,#1274,#1275));
#4586=EDGE_LOOP('',(#1276,#1277,#1278,#1279));
#4587=EDGE_LOOP('',(#1280,#1281,#1282,#1283));
#4588=EDGE_LOOP('',(#1284,#1285,#1286,#1287));
#4589=EDGE_LOOP('',(#1288,#1289,#1290,#1291));
#4590=EDGE_LOOP('',(#1292,#1293,#1294,#1295));
#4591=EDGE_LOOP('',(#1296,#1297,#1298,#1299));
#4592=EDGE_LOOP('',(#1300,#1301,#1302,#1303));
#4593=EDGE_LOOP('',(#1304,#1305,#1306,#1307));
#4594=EDGE_LOOP('',(#1308,#1309,#1310,#1311));
#4595=EDGE_LOOP('',(#1312,#1313,#1314,#1315));
#4596=EDGE_LOOP('',(#1316,#1317,#1318,#1319,#1320,#1321,#1322,#1323,#1324,
#1325));
#4597=EDGE_LOOP('',(#1326,#1327,#1328,#1329));
#4598=EDGE_LOOP('',(#1330,#1331,#1332,#1333,#1334,#1335,#1336,#1337,#1338,
#1339));
#4599=EDGE_LOOP('',(#1340,#1341,#1342,#1343,#1344,#1345,#1346,#1347,#1348,
#1349));
#4600=EDGE_LOOP('',(#1350,#1351,#1352,#1353));
#4601=EDGE_LOOP('',(#1354,#1355,#1356,#1357,#1358,#1359,#1360,#1361,#1362,
#1363));
#4602=EDGE_LOOP('',(#1364,#1365,#1366,#1367,#1368,#1369,#1370,#1371,#1372,
#1373));
#4603=EDGE_LOOP('',(#1374,#1375,#1376,#1377));
#4604=EDGE_LOOP('',(#1378,#1379,#1380,#1381,#1382,#1383,#1384,#1385,#1386,
#1387));
#4605=EDGE_LOOP('',(#1388,#1389,#1390,#1391,#1392,#1393,#1394,#1395,#1396,
#1397));
#4606=EDGE_LOOP('',(#1398,#1399,#1400,#1401));
#4607=EDGE_LOOP('',(#1402,#1403,#1404,#1405,#1406,#1407,#1408,#1409,#1410,
#1411));
#4608=EDGE_LOOP('',(#1412,#1413,#1414,#1415,#1416,#1417,#1418,#1419,#1420,
#1421));
#4609=EDGE_LOOP('',(#1422,#1423,#1424,#1425));
#4610=EDGE_LOOP('',(#1426,#1427,#1428,#1429,#1430,#1431,#1432,#1433,#1434,
#1435));
#4611=EDGE_LOOP('',(#1436,#1437,#1438,#1439,#1440,#1441,#1442,#1443,#1444,
#1445));
#4612=EDGE_LOOP('',(#1446,#1447,#1448,#1449));
#4613=EDGE_LOOP('',(#1450,#1451,#1452,#1453,#1454,#1455,#1456,#1457,#1458,
#1459));
#4614=EDGE_LOOP('',(#1460,#1461,#1462,#1463,#1464,#1465));
#4615=EDGE_LOOP('',(#1466,#1467,#1468,#1469));
#4616=EDGE_LOOP('',(#1470,#1471,#1472,#1473,#1474,#1475));
#4617=EDGE_LOOP('',(#1476,#1477,#1478,#1479,#1480,#1481));
#4618=EDGE_LOOP('',(#1482,#1483,#1484,#1485));
#4619=EDGE_LOOP('',(#1486,#1487,#1488,#1489,#1490,#1491));
#4620=EDGE_LOOP('',(#1492,#1493,#1494,#1495,#1496,#1497));
#4621=EDGE_LOOP('',(#1498,#1499,#1500,#1501));
#4622=EDGE_LOOP('',(#1502,#1503,#1504,#1505,#1506,#1507));
#4623=EDGE_LOOP('',(#1508,#1509,#1510,#1511,#1512,#1513));
#4624=EDGE_LOOP('',(#1514,#1515,#1516,#1517));
#4625=EDGE_LOOP('',(#1518,#1519,#1520,#1521,#1522,#1523));
#4626=EDGE_LOOP('',(#1524,#1525,#1526,#1527,#1528,#1529));
#4627=EDGE_LOOP('',(#1530,#1531,#1532,#1533));
#4628=EDGE_LOOP('',(#1534,#1535,#1536,#1537,#1538,#1539));
#4629=EDGE_LOOP('',(#1540,#1541,#1542,#1543,#1544,#1545));
#4630=EDGE_LOOP('',(#1546,#1547,#1548,#1549));
#4631=EDGE_LOOP('',(#1550,#1551,#1552,#1553,#1554,#1555));
#4632=EDGE_LOOP('',(#1556,#1557,#1558,#1559));
#4633=EDGE_LOOP('',(#1560,#1561,#1562,#1563));
#4634=EDGE_LOOP('',(#1564,#1565,#1566,#1567));
#4635=EDGE_LOOP('',(#1568,#1569,#1570,#1571));
#4636=EDGE_LOOP('',(#1572,#1573,#1574,#1575));
#4637=EDGE_LOOP('',(#1576,#1577,#1578,#1579));
#4638=EDGE_LOOP('',(#1580,#1581,#1582,#1583));
#4639=EDGE_LOOP('',(#1584,#1585,#1586,#1587));
#4640=EDGE_LOOP('',(#1588,#1589,#1590,#1591));
#4641=EDGE_LOOP('',(#1592,#1593,#1594,#1595));
#4642=EDGE_LOOP('',(#1596,#1597,#1598,#1599));
#4643=EDGE_LOOP('',(#1600,#1601,#1602,#1603));
#4644=EDGE_LOOP('',(#1604,#1605,#1606,#1607));
#4645=EDGE_LOOP('',(#1608,#1609,#1610,#1611));
#4646=EDGE_LOOP('',(#1612,#1613,#1614,#1615));
#4647=EDGE_LOOP('',(#1616,#1617,#1618,#1619));
#4648=EDGE_LOOP('',(#1620,#1621,#1622,#1623));
#4649=EDGE_LOOP('',(#1624,#1625,#1626,#1627));
#4650=EDGE_LOOP('',(#1628,#1629,#1630,#1631));
#4651=EDGE_LOOP('',(#1632,#1633,#1634,#1635));
#4652=FACE_BOUND('',#4387,.T.);
#4653=FACE_BOUND('',#4388,.T.);
#4654=FACE_BOUND('',#4389,.T.);
#4655=FACE_BOUND('',#4390,.T.);
#4656=FACE_BOUND('',#4391,.T.);
#4657=FACE_BOUND('',#4392,.T.);
#4658=FACE_BOUND('',#4393,.T.);
#4659=FACE_BOUND('',#4394,.T.);
#4660=FACE_BOUND('',#4395,.T.);
#4661=FACE_BOUND('',#4396,.T.);
#4662=FACE_BOUND('',#4397,.T.);
#4663=FACE_BOUND('',#4398,.T.);
#4664=FACE_BOUND('',#4399,.T.);
#4665=FACE_BOUND('',#4400,.T.);
#4666=FACE_BOUND('',#4401,.T.);
#4667=FACE_BOUND('',#4402,.T.);
#4668=FACE_BOUND('',#4403,.T.);
#4669=FACE_BOUND('',#4404,.T.);
#4670=FACE_BOUND('',#4405,.T.);
#4671=FACE_BOUND('',#4406,.T.);
#4672=FACE_BOUND('',#4407,.T.);
#4673=FACE_BOUND('',#4408,.T.);
#4674=FACE_BOUND('',#4409,.T.);
#4675=FACE_BOUND('',#4410,.T.);
#4676=FACE_BOUND('',#4411,.T.);
#4677=FACE_BOUND('',#4412,.T.);
#4678=FACE_BOUND('',#4413,.T.);
#4679=FACE_BOUND('',#4414,.T.);
#4680=FACE_BOUND('',#4415,.T.);
#4681=FACE_BOUND('',#4416,.T.);
#4682=FACE_BOUND('',#4417,.T.);
#4683=FACE_BOUND('',#4418,.T.);
#4684=FACE_BOUND('',#4419,.T.);
#4685=FACE_BOUND('',#4420,.T.);
#4686=FACE_BOUND('',#4421,.T.);
#4687=FACE_BOUND('',#4422,.T.);
#4688=FACE_BOUND('',#4423,.T.);
#4689=FACE_BOUND('',#4424,.T.);
#4690=FACE_BOUND('',#4425,.T.);
#4691=FACE_BOUND('',#4426,.T.);
#4692=FACE_BOUND('',#4427,.T.);
#4693=FACE_BOUND('',#4428,.T.);
#4694=FACE_BOUND('',#4429,.T.);
#4695=FACE_BOUND('',#4430,.T.);
#4696=FACE_BOUND('',#4431,.T.);
#4697=FACE_BOUND('',#4432,.T.);
#4698=FACE_BOUND('',#4433,.T.);
#4699=FACE_BOUND('',#4434,.T.);
#4700=FACE_BOUND('',#4435,.T.);
#4701=FACE_BOUND('',#4436,.T.);
#4702=FACE_BOUND('',#4437,.T.);
#4703=FACE_BOUND('',#4438,.T.);
#4704=FACE_BOUND('',#4439,.T.);
#4705=FACE_BOUND('',#4440,.T.);
#4706=FACE_BOUND('',#4441,.T.);
#4707=FACE_BOUND('',#4442,.T.);
#4708=FACE_BOUND('',#4443,.T.);
#4709=FACE_BOUND('',#4444,.T.);
#4710=FACE_BOUND('',#4445,.T.);
#4711=FACE_BOUND('',#4446,.T.);
#4712=FACE_BOUND('',#4447,.T.);
#4713=FACE_BOUND('',#4448,.T.);
#4714=FACE_BOUND('',#4449,.T.);
#4715=FACE_BOUND('',#4450,.T.);
#4716=FACE_BOUND('',#4451,.T.);
#4717=FACE_BOUND('',#4452,.T.);
#4718=FACE_BOUND('',#4453,.T.);
#4719=FACE_BOUND('',#4454,.T.);
#4720=FACE_BOUND('',#4455,.T.);
#4721=FACE_BOUND('',#4456,.T.);
#4722=FACE_BOUND('',#4457,.T.);
#4723=FACE_BOUND('',#4458,.T.);
#4724=FACE_BOUND('',#4459,.T.);
#4725=FACE_BOUND('',#4460,.T.);
#4726=FACE_BOUND('',#4461,.T.);
#4727=FACE_BOUND('',#4462,.T.);
#4728=FACE_BOUND('',#4463,.T.);
#4729=FACE_BOUND('',#4464,.T.);
#4730=FACE_BOUND('',#4465,.T.);
#4731=FACE_BOUND('',#4466,.T.);
#4732=FACE_BOUND('',#4467,.T.);
#4733=FACE_BOUND('',#4468,.T.);
#4734=FACE_BOUND('',#4469,.T.);
#4735=FACE_BOUND('',#4470,.T.);
#4736=FACE_BOUND('',#4471,.T.);
#4737=FACE_BOUND('',#4472,.T.);
#4738=FACE_BOUND('',#4473,.T.);
#4739=FACE_BOUND('',#4474,.T.);
#4740=FACE_BOUND('',#4475,.T.);
#4741=FACE_BOUND('',#4476,.T.);
#4742=FACE_BOUND('',#4477,.T.);
#4743=FACE_BOUND('',#4478,.T.);
#4744=FACE_BOUND('',#4479,.T.);
#4745=FACE_BOUND('',#4480,.T.);
#4746=FACE_BOUND('',#4481,.T.);
#4747=FACE_BOUND('',#4482,.T.);
#4748=FACE_BOUND('',#4483,.T.);
#4749=FACE_BOUND('',#4484,.T.);
#4750=FACE_BOUND('',#4485,.T.);
#4751=FACE_BOUND('',#4486,.T.);
#4752=FACE_BOUND('',#4487,.T.);
#4753=FACE_BOUND('',#4488,.T.);
#4754=FACE_BOUND('',#4489,.T.);
#4755=FACE_BOUND('',#4490,.T.);
#4756=FACE_BOUND('',#4491,.T.);
#4757=FACE_BOUND('',#4492,.T.);
#4758=FACE_BOUND('',#4493,.T.);
#4759=FACE_BOUND('',#4494,.T.);
#4760=FACE_BOUND('',#4495,.T.);
#4761=FACE_BOUND('',#4496,.T.);
#4762=FACE_BOUND('',#4497,.T.);
#4763=FACE_BOUND('',#4498,.T.);
#4764=FACE_BOUND('',#4499,.T.);
#4765=FACE_BOUND('',#4500,.T.);
#4766=FACE_BOUND('',#4501,.T.);
#4767=FACE_BOUND('',#4502,.T.);
#4768=FACE_BOUND('',#4503,.T.);
#4769=FACE_BOUND('',#4504,.T.);
#4770=FACE_BOUND('',#4505,.T.);
#4771=FACE_BOUND('',#4506,.T.);
#4772=FACE_BOUND('',#4507,.T.);
#4773=FACE_BOUND('',#4508,.T.);
#4774=FACE_BOUND('',#4509,.T.);
#4775=FACE_BOUND('',#4510,.T.);
#4776=FACE_BOUND('',#4511,.T.);
#4777=FACE_BOUND('',#4512,.T.);
#4778=FACE_BOUND('',#4513,.T.);
#4779=FACE_BOUND('',#4514,.T.);
#4780=FACE_BOUND('',#4515,.T.);
#4781=FACE_BOUND('',#4516,.T.);
#4782=FACE_BOUND('',#4517,.T.);
#4783=FACE_BOUND('',#4518,.T.);
#4784=FACE_BOUND('',#4519,.T.);
#4785=FACE_BOUND('',#4520,.T.);
#4786=FACE_BOUND('',#4521,.T.);
#4787=FACE_BOUND('',#4522,.T.);
#4788=FACE_BOUND('',#4523,.T.);
#4789=FACE_BOUND('',#4524,.T.);
#4790=FACE_BOUND('',#4525,.T.);
#4791=FACE_BOUND('',#4526,.T.);
#4792=FACE_BOUND('',#4527,.T.);
#4793=FACE_BOUND('',#4528,.T.);
#4794=FACE_BOUND('',#4529,.T.);
#4795=FACE_BOUND('',#4530,.T.);
#4796=FACE_BOUND('',#4531,.T.);
#4797=FACE_BOUND('',#4532,.T.);
#4798=FACE_BOUND('',#4533,.T.);
#4799=FACE_BOUND('',#4534,.T.);
#4800=FACE_BOUND('',#4535,.T.);
#4801=FACE_BOUND('',#4536,.T.);
#4802=FACE_BOUND('',#4537,.T.);
#4803=FACE_BOUND('',#4538,.T.);
#4804=FACE_BOUND('',#4539,.T.);
#4805=FACE_BOUND('',#4540,.T.);
#4806=FACE_BOUND('',#4541,.T.);
#4807=FACE_BOUND('',#4542,.T.);
#4808=FACE_BOUND('',#4543,.T.);
#4809=FACE_BOUND('',#4544,.T.);
#4810=FACE_BOUND('',#4545,.T.);
#4811=FACE_BOUND('',#4546,.T.);
#4812=FACE_BOUND('',#4547,.T.);
#4813=FACE_BOUND('',#4548,.T.);
#4814=FACE_BOUND('',#4549,.T.);
#4815=FACE_BOUND('',#4550,.T.);
#4816=FACE_BOUND('',#4551,.T.);
#4817=FACE_BOUND('',#4552,.T.);
#4818=FACE_BOUND('',#4553,.T.);
#4819=FACE_BOUND('',#4554,.T.);
#4820=FACE_BOUND('',#4555,.T.);
#4821=FACE_BOUND('',#4556,.T.);
#4822=FACE_BOUND('',#4557,.T.);
#4823=FACE_BOUND('',#4558,.T.);
#4824=FACE_BOUND('',#4559,.T.);
#4825=FACE_BOUND('',#4560,.T.);
#4826=FACE_BOUND('',#4561,.T.);
#4827=FACE_BOUND('',#4562,.T.);
#4828=FACE_BOUND('',#4563,.T.);
#4829=FACE_BOUND('',#4564,.T.);
#4830=FACE_BOUND('',#4565,.T.);
#4831=FACE_BOUND('',#4566,.T.);
#4832=FACE_BOUND('',#4567,.T.);
#4833=FACE_BOUND('',#4568,.T.);
#4834=FACE_BOUND('',#4569,.T.);
#4835=FACE_BOUND('',#4570,.T.);
#4836=FACE_BOUND('',#4571,.T.);
#4837=FACE_BOUND('',#4572,.T.);
#4838=FACE_BOUND('',#4573,.T.);
#4839=FACE_BOUND('',#4574,.T.);
#4840=FACE_BOUND('',#4575,.T.);
#4841=FACE_BOUND('',#4576,.T.);
#4842=FACE_BOUND('',#4577,.T.);
#4843=FACE_BOUND('',#4578,.T.);
#4844=FACE_BOUND('',#4579,.T.);
#4845=FACE_BOUND('',#4580,.T.);
#4846=FACE_BOUND('',#4581,.T.);
#4847=FACE_BOUND('',#4582,.T.);
#4848=FACE_BOUND('',#4583,.T.);
#4849=FACE_BOUND('',#4584,.T.);
#4850=FACE_BOUND('',#4585,.T.);
#4851=FACE_BOUND('',#4586,.T.);
#4852=FACE_BOUND('',#4587,.T.);
#4853=FACE_BOUND('',#4588,.T.);
#4854=FACE_BOUND('',#4589,.T.);
#4855=FACE_BOUND('',#4590,.T.);
#4856=FACE_BOUND('',#4591,.T.);
#4857=FACE_BOUND('',#4592,.T.);
#4858=FACE_BOUND('',#4593,.T.);
#4859=FACE_BOUND('',#4594,.T.);
#4860=FACE_BOUND('',#4595,.T.);
#4861=FACE_BOUND('',#4596,.T.);
#4862=FACE_BOUND('',#4597,.T.);
#4863=FACE_BOUND('',#4598,.T.);
#4864=FACE_BOUND('',#4599,.T.);
#4865=FACE_BOUND('',#4600,.T.);
#4866=FACE_BOUND('',#4601,.T.);
#4867=FACE_BOUND('',#4602,.T.);
#4868=FACE_BOUND('',#4603,.T.);
#4869=FACE_BOUND('',#4604,.T.);
#4870=FACE_BOUND('',#4605,.T.);
#4871=FACE_BOUND('',#4606,.T.);
#4872=FACE_BOUND('',#4607,.T.);
#4873=FACE_BOUND('',#4608,.T.);
#4874=FACE_BOUND('',#4609,.T.);
#4875=FACE_BOUND('',#4610,.T.);
#4876=FACE_BOUND('',#4611,.T.);
#4877=FACE_BOUND('',#4612,.T.);
#4878=FACE_BOUND('',#4613,.T.);
#4879=FACE_BOUND('',#4614,.T.);
#4880=FACE_BOUND('',#4615,.T.);
#4881=FACE_BOUND('',#4616,.T.);
#4882=FACE_BOUND('',#4617,.T.);
#4883=FACE_BOUND('',#4618,.T.);
#4884=FACE_BOUND('',#4619,.T.);
#4885=FACE_BOUND('',#4620,.T.);
#4886=FACE_BOUND('',#4621,.T.);
#4887=FACE_BOUND('',#4622,.T.);
#4888=FACE_BOUND('',#4623,.T.);
#4889=FACE_BOUND('',#4624,.T.);
#4890=FACE_BOUND('',#4625,.T.);
#4891=FACE_BOUND('',#4626,.T.);
#4892=FACE_BOUND('',#4627,.T.);
#4893=FACE_BOUND('',#4628,.T.);
#4894=FACE_BOUND('',#4629,.T.);
#4895=FACE_BOUND('',#4630,.T.);
#4896=FACE_BOUND('',#4631,.T.);
#4897=FACE_BOUND('',#4632,.T.);
#4898=FACE_BOUND('',#4633,.T.);
#4899=FACE_BOUND('',#4634,.T.);
#4900=FACE_BOUND('',#4635,.T.);
#4901=FACE_BOUND('',#4636,.T.);
#4902=FACE_BOUND('',#4637,.T.);
#4903=FACE_BOUND('',#4638,.T.);
#4904=FACE_BOUND('',#4639,.T.);
#4905=FACE_BOUND('',#4640,.T.);
#4906=FACE_BOUND('',#4641,.T.);
#4907=FACE_BOUND('',#4642,.T.);
#4908=FACE_BOUND('',#4643,.T.);
#4909=FACE_BOUND('',#4644,.T.);
#4910=FACE_BOUND('',#4645,.T.);
#4911=FACE_BOUND('',#4646,.T.);
#4912=FACE_BOUND('',#4647,.T.);
#4913=FACE_BOUND('',#4648,.T.);
#4914=FACE_BOUND('',#4649,.T.);
#4915=FACE_BOUND('',#4650,.T.);
#4916=FACE_BOUND('',#4651,.T.);
#4917=PLANE('',#6394);
#4918=PLANE('',#6395);
#4919=PLANE('',#6396);
#4920=PLANE('',#6397);
#4921=PLANE('',#6398);
#4922=PLANE('',#6399);
#4923=PLANE('',#6400);
#4924=PLANE('',#6401);
#4925=PLANE('',#6402);
#4926=PLANE('',#6403);
#4927=PLANE('',#6404);
#4928=PLANE('',#6405);
#4929=PLANE('',#6406);
#4930=PLANE('',#6407);
#4931=PLANE('',#6408);
#4932=PLANE('',#6409);
#4933=PLANE('',#6410);
#4934=PLANE('',#6411);
#4935=PLANE('',#6412);
#4936=PLANE('',#6413);
#4937=PLANE('',#6414);
#4938=PLANE('',#6415);
#4939=PLANE('',#6416);
#4940=PLANE('',#6417);
#4941=PLANE('',#6418);
#4942=PLANE('',#6419);
#4943=PLANE('',#6420);
#4944=PLANE('',#6421);
#4945=PLANE('',#6422);
#4946=PLANE('',#6423);
#4947=PLANE('',#6424);
#4948=PLANE('',#6425);
#4949=PLANE('',#6426);
#4950=PLANE('',#6427);
#4951=PLANE('',#6428);
#4952=PLANE('',#6429);
#4953=PLANE('',#6430);
#4954=PLANE('',#6431);
#4955=PLANE('',#6432);
#4956=PLANE('',#6434);
#4957=PLANE('',#6436);
#4958=PLANE('',#6437);
#4959=PLANE('',#6438);
#4960=PLANE('',#6443);
#4961=PLANE('',#6444);
#4962=PLANE('',#6445);
#4963=PLANE('',#6446);
#4964=PLANE('',#6447);
#4965=PLANE('',#6448);
#4966=PLANE('',#6449);
#4967=PLANE('',#6450);
#4968=PLANE('',#6451);
#4969=PLANE('',#6452);
#4970=PLANE('',#6453);
#4971=PLANE('',#6454);
#4972=PLANE('',#6455);
#4973=PLANE('',#6456);
#4974=PLANE('',#6457);
#4975=PLANE('',#6458);
#4976=PLANE('',#6459);
#4977=PLANE('',#6460);
#4978=PLANE('',#6461);
#4979=PLANE('',#6462);
#4980=PLANE('',#6463);
#4981=PLANE('',#6464);
#4982=PLANE('',#6465);
#4983=PLANE('',#6466);
#4984=PLANE('',#6467);
#4985=PLANE('',#6468);
#4986=PLANE('',#6469);
#4987=PLANE('',#6470);
#4988=PLANE('',#6471);
#4989=PLANE('',#6472);
#4990=PLANE('',#6473);
#4991=PLANE('',#6474);
#4992=PLANE('',#6475);
#4993=PLANE('',#6476);
#4994=PLANE('',#6477);
#4995=PLANE('',#6478);
#4996=PLANE('',#6479);
#4997=PLANE('',#6480);
#4998=PLANE('',#6481);
#4999=PLANE('',#6482);
#5000=PLANE('',#6483);
#5001=PLANE('',#6484);
#5002=PLANE('',#6485);
#5003=PLANE('',#6486);
#5004=PLANE('',#6487);
#5005=PLANE('',#6488);
#5006=PLANE('',#6489);
#5007=PLANE('',#6490);
#5008=PLANE('',#6491);
#5009=PLANE('',#6492);
#5010=PLANE('',#6493);
#5011=PLANE('',#6494);
#5012=PLANE('',#6495);
#5013=PLANE('',#6496);
#5014=PLANE('',#6497);
#5015=PLANE('',#6498);
#5016=PLANE('',#6499);
#5017=PLANE('',#6500);
#5018=PLANE('',#6501);
#5019=PLANE('',#6502);
#5020=PLANE('',#6503);
#5021=PLANE('',#6504);
#5022=PLANE('',#6505);
#5023=PLANE('',#6506);
#5024=PLANE('',#6507);
#5025=PLANE('',#6508);
#5026=PLANE('',#6509);
#5027=PLANE('',#6510);
#5028=PLANE('',#6511);
#5029=PLANE('',#6512);
#5030=PLANE('',#6513);
#5031=PLANE('',#6514);
#5032=PLANE('',#6515);
#5033=PLANE('',#6516);
#5034=PLANE('',#6517);
#5035=PLANE('',#6518);
#5036=PLANE('',#6519);
#5037=PLANE('',#6520);
#5038=PLANE('',#6521);
#5039=PLANE('',#6522);
#5040=PLANE('',#6523);
#5041=PLANE('',#6524);
#5042=PLANE('',#6525);
#5043=PLANE('',#6526);
#5044=PLANE('',#6527);
#5045=PLANE('',#6528);
#5046=PLANE('',#6529);
#5047=PLANE('',#6530);
#5048=PLANE('',#6531);
#5049=PLANE('',#6532);
#5050=PLANE('',#6534);
#5051=PLANE('',#6535);
#5052=PLANE('',#6536);
#5053=PLANE('',#6537);
#5054=PLANE('',#6538);
#5055=PLANE('',#6539);
#5056=PLANE('',#6540);
#5057=PLANE('',#6541);
#5058=PLANE('',#6542);
#5059=PLANE('',#6543);
#5060=PLANE('',#6544);
#5061=PLANE('',#6545);
#5062=PLANE('',#6546);
#5063=PLANE('',#6547);
#5064=PLANE('',#6548);
#5065=PLANE('',#6549);
#5066=PLANE('',#6550);
#5067=PLANE('',#6551);
#5068=PLANE('',#6552);
#5069=PLANE('',#6553);
#5070=PLANE('',#6554);
#5071=PLANE('',#6555);
#5072=PLANE('',#6556);
#5073=PLANE('',#6557);
#5074=PLANE('',#6576);
#5075=PLANE('',#6577);
#5076=PLANE('',#6578);
#5077=PLANE('',#6579);
#5078=PLANE('',#6580);
#5079=PLANE('',#6581);
#5080=PLANE('',#6582);
#5081=PLANE('',#6583);
#5082=PLANE('',#6584);
#5083=PLANE('',#6585);
#5084=PLANE('',#6586);
#5085=PLANE('',#6587);
#5086=PLANE('',#6588);
#5087=PLANE('',#6589);
#5088=PLANE('',#6590);
#5089=PLANE('',#6591);
#5090=PLANE('',#6592);
#5091=PLANE('',#6593);
#5092=PLANE('',#6612);
#5093=PLANE('',#6613);
#5094=PLANE('',#6614);
#5095=PLANE('',#6615);
#5096=PLANE('',#6616);
#5097=PLANE('',#6617);
#5098=PLANE('',#6618);
#5099=PLANE('',#6619);
#5100=PLANE('',#6620);
#5101=PLANE('',#6621);
#5102=PLANE('',#6622);
#5103=PLANE('',#6623);
#5104=PLANE('',#6642);
#5105=PLANE('',#6643);
#5106=PLANE('',#6644);
#5107=PLANE('',#6645);
#5108=PLANE('',#6646);
#5109=PLANE('',#6647);
#5110=PLANE('',#6648);
#5111=PLANE('',#6649);
#5112=PLANE('',#6650);
#5113=PLANE('',#6651);
#5114=PLANE('',#6652);
#5115=PLANE('',#6653);
#5116=PLANE('',#6654);
#5117=PLANE('',#6655);
#5118=PLANE('',#6656);
#5119=PLANE('',#6657);
#5120=PLANE('',#6658);
#5121=PLANE('',#6659);
#5122=PLANE('',#6660);
#5123=PLANE('',#6661);
#5124=PLANE('',#6662);
#5125=PLANE('',#6663);
#5126=PLANE('',#6664);
#5127=PLANE('',#6665);
#5128=PLANE('',#6666);
#5129=PLANE('',#6667);
#5130=PLANE('',#6668);
#5131=PLANE('',#6669);
#5132=PLANE('',#6670);
#5133=PLANE('',#6671);
#5134=PLANE('',#6672);
#5135=PLANE('',#6673);
#5136=PLANE('',#6674);
#5137=PLANE('',#6675);
#5138=PLANE('',#6676);
#5139=PLANE('',#6677);
#5140=PLANE('',#6678);
#5141=PLANE('',#6679);
#5142=PLANE('',#6680);
#5143=PLANE('',#6681);
#5144=PLANE('',#6682);
#5145=PLANE('',#6683);
#5146=PLANE('',#6684);
#5147=PLANE('',#6685);
#5148=PLANE('',#6686);
#5149=PLANE('',#6687);
#5150=PLANE('',#6688);
#5151=PLANE('',#6689);
#5152=PLANE('',#6690);
#5153=PLANE('',#6691);
#5154=PLANE('',#6692);
#5155=PLANE('',#6693);
#5156=PLANE('',#6694);
#5157=PLANE('',#6695);
#5158=PLANE('',#6696);
#5159=PLANE('',#6697);
#5160=PLANE('',#6698);
#5161=PLANE('',#6699);
#5162=STYLED_ITEM('',(#5298),#6118);
#5163=STYLED_ITEM('',(#5299),#6119);
#5164=STYLED_ITEM('',(#5300),#6120);
#5165=STYLED_ITEM('',(#5301),#6121);
#5166=STYLED_ITEM('',(#5302),#6122);
#5167=STYLED_ITEM('',(#5303),#6123);
#5168=STYLED_ITEM('',(#5304),#6124);
#5169=STYLED_ITEM('',(#5305),#6125);
#5170=STYLED_ITEM('',(#5306),#6126);
#5171=STYLED_ITEM('',(#5307),#6127);
#5172=STYLED_ITEM('',(#5308),#6128);
#5173=STYLED_ITEM('',(#5309),#6129);
#5174=STYLED_ITEM('',(#5310),#6130);
#5175=STYLED_ITEM('',(#5311),#6131);
#5176=STYLED_ITEM('',(#5312),#6132);
#5177=STYLED_ITEM('',(#5313),#6133);
#5178=STYLED_ITEM('',(#5314),#6134);
#5179=STYLED_ITEM('',(#5315),#6135);
#5180=STYLED_ITEM('',(#5316),#6136);
#5181=STYLED_ITEM('',(#5317),#6137);
#5182=STYLED_ITEM('',(#5318),#6138);
#5183=STYLED_ITEM('',(#5319),#6139);
#5184=STYLED_ITEM('',(#5320),#6140);
#5185=STYLED_ITEM('',(#5321),#6141);
#5186=STYLED_ITEM('',(#5322),#6142);
#5187=STYLED_ITEM('',(#5323),#6143);
#5188=STYLED_ITEM('',(#5324),#6144);
#5189=STYLED_ITEM('',(#5325),#6145);
#5190=STYLED_ITEM('',(#5326),#6146);
#5191=STYLED_ITEM('',(#5327),#6147);
#5192=STYLED_ITEM('',(#5328),#6148);
#5193=STYLED_ITEM('',(#5329),#6149);
#5194=STYLED_ITEM('',(#5330),#6150);
#5195=STYLED_ITEM('',(#5331),#6151);
#5196=STYLED_ITEM('',(#5332),#6152);
#5197=STYLED_ITEM('',(#5333),#6153);
#5198=STYLED_ITEM('',(#5334),#6154);
#5199=STYLED_ITEM('',(#5335),#6155);
#5200=STYLED_ITEM('',(#5336),#6156);
#5201=STYLED_ITEM('',(#5337),#6157);
#5202=STYLED_ITEM('',(#5338),#6158);
#5203=STYLED_ITEM('',(#5339),#6159);
#5204=STYLED_ITEM('',(#5340),#6160);
#5205=STYLED_ITEM('',(#5341),#6161);
#5206=STYLED_ITEM('',(#5342),#6162);
#5207=STYLED_ITEM('',(#5343),#6163);
#5208=STYLED_ITEM('',(#5344),#6164);
#5209=STYLED_ITEM('',(#5345),#6165);
#5210=STYLED_ITEM('',(#5346),#6166);
#5211=STYLED_ITEM('',(#5347),#6167);
#5212=STYLED_ITEM('',(#5348),#6168);
#5213=STYLED_ITEM('',(#5349),#6169);
#5214=STYLED_ITEM('',(#5350),#6170);
#5215=STYLED_ITEM('',(#5351),#6171);
#5216=STYLED_ITEM('',(#5352),#6172);
#5217=STYLED_ITEM('',(#5353),#6173);
#5218=STYLED_ITEM('',(#5354),#6174);
#5219=STYLED_ITEM('',(#5355),#6175);
#5220=STYLED_ITEM('',(#5356),#6176);
#5221=STYLED_ITEM('',(#5357),#6177);
#5222=STYLED_ITEM('',(#5358),#6178);
#5223=STYLED_ITEM('',(#5359),#6179);
#5224=STYLED_ITEM('',(#5360),#6180);
#5225=STYLED_ITEM('',(#5361),#6181);
#5226=STYLED_ITEM('',(#5362),#6182);
#5227=STYLED_ITEM('',(#5363),#6183);
#5228=STYLED_ITEM('',(#5364),#6184);
#5229=STYLED_ITEM('',(#5365),#6185);
#5230=STYLED_ITEM('',(#5366),#6186);
#5231=STYLED_ITEM('',(#5367),#6187);
#5232=STYLED_ITEM('',(#5368),#6188);
#5233=STYLED_ITEM('',(#5369),#6189);
#5234=STYLED_ITEM('',(#5370),#6190);
#5235=STYLED_ITEM('',(#5371),#6191);
#5236=STYLED_ITEM('',(#5372),#6192);
#5237=STYLED_ITEM('',(#5373),#6193);
#5238=STYLED_ITEM('',(#5374),#6194);
#5239=STYLED_ITEM('',(#5375),#6195);
#5240=STYLED_ITEM('',(#5376),#6196);
#5241=STYLED_ITEM('',(#5377),#6197);
#5242=STYLED_ITEM('',(#5378),#6198);
#5243=STYLED_ITEM('',(#5379),#6199);
#5244=STYLED_ITEM('',(#5380),#6200);
#5245=STYLED_ITEM('',(#5381),#6201);
#5246=STYLED_ITEM('',(#5382),#6202);
#5247=STYLED_ITEM('',(#5383),#6203);
#5248=STYLED_ITEM('',(#5384),#6204);
#5249=STYLED_ITEM('',(#5385),#6205);
#5250=STYLED_ITEM('',(#5386),#6206);
#5251=STYLED_ITEM('',(#5387),#6207);
#5252=STYLED_ITEM('',(#5388),#6208);
#5253=STYLED_ITEM('',(#5389),#6209);
#5254=STYLED_ITEM('',(#5390),#6210);
#5255=STYLED_ITEM('',(#5391),#6211);
#5256=STYLED_ITEM('',(#5392),#6212);
#5257=STYLED_ITEM('',(#5393),#6213);
#5258=STYLED_ITEM('',(#5394),#6214);
#5259=STYLED_ITEM('',(#5395),#6215);
#5260=STYLED_ITEM('',(#5396),#6216);
#5261=STYLED_ITEM('',(#5397),#6217);
#5262=STYLED_ITEM('',(#5398),#6218);
#5263=STYLED_ITEM('',(#5399),#6219);
#5264=STYLED_ITEM('',(#5400),#6220);
#5265=STYLED_ITEM('',(#5401),#6221);
#5266=STYLED_ITEM('',(#5402),#6222);
#5267=STYLED_ITEM('',(#5403),#6223);
#5268=STYLED_ITEM('',(#5404),#6224);
#5269=STYLED_ITEM('',(#5405),#6225);
#5270=STYLED_ITEM('',(#5406),#6226);
#5271=STYLED_ITEM('',(#5407),#6227);
#5272=STYLED_ITEM('',(#5408),#6228);
#5273=STYLED_ITEM('',(#5409),#6229);
#5274=STYLED_ITEM('',(#5410),#6230);
#5275=STYLED_ITEM('',(#5411),#6231);
#5276=STYLED_ITEM('',(#5412),#6232);
#5277=STYLED_ITEM('',(#5413),#6233);
#5278=STYLED_ITEM('',(#5414),#6234);
#5279=STYLED_ITEM('',(#5415),#6235);
#5280=STYLED_ITEM('',(#5416),#6236);
#5281=STYLED_ITEM('',(#5417),#6237);
#5282=STYLED_ITEM('',(#5418),#6238);
#5283=STYLED_ITEM('',(#5419),#6239);
#5284=STYLED_ITEM('',(#5420),#6240);
#5285=STYLED_ITEM('',(#5421),#6241);
#5286=STYLED_ITEM('',(#5422),#6242);
#5287=STYLED_ITEM('',(#5423),#6243);
#5288=STYLED_ITEM('',(#5424),#6244);
#5289=STYLED_ITEM('',(#5425),#6245);
#5290=STYLED_ITEM('',(#5426),#6246);
#5291=STYLED_ITEM('',(#5427),#6247);
#5292=STYLED_ITEM('',(#5428),#6248);
#5293=STYLED_ITEM('',(#5429),#6249);
#5294=STYLED_ITEM('',(#5430),#6250);
#5295=STYLED_ITEM('',(#5431),#6251);
#5296=STYLED_ITEM('',(#5432),#6252);
#5297=STYLED_ITEM('',(#5433),#6386);
#5298=PRESENTATION_STYLE_ASSIGNMENT((#5434));
#5299=PRESENTATION_STYLE_ASSIGNMENT((#5435));
#5300=PRESENTATION_STYLE_ASSIGNMENT((#5436));
#5301=PRESENTATION_STYLE_ASSIGNMENT((#5437));
#5302=PRESENTATION_STYLE_ASSIGNMENT((#5438));
#5303=PRESENTATION_STYLE_ASSIGNMENT((#5439));
#5304=PRESENTATION_STYLE_ASSIGNMENT((#5440));
#5305=PRESENTATION_STYLE_ASSIGNMENT((#5441));
#5306=PRESENTATION_STYLE_ASSIGNMENT((#5442));
#5307=PRESENTATION_STYLE_ASSIGNMENT((#5443));
#5308=PRESENTATION_STYLE_ASSIGNMENT((#5444));
#5309=PRESENTATION_STYLE_ASSIGNMENT((#5445));
#5310=PRESENTATION_STYLE_ASSIGNMENT((#5446));
#5311=PRESENTATION_STYLE_ASSIGNMENT((#5447));
#5312=PRESENTATION_STYLE_ASSIGNMENT((#5448));
#5313=PRESENTATION_STYLE_ASSIGNMENT((#5449));
#5314=PRESENTATION_STYLE_ASSIGNMENT((#5450));
#5315=PRESENTATION_STYLE_ASSIGNMENT((#5451));
#5316=PRESENTATION_STYLE_ASSIGNMENT((#5452));
#5317=PRESENTATION_STYLE_ASSIGNMENT((#5453));
#5318=PRESENTATION_STYLE_ASSIGNMENT((#5454));
#5319=PRESENTATION_STYLE_ASSIGNMENT((#5455));
#5320=PRESENTATION_STYLE_ASSIGNMENT((#5456));
#5321=PRESENTATION_STYLE_ASSIGNMENT((#5457));
#5322=PRESENTATION_STYLE_ASSIGNMENT((#5458));
#5323=PRESENTATION_STYLE_ASSIGNMENT((#5459));
#5324=PRESENTATION_STYLE_ASSIGNMENT((#5460));
#5325=PRESENTATION_STYLE_ASSIGNMENT((#5461));
#5326=PRESENTATION_STYLE_ASSIGNMENT((#5462));
#5327=PRESENTATION_STYLE_ASSIGNMENT((#5463));
#5328=PRESENTATION_STYLE_ASSIGNMENT((#5464));
#5329=PRESENTATION_STYLE_ASSIGNMENT((#5465));
#5330=PRESENTATION_STYLE_ASSIGNMENT((#5466));
#5331=PRESENTATION_STYLE_ASSIGNMENT((#5467));
#5332=PRESENTATION_STYLE_ASSIGNMENT((#5468));
#5333=PRESENTATION_STYLE_ASSIGNMENT((#5469));
#5334=PRESENTATION_STYLE_ASSIGNMENT((#5470));
#5335=PRESENTATION_STYLE_ASSIGNMENT((#5471));
#5336=PRESENTATION_STYLE_ASSIGNMENT((#5472));
#5337=PRESENTATION_STYLE_ASSIGNMENT((#5473));
#5338=PRESENTATION_STYLE_ASSIGNMENT((#5474));
#5339=PRESENTATION_STYLE_ASSIGNMENT((#5475));
#5340=PRESENTATION_STYLE_ASSIGNMENT((#5476));
#5341=PRESENTATION_STYLE_ASSIGNMENT((#5477));
#5342=PRESENTATION_STYLE_ASSIGNMENT((#5478));
#5343=PRESENTATION_STYLE_ASSIGNMENT((#5479));
#5344=PRESENTATION_STYLE_ASSIGNMENT((#5480));
#5345=PRESENTATION_STYLE_ASSIGNMENT((#5481));
#5346=PRESENTATION_STYLE_ASSIGNMENT((#5482));
#5347=PRESENTATION_STYLE_ASSIGNMENT((#5483));
#5348=PRESENTATION_STYLE_ASSIGNMENT((#5484));
#5349=PRESENTATION_STYLE_ASSIGNMENT((#5485));
#5350=PRESENTATION_STYLE_ASSIGNMENT((#5486));
#5351=PRESENTATION_STYLE_ASSIGNMENT((#5487));
#5352=PRESENTATION_STYLE_ASSIGNMENT((#5488));
#5353=PRESENTATION_STYLE_ASSIGNMENT((#5489));
#5354=PRESENTATION_STYLE_ASSIGNMENT((#5490));
#5355=PRESENTATION_STYLE_ASSIGNMENT((#5491));
#5356=PRESENTATION_STYLE_ASSIGNMENT((#5492));
#5357=PRESENTATION_STYLE_ASSIGNMENT((#5493));
#5358=PRESENTATION_STYLE_ASSIGNMENT((#5494));
#5359=PRESENTATION_STYLE_ASSIGNMENT((#5495));
#5360=PRESENTATION_STYLE_ASSIGNMENT((#5496));
#5361=PRESENTATION_STYLE_ASSIGNMENT((#5497));
#5362=PRESENTATION_STYLE_ASSIGNMENT((#5498));
#5363=PRESENTATION_STYLE_ASSIGNMENT((#5499));
#5364=PRESENTATION_STYLE_ASSIGNMENT((#5500));
#5365=PRESENTATION_STYLE_ASSIGNMENT((#5501));
#5366=PRESENTATION_STYLE_ASSIGNMENT((#5502));
#5367=PRESENTATION_STYLE_ASSIGNMENT((#5503));
#5368=PRESENTATION_STYLE_ASSIGNMENT((#5504));
#5369=PRESENTATION_STYLE_ASSIGNMENT((#5505));
#5370=PRESENTATION_STYLE_ASSIGNMENT((#5506));
#5371=PRESENTATION_STYLE_ASSIGNMENT((#5507));
#5372=PRESENTATION_STYLE_ASSIGNMENT((#5508));
#5373=PRESENTATION_STYLE_ASSIGNMENT((#5509));
#5374=PRESENTATION_STYLE_ASSIGNMENT((#5510));
#5375=PRESENTATION_STYLE_ASSIGNMENT((#5511));
#5376=PRESENTATION_STYLE_ASSIGNMENT((#5512));
#5377=PRESENTATION_STYLE_ASSIGNMENT((#5513));
#5378=PRESENTATION_STYLE_ASSIGNMENT((#5514));
#5379=PRESENTATION_STYLE_ASSIGNMENT((#5515));
#5380=PRESENTATION_STYLE_ASSIGNMENT((#5516));
#5381=PRESENTATION_STYLE_ASSIGNMENT((#5517));
#5382=PRESENTATION_STYLE_ASSIGNMENT((#5518));
#5383=PRESENTATION_STYLE_ASSIGNMENT((#5519));
#5384=PRESENTATION_STYLE_ASSIGNMENT((#5520));
#5385=PRESENTATION_STYLE_ASSIGNMENT((#5521));
#5386=PRESENTATION_STYLE_ASSIGNMENT((#5522));
#5387=PRESENTATION_STYLE_ASSIGNMENT((#5523));
#5388=PRESENTATION_STYLE_ASSIGNMENT((#5524));
#5389=PRESENTATION_STYLE_ASSIGNMENT((#5525));
#5390=PRESENTATION_STYLE_ASSIGNMENT((#5526));
#5391=PRESENTATION_STYLE_ASSIGNMENT((#5527));
#5392=PRESENTATION_STYLE_ASSIGNMENT((#5528));
#5393=PRESENTATION_STYLE_ASSIGNMENT((#5529));
#5394=PRESENTATION_STYLE_ASSIGNMENT((#5530));
#5395=PRESENTATION_STYLE_ASSIGNMENT((#5531));
#5396=PRESENTATION_STYLE_ASSIGNMENT((#5532));
#5397=PRESENTATION_STYLE_ASSIGNMENT((#5533));
#5398=PRESENTATION_STYLE_ASSIGNMENT((#5534));
#5399=PRESENTATION_STYLE_ASSIGNMENT((#5535));
#5400=PRESENTATION_STYLE_ASSIGNMENT((#5536));
#5401=PRESENTATION_STYLE_ASSIGNMENT((#5537));
#5402=PRESENTATION_STYLE_ASSIGNMENT((#5538));
#5403=PRESENTATION_STYLE_ASSIGNMENT((#5539));
#5404=PRESENTATION_STYLE_ASSIGNMENT((#5540));
#5405=PRESENTATION_STYLE_ASSIGNMENT((#5541));
#5406=PRESENTATION_STYLE_ASSIGNMENT((#5542));
#5407=PRESENTATION_STYLE_ASSIGNMENT((#5543));
#5408=PRESENTATION_STYLE_ASSIGNMENT((#5544));
#5409=PRESENTATION_STYLE_ASSIGNMENT((#5545));
#5410=PRESENTATION_STYLE_ASSIGNMENT((#5546));
#5411=PRESENTATION_STYLE_ASSIGNMENT((#5547));
#5412=PRESENTATION_STYLE_ASSIGNMENT((#5548));
#5413=PRESENTATION_STYLE_ASSIGNMENT((#5549));
#5414=PRESENTATION_STYLE_ASSIGNMENT((#5550));
#5415=PRESENTATION_STYLE_ASSIGNMENT((#5551));
#5416=PRESENTATION_STYLE_ASSIGNMENT((#5552));
#5417=PRESENTATION_STYLE_ASSIGNMENT((#5553));
#5418=PRESENTATION_STYLE_ASSIGNMENT((#5554));
#5419=PRESENTATION_STYLE_ASSIGNMENT((#5555));
#5420=PRESENTATION_STYLE_ASSIGNMENT((#5556));
#5421=PRESENTATION_STYLE_ASSIGNMENT((#5557));
#5422=PRESENTATION_STYLE_ASSIGNMENT((#5558));
#5423=PRESENTATION_STYLE_ASSIGNMENT((#5559));
#5424=PRESENTATION_STYLE_ASSIGNMENT((#5560));
#5425=PRESENTATION_STYLE_ASSIGNMENT((#5561));
#5426=PRESENTATION_STYLE_ASSIGNMENT((#5562));
#5427=PRESENTATION_STYLE_ASSIGNMENT((#5563));
#5428=PRESENTATION_STYLE_ASSIGNMENT((#5564));
#5429=PRESENTATION_STYLE_ASSIGNMENT((#5565));
#5430=PRESENTATION_STYLE_ASSIGNMENT((#5566));
#5431=PRESENTATION_STYLE_ASSIGNMENT((#5567));
#5432=PRESENTATION_STYLE_ASSIGNMENT((#5568));
#5433=PRESENTATION_STYLE_ASSIGNMENT((#5569));
#5434=SURFACE_STYLE_USAGE(.BOTH.,#5570);
#5435=SURFACE_STYLE_USAGE(.BOTH.,#5571);
#5436=SURFACE_STYLE_USAGE(.BOTH.,#5572);
#5437=SURFACE_STYLE_USAGE(.BOTH.,#5573);
#5438=SURFACE_STYLE_USAGE(.BOTH.,#5574);
#5439=SURFACE_STYLE_USAGE(.BOTH.,#5575);
#5440=SURFACE_STYLE_USAGE(.BOTH.,#5576);
#5441=SURFACE_STYLE_USAGE(.BOTH.,#5577);
#5442=SURFACE_STYLE_USAGE(.BOTH.,#5578);
#5443=SURFACE_STYLE_USAGE(.BOTH.,#5579);
#5444=SURFACE_STYLE_USAGE(.BOTH.,#5580);
#5445=SURFACE_STYLE_USAGE(.BOTH.,#5581);
#5446=SURFACE_STYLE_USAGE(.BOTH.,#5582);
#5447=SURFACE_STYLE_USAGE(.BOTH.,#5583);
#5448=SURFACE_STYLE_USAGE(.BOTH.,#5584);
#5449=SURFACE_STYLE_USAGE(.BOTH.,#5585);
#5450=SURFACE_STYLE_USAGE(.BOTH.,#5586);
#5451=SURFACE_STYLE_USAGE(.BOTH.,#5587);
#5452=SURFACE_STYLE_USAGE(.BOTH.,#5588);
#5453=SURFACE_STYLE_USAGE(.BOTH.,#5589);
#5454=SURFACE_STYLE_USAGE(.BOTH.,#5590);
#5455=SURFACE_STYLE_USAGE(.BOTH.,#5591);
#5456=SURFACE_STYLE_USAGE(.BOTH.,#5592);
#5457=SURFACE_STYLE_USAGE(.BOTH.,#5593);
#5458=SURFACE_STYLE_USAGE(.BOTH.,#5594);
#5459=SURFACE_STYLE_USAGE(.BOTH.,#5595);
#5460=SURFACE_STYLE_USAGE(.BOTH.,#5596);
#5461=SURFACE_STYLE_USAGE(.BOTH.,#5597);
#5462=SURFACE_STYLE_USAGE(.BOTH.,#5598);
#5463=SURFACE_STYLE_USAGE(.BOTH.,#5599);
#5464=SURFACE_STYLE_USAGE(.BOTH.,#5600);
#5465=SURFACE_STYLE_USAGE(.BOTH.,#5601);
#5466=SURFACE_STYLE_USAGE(.BOTH.,#5602);
#5467=SURFACE_STYLE_USAGE(.BOTH.,#5603);
#5468=SURFACE_STYLE_USAGE(.BOTH.,#5604);
#5469=SURFACE_STYLE_USAGE(.BOTH.,#5605);
#5470=SURFACE_STYLE_USAGE(.BOTH.,#5606);
#5471=SURFACE_STYLE_USAGE(.BOTH.,#5607);
#5472=SURFACE_STYLE_USAGE(.BOTH.,#5608);
#5473=SURFACE_STYLE_USAGE(.BOTH.,#5609);
#5474=SURFACE_STYLE_USAGE(.BOTH.,#5610);
#5475=SURFACE_STYLE_USAGE(.BOTH.,#5611);
#5476=SURFACE_STYLE_USAGE(.BOTH.,#5612);
#5477=SURFACE_STYLE_USAGE(.BOTH.,#5613);
#5478=SURFACE_STYLE_USAGE(.BOTH.,#5614);
#5479=SURFACE_STYLE_USAGE(.BOTH.,#5615);
#5480=SURFACE_STYLE_USAGE(.BOTH.,#5616);
#5481=SURFACE_STYLE_USAGE(.BOTH.,#5617);
#5482=SURFACE_STYLE_USAGE(.BOTH.,#5618);
#5483=SURFACE_STYLE_USAGE(.BOTH.,#5619);
#5484=SURFACE_STYLE_USAGE(.BOTH.,#5620);
#5485=SURFACE_STYLE_USAGE(.BOTH.,#5621);
#5486=SURFACE_STYLE_USAGE(.BOTH.,#5622);
#5487=SURFACE_STYLE_USAGE(.BOTH.,#5623);
#5488=SURFACE_STYLE_USAGE(.BOTH.,#5624);
#5489=SURFACE_STYLE_USAGE(.BOTH.,#5625);
#5490=SURFACE_STYLE_USAGE(.BOTH.,#5626);
#5491=SURFACE_STYLE_USAGE(.BOTH.,#5627);
#5492=SURFACE_STYLE_USAGE(.BOTH.,#5628);
#5493=SURFACE_STYLE_USAGE(.BOTH.,#5629);
#5494=SURFACE_STYLE_USAGE(.BOTH.,#5630);
#5495=SURFACE_STYLE_USAGE(.BOTH.,#5631);
#5496=SURFACE_STYLE_USAGE(.BOTH.,#5632);
#5497=SURFACE_STYLE_USAGE(.BOTH.,#5633);
#5498=SURFACE_STYLE_USAGE(.BOTH.,#5634);
#5499=SURFACE_STYLE_USAGE(.BOTH.,#5635);
#5500=SURFACE_STYLE_USAGE(.BOTH.,#5636);
#5501=SURFACE_STYLE_USAGE(.BOTH.,#5637);
#5502=SURFACE_STYLE_USAGE(.BOTH.,#5638);
#5503=SURFACE_STYLE_USAGE(.BOTH.,#5639);
#5504=SURFACE_STYLE_USAGE(.BOTH.,#5640);
#5505=SURFACE_STYLE_USAGE(.BOTH.,#5641);
#5506=SURFACE_STYLE_USAGE(.BOTH.,#5642);
#5507=SURFACE_STYLE_USAGE(.BOTH.,#5643);
#5508=SURFACE_STYLE_USAGE(.BOTH.,#5644);
#5509=SURFACE_STYLE_USAGE(.BOTH.,#5645);
#5510=SURFACE_STYLE_USAGE(.BOTH.,#5646);
#5511=SURFACE_STYLE_USAGE(.BOTH.,#5647);
#5512=SURFACE_STYLE_USAGE(.BOTH.,#5648);
#5513=SURFACE_STYLE_USAGE(.BOTH.,#5649);
#5514=SURFACE_STYLE_USAGE(.BOTH.,#5650);
#5515=SURFACE_STYLE_USAGE(.BOTH.,#5651);
#5516=SURFACE_STYLE_USAGE(.BOTH.,#5652);
#5517=SURFACE_STYLE_USAGE(.BOTH.,#5653);
#5518=SURFACE_STYLE_USAGE(.BOTH.,#5654);
#5519=SURFACE_STYLE_USAGE(.BOTH.,#5655);
#5520=SURFACE_STYLE_USAGE(.BOTH.,#5656);
#5521=SURFACE_STYLE_USAGE(.BOTH.,#5657);
#5522=SURFACE_STYLE_USAGE(.BOTH.,#5658);
#5523=SURFACE_STYLE_USAGE(.BOTH.,#5659);
#5524=SURFACE_STYLE_USAGE(.BOTH.,#5660);
#5525=SURFACE_STYLE_USAGE(.BOTH.,#5661);
#5526=SURFACE_STYLE_USAGE(.BOTH.,#5662);
#5527=SURFACE_STYLE_USAGE(.BOTH.,#5663);
#5528=SURFACE_STYLE_USAGE(.BOTH.,#5664);
#5529=SURFACE_STYLE_USAGE(.BOTH.,#5665);
#5530=SURFACE_STYLE_USAGE(.BOTH.,#5666);
#5531=SURFACE_STYLE_USAGE(.BOTH.,#5667);
#5532=SURFACE_STYLE_USAGE(.BOTH.,#5668);
#5533=SURFACE_STYLE_USAGE(.BOTH.,#5669);
#5534=SURFACE_STYLE_USAGE(.BOTH.,#5670);
#5535=SURFACE_STYLE_USAGE(.BOTH.,#5671);
#5536=SURFACE_STYLE_USAGE(.BOTH.,#5672);
#5537=SURFACE_STYLE_USAGE(.BOTH.,#5673);
#5538=SURFACE_STYLE_USAGE(.BOTH.,#5674);
#5539=SURFACE_STYLE_USAGE(.BOTH.,#5675);
#5540=SURFACE_STYLE_USAGE(.BOTH.,#5676);
#5541=SURFACE_STYLE_USAGE(.BOTH.,#5677);
#5542=SURFACE_STYLE_USAGE(.BOTH.,#5678);
#5543=SURFACE_STYLE_USAGE(.BOTH.,#5679);
#5544=SURFACE_STYLE_USAGE(.BOTH.,#5680);
#5545=SURFACE_STYLE_USAGE(.BOTH.,#5681);
#5546=SURFACE_STYLE_USAGE(.BOTH.,#5682);
#5547=SURFACE_STYLE_USAGE(.BOTH.,#5683);
#5548=SURFACE_STYLE_USAGE(.BOTH.,#5684);
#5549=SURFACE_STYLE_USAGE(.BOTH.,#5685);
#5550=SURFACE_STYLE_USAGE(.BOTH.,#5686);
#5551=SURFACE_STYLE_USAGE(.BOTH.,#5687);
#5552=SURFACE_STYLE_USAGE(.BOTH.,#5688);
#5553=SURFACE_STYLE_USAGE(.BOTH.,#5689);
#5554=SURFACE_STYLE_USAGE(.BOTH.,#5690);
#5555=SURFACE_STYLE_USAGE(.BOTH.,#5691);
#5556=SURFACE_STYLE_USAGE(.BOTH.,#5692);
#5557=SURFACE_STYLE_USAGE(.BOTH.,#5693);
#5558=SURFACE_STYLE_USAGE(.BOTH.,#5694);
#5559=SURFACE_STYLE_USAGE(.BOTH.,#5695);
#5560=SURFACE_STYLE_USAGE(.BOTH.,#5696);
#5561=SURFACE_STYLE_USAGE(.BOTH.,#5697);
#5562=SURFACE_STYLE_USAGE(.BOTH.,#5698);
#5563=SURFACE_STYLE_USAGE(.BOTH.,#5699);
#5564=SURFACE_STYLE_USAGE(.BOTH.,#5700);
#5565=SURFACE_STYLE_USAGE(.BOTH.,#5701);
#5566=SURFACE_STYLE_USAGE(.BOTH.,#5702);
#5567=SURFACE_STYLE_USAGE(.BOTH.,#5703);
#5568=SURFACE_STYLE_USAGE(.BOTH.,#5704);
#5569=SURFACE_STYLE_USAGE(.BOTH.,#5705);
#5570=SURFACE_SIDE_STYLE('',(#5706));
#5571=SURFACE_SIDE_STYLE('',(#5707));
#5572=SURFACE_SIDE_STYLE('',(#5708));
#5573=SURFACE_SIDE_STYLE('',(#5709));
#5574=SURFACE_SIDE_STYLE('',(#5710));
#5575=SURFACE_SIDE_STYLE('',(#5711));
#5576=SURFACE_SIDE_STYLE('',(#5712));
#5577=SURFACE_SIDE_STYLE('',(#5713));
#5578=SURFACE_SIDE_STYLE('',(#5714));
#5579=SURFACE_SIDE_STYLE('',(#5715));
#5580=SURFACE_SIDE_STYLE('',(#5716));
#5581=SURFACE_SIDE_STYLE('',(#5717));
#5582=SURFACE_SIDE_STYLE('',(#5718));
#5583=SURFACE_SIDE_STYLE('',(#5719));
#5584=SURFACE_SIDE_STYLE('',(#5720));
#5585=SURFACE_SIDE_STYLE('',(#5721));
#5586=SURFACE_SIDE_STYLE('',(#5722));
#5587=SURFACE_SIDE_STYLE('',(#5723));
#5588=SURFACE_SIDE_STYLE('',(#5724));
#5589=SURFACE_SIDE_STYLE('',(#5725));
#5590=SURFACE_SIDE_STYLE('',(#5726));
#5591=SURFACE_SIDE_STYLE('',(#5727));
#5592=SURFACE_SIDE_STYLE('',(#5728));
#5593=SURFACE_SIDE_STYLE('',(#5729));
#5594=SURFACE_SIDE_STYLE('',(#5730));
#5595=SURFACE_SIDE_STYLE('',(#5731));
#5596=SURFACE_SIDE_STYLE('',(#5732));
#5597=SURFACE_SIDE_STYLE('',(#5733));
#5598=SURFACE_SIDE_STYLE('',(#5734));
#5599=SURFACE_SIDE_STYLE('',(#5735));
#5600=SURFACE_SIDE_STYLE('',(#5736));
#5601=SURFACE_SIDE_STYLE('',(#5737));
#5602=SURFACE_SIDE_STYLE('',(#5738));
#5603=SURFACE_SIDE_STYLE('',(#5739));
#5604=SURFACE_SIDE_STYLE('',(#5740));
#5605=SURFACE_SIDE_STYLE('',(#5741));
#5606=SURFACE_SIDE_STYLE('',(#5742));
#5607=SURFACE_SIDE_STYLE('',(#5743));
#5608=SURFACE_SIDE_STYLE('',(#5744));
#5609=SURFACE_SIDE_STYLE('',(#5745));
#5610=SURFACE_SIDE_STYLE('',(#5746));
#5611=SURFACE_SIDE_STYLE('',(#5747));
#5612=SURFACE_SIDE_STYLE('',(#5748));
#5613=SURFACE_SIDE_STYLE('',(#5749));
#5614=SURFACE_SIDE_STYLE('',(#5750));
#5615=SURFACE_SIDE_STYLE('',(#5751));
#5616=SURFACE_SIDE_STYLE('',(#5752));
#5617=SURFACE_SIDE_STYLE('',(#5753));
#5618=SURFACE_SIDE_STYLE('',(#5754));
#5619=SURFACE_SIDE_STYLE('',(#5755));
#5620=SURFACE_SIDE_STYLE('',(#5756));
#5621=SURFACE_SIDE_STYLE('',(#5757));
#5622=SURFACE_SIDE_STYLE('',(#5758));
#5623=SURFACE_SIDE_STYLE('',(#5759));
#5624=SURFACE_SIDE_STYLE('',(#5760));
#5625=SURFACE_SIDE_STYLE('',(#5761));
#5626=SURFACE_SIDE_STYLE('',(#5762));
#5627=SURFACE_SIDE_STYLE('',(#5763));
#5628=SURFACE_SIDE_STYLE('',(#5764));
#5629=SURFACE_SIDE_STYLE('',(#5765));
#5630=SURFACE_SIDE_STYLE('',(#5766));
#5631=SURFACE_SIDE_STYLE('',(#5767));
#5632=SURFACE_SIDE_STYLE('',(#5768));
#5633=SURFACE_SIDE_STYLE('',(#5769));
#5634=SURFACE_SIDE_STYLE('',(#5770));
#5635=SURFACE_SIDE_STYLE('',(#5771));
#5636=SURFACE_SIDE_STYLE('',(#5772));
#5637=SURFACE_SIDE_STYLE('',(#5773));
#5638=SURFACE_SIDE_STYLE('',(#5774));
#5639=SURFACE_SIDE_STYLE('',(#5775));
#5640=SURFACE_SIDE_STYLE('',(#5776));
#5641=SURFACE_SIDE_STYLE('',(#5777));
#5642=SURFACE_SIDE_STYLE('',(#5778));
#5643=SURFACE_SIDE_STYLE('',(#5779));
#5644=SURFACE_SIDE_STYLE('',(#5780));
#5645=SURFACE_SIDE_STYLE('',(#5781));
#5646=SURFACE_SIDE_STYLE('',(#5782));
#5647=SURFACE_SIDE_STYLE('',(#5783));
#5648=SURFACE_SIDE_STYLE('',(#5784));
#5649=SURFACE_SIDE_STYLE('',(#5785));
#5650=SURFACE_SIDE_STYLE('',(#5786));
#5651=SURFACE_SIDE_STYLE('',(#5787));
#5652=SURFACE_SIDE_STYLE('',(#5788));
#5653=SURFACE_SIDE_STYLE('',(#5789));
#5654=SURFACE_SIDE_STYLE('',(#5790));
#5655=SURFACE_SIDE_STYLE('',(#5791));
#5656=SURFACE_SIDE_STYLE('',(#5792));
#5657=SURFACE_SIDE_STYLE('',(#5793));
#5658=SURFACE_SIDE_STYLE('',(#5794));
#5659=SURFACE_SIDE_STYLE('',(#5795));
#5660=SURFACE_SIDE_STYLE('',(#5796));
#5661=SURFACE_SIDE_STYLE('',(#5797));
#5662=SURFACE_SIDE_STYLE('',(#5798));
#5663=SURFACE_SIDE_STYLE('',(#5799));
#5664=SURFACE_SIDE_STYLE('',(#5800));
#5665=SURFACE_SIDE_STYLE('',(#5801));
#5666=SURFACE_SIDE_STYLE('',(#5802));
#5667=SURFACE_SIDE_STYLE('',(#5803));
#5668=SURFACE_SIDE_STYLE('',(#5804));
#5669=SURFACE_SIDE_STYLE('',(#5805));
#5670=SURFACE_SIDE_STYLE('',(#5806));
#5671=SURFACE_SIDE_STYLE('',(#5807));
#5672=SURFACE_SIDE_STYLE('',(#5808));
#5673=SURFACE_SIDE_STYLE('',(#5809));
#5674=SURFACE_SIDE_STYLE('',(#5810));
#5675=SURFACE_SIDE_STYLE('',(#5811));
#5676=SURFACE_SIDE_STYLE('',(#5812));
#5677=SURFACE_SIDE_STYLE('',(#5813));
#5678=SURFACE_SIDE_STYLE('',(#5814));
#5679=SURFACE_SIDE_STYLE('',(#5815));
#5680=SURFACE_SIDE_STYLE('',(#5816));
#5681=SURFACE_SIDE_STYLE('',(#5817));
#5682=SURFACE_SIDE_STYLE('',(#5818));
#5683=SURFACE_SIDE_STYLE('',(#5819));
#5684=SURFACE_SIDE_STYLE('',(#5820));
#5685=SURFACE_SIDE_STYLE('',(#5821));
#5686=SURFACE_SIDE_STYLE('',(#5822));
#5687=SURFACE_SIDE_STYLE('',(#5823));
#5688=SURFACE_SIDE_STYLE('',(#5824));
#5689=SURFACE_SIDE_STYLE('',(#5825));
#5690=SURFACE_SIDE_STYLE('',(#5826));
#5691=SURFACE_SIDE_STYLE('',(#5827));
#5692=SURFACE_SIDE_STYLE('',(#5828));
#5693=SURFACE_SIDE_STYLE('',(#5829));
#5694=SURFACE_SIDE_STYLE('',(#5830));
#5695=SURFACE_SIDE_STYLE('',(#5831));
#5696=SURFACE_SIDE_STYLE('',(#5832));
#5697=SURFACE_SIDE_STYLE('',(#5833));
#5698=SURFACE_SIDE_STYLE('',(#5834));
#5699=SURFACE_SIDE_STYLE('',(#5835));
#5700=SURFACE_SIDE_STYLE('',(#5836));
#5701=SURFACE_SIDE_STYLE('',(#5837));
#5702=SURFACE_SIDE_STYLE('',(#5838));
#5703=SURFACE_SIDE_STYLE('',(#5839));
#5704=SURFACE_SIDE_STYLE('',(#5840));
#5705=SURFACE_SIDE_STYLE('',(#5841));
#5706=SURFACE_STYLE_FILL_AREA(#5842);
#5707=SURFACE_STYLE_FILL_AREA(#5843);
#5708=SURFACE_STYLE_FILL_AREA(#5844);
#5709=SURFACE_STYLE_FILL_AREA(#5845);
#5710=SURFACE_STYLE_FILL_AREA(#5846);
#5711=SURFACE_STYLE_FILL_AREA(#5847);
#5712=SURFACE_STYLE_FILL_AREA(#5848);
#5713=SURFACE_STYLE_FILL_AREA(#5849);
#5714=SURFACE_STYLE_FILL_AREA(#5850);
#5715=SURFACE_STYLE_FILL_AREA(#5851);
#5716=SURFACE_STYLE_FILL_AREA(#5852);
#5717=SURFACE_STYLE_FILL_AREA(#5853);
#5718=SURFACE_STYLE_FILL_AREA(#5854);
#5719=SURFACE_STYLE_FILL_AREA(#5855);
#5720=SURFACE_STYLE_FILL_AREA(#5856);
#5721=SURFACE_STYLE_FILL_AREA(#5857);
#5722=SURFACE_STYLE_FILL_AREA(#5858);
#5723=SURFACE_STYLE_FILL_AREA(#5859);
#5724=SURFACE_STYLE_FILL_AREA(#5860);
#5725=SURFACE_STYLE_FILL_AREA(#5861);
#5726=SURFACE_STYLE_FILL_AREA(#5862);
#5727=SURFACE_STYLE_FILL_AREA(#5863);
#5728=SURFACE_STYLE_FILL_AREA(#5864);
#5729=SURFACE_STYLE_FILL_AREA(#5865);
#5730=SURFACE_STYLE_FILL_AREA(#5866);
#5731=SURFACE_STYLE_FILL_AREA(#5867);
#5732=SURFACE_STYLE_FILL_AREA(#5868);
#5733=SURFACE_STYLE_FILL_AREA(#5869);
#5734=SURFACE_STYLE_FILL_AREA(#5870);
#5735=SURFACE_STYLE_FILL_AREA(#5871);
#5736=SURFACE_STYLE_FILL_AREA(#5872);
#5737=SURFACE_STYLE_FILL_AREA(#5873);
#5738=SURFACE_STYLE_FILL_AREA(#5874);
#5739=SURFACE_STYLE_FILL_AREA(#5875);
#5740=SURFACE_STYLE_FILL_AREA(#5876);
#5741=SURFACE_STYLE_FILL_AREA(#5877);
#5742=SURFACE_STYLE_FILL_AREA(#5878);
#5743=SURFACE_STYLE_FILL_AREA(#5879);
#5744=SURFACE_STYLE_FILL_AREA(#5880);
#5745=SURFACE_STYLE_FILL_AREA(#5881);
#5746=SURFACE_STYLE_FILL_AREA(#5882);
#5747=SURFACE_STYLE_FILL_AREA(#5883);
#5748=SURFACE_STYLE_FILL_AREA(#5884);
#5749=SURFACE_STYLE_FILL_AREA(#5885);
#5750=SURFACE_STYLE_FILL_AREA(#5886);
#5751=SURFACE_STYLE_FILL_AREA(#5887);
#5752=SURFACE_STYLE_FILL_AREA(#5888);
#5753=SURFACE_STYLE_FILL_AREA(#5889);
#5754=SURFACE_STYLE_FILL_AREA(#5890);
#5755=SURFACE_STYLE_FILL_AREA(#5891);
#5756=SURFACE_STYLE_FILL_AREA(#5892);
#5757=SURFACE_STYLE_FILL_AREA(#5893);
#5758=SURFACE_STYLE_FILL_AREA(#5894);
#5759=SURFACE_STYLE_FILL_AREA(#5895);
#5760=SURFACE_STYLE_FILL_AREA(#5896);
#5761=SURFACE_STYLE_FILL_AREA(#5897);
#5762=SURFACE_STYLE_FILL_AREA(#5898);
#5763=SURFACE_STYLE_FILL_AREA(#5899);
#5764=SURFACE_STYLE_FILL_AREA(#5900);
#5765=SURFACE_STYLE_FILL_AREA(#5901);
#5766=SURFACE_STYLE_FILL_AREA(#5902);
#5767=SURFACE_STYLE_FILL_AREA(#5903);
#5768=SURFACE_STYLE_FILL_AREA(#5904);
#5769=SURFACE_STYLE_FILL_AREA(#5905);
#5770=SURFACE_STYLE_FILL_AREA(#5906);
#5771=SURFACE_STYLE_FILL_AREA(#5907);
#5772=SURFACE_STYLE_FILL_AREA(#5908);
#5773=SURFACE_STYLE_FILL_AREA(#5909);
#5774=SURFACE_STYLE_FILL_AREA(#5910);
#5775=SURFACE_STYLE_FILL_AREA(#5911);
#5776=SURFACE_STYLE_FILL_AREA(#5912);
#5777=SURFACE_STYLE_FILL_AREA(#5913);
#5778=SURFACE_STYLE_FILL_AREA(#5914);
#5779=SURFACE_STYLE_FILL_AREA(#5915);
#5780=SURFACE_STYLE_FILL_AREA(#5916);
#5781=SURFACE_STYLE_FILL_AREA(#5917);
#5782=SURFACE_STYLE_FILL_AREA(#5918);
#5783=SURFACE_STYLE_FILL_AREA(#5919);
#5784=SURFACE_STYLE_FILL_AREA(#5920);
#5785=SURFACE_STYLE_FILL_AREA(#5921);
#5786=SURFACE_STYLE_FILL_AREA(#5922);
#5787=SURFACE_STYLE_FILL_AREA(#5923);
#5788=SURFACE_STYLE_FILL_AREA(#5924);
#5789=SURFACE_STYLE_FILL_AREA(#5925);
#5790=SURFACE_STYLE_FILL_AREA(#5926);
#5791=SURFACE_STYLE_FILL_AREA(#5927);
#5792=SURFACE_STYLE_FILL_AREA(#5928);
#5793=SURFACE_STYLE_FILL_AREA(#5929);
#5794=SURFACE_STYLE_FILL_AREA(#5930);
#5795=SURFACE_STYLE_FILL_AREA(#5931);
#5796=SURFACE_STYLE_FILL_AREA(#5932);
#5797=SURFACE_STYLE_FILL_AREA(#5933);
#5798=SURFACE_STYLE_FILL_AREA(#5934);
#5799=SURFACE_STYLE_FILL_AREA(#5935);
#5800=SURFACE_STYLE_FILL_AREA(#5936);
#5801=SURFACE_STYLE_FILL_AREA(#5937);
#5802=SURFACE_STYLE_FILL_AREA(#5938);
#5803=SURFACE_STYLE_FILL_AREA(#5939);
#5804=SURFACE_STYLE_FILL_AREA(#5940);
#5805=SURFACE_STYLE_FILL_AREA(#5941);
#5806=SURFACE_STYLE_FILL_AREA(#5942);
#5807=SURFACE_STYLE_FILL_AREA(#5943);
#5808=SURFACE_STYLE_FILL_AREA(#5944);
#5809=SURFACE_STYLE_FILL_AREA(#5945);
#5810=SURFACE_STYLE_FILL_AREA(#5946);
#5811=SURFACE_STYLE_FILL_AREA(#5947);
#5812=SURFACE_STYLE_FILL_AREA(#5948);
#5813=SURFACE_STYLE_FILL_AREA(#5949);
#5814=SURFACE_STYLE_FILL_AREA(#5950);
#5815=SURFACE_STYLE_FILL_AREA(#5951);
#5816=SURFACE_STYLE_FILL_AREA(#5952);
#5817=SURFACE_STYLE_FILL_AREA(#5953);
#5818=SURFACE_STYLE_FILL_AREA(#5954);
#5819=SURFACE_STYLE_FILL_AREA(#5955);
#5820=SURFACE_STYLE_FILL_AREA(#5956);
#5821=SURFACE_STYLE_FILL_AREA(#5957);
#5822=SURFACE_STYLE_FILL_AREA(#5958);
#5823=SURFACE_STYLE_FILL_AREA(#5959);
#5824=SURFACE_STYLE_FILL_AREA(#5960);
#5825=SURFACE_STYLE_FILL_AREA(#5961);
#5826=SURFACE_STYLE_FILL_AREA(#5962);
#5827=SURFACE_STYLE_FILL_AREA(#5963);
#5828=SURFACE_STYLE_FILL_AREA(#5964);
#5829=SURFACE_STYLE_FILL_AREA(#5965);
#5830=SURFACE_STYLE_FILL_AREA(#5966);
#5831=SURFACE_STYLE_FILL_AREA(#5967);
#5832=SURFACE_STYLE_FILL_AREA(#5968);
#5833=SURFACE_STYLE_FILL_AREA(#5969);
#5834=SURFACE_STYLE_FILL_AREA(#5970);
#5835=SURFACE_STYLE_FILL_AREA(#5971);
#5836=SURFACE_STYLE_FILL_AREA(#5972);
#5837=SURFACE_STYLE_FILL_AREA(#5973);
#5838=SURFACE_STYLE_FILL_AREA(#5974);
#5839=SURFACE_STYLE_FILL_AREA(#5975);
#5840=SURFACE_STYLE_FILL_AREA(#5976);
#5841=SURFACE_STYLE_FILL_AREA(#5977);
#5842=FILL_AREA_STYLE('',(#5978));
#5843=FILL_AREA_STYLE('',(#5979));
#5844=FILL_AREA_STYLE('',(#5980));
#5845=FILL_AREA_STYLE('',(#5981));
#5846=FILL_AREA_STYLE('',(#5982));
#5847=FILL_AREA_STYLE('',(#5983));
#5848=FILL_AREA_STYLE('',(#5984));
#5849=FILL_AREA_STYLE('',(#5985));
#5850=FILL_AREA_STYLE('',(#5986));
#5851=FILL_AREA_STYLE('',(#5987));
#5852=FILL_AREA_STYLE('',(#5988));
#5853=FILL_AREA_STYLE('',(#5989));
#5854=FILL_AREA_STYLE('',(#5990));
#5855=FILL_AREA_STYLE('',(#5991));
#5856=FILL_AREA_STYLE('',(#5992));
#5857=FILL_AREA_STYLE('',(#5993));
#5858=FILL_AREA_STYLE('',(#5994));
#5859=FILL_AREA_STYLE('',(#5995));
#5860=FILL_AREA_STYLE('',(#5996));
#5861=FILL_AREA_STYLE('',(#5997));
#5862=FILL_AREA_STYLE('',(#5998));
#5863=FILL_AREA_STYLE('',(#5999));
#5864=FILL_AREA_STYLE('',(#6000));
#5865=FILL_AREA_STYLE('',(#6001));
#5866=FILL_AREA_STYLE('',(#6002));
#5867=FILL_AREA_STYLE('',(#6003));
#5868=FILL_AREA_STYLE('',(#6004));
#5869=FILL_AREA_STYLE('',(#6005));
#5870=FILL_AREA_STYLE('',(#6006));
#5871=FILL_AREA_STYLE('',(#6007));
#5872=FILL_AREA_STYLE('',(#6008));
#5873=FILL_AREA_STYLE('',(#6009));
#5874=FILL_AREA_STYLE('',(#6010));
#5875=FILL_AREA_STYLE('',(#6011));
#5876=FILL_AREA_STYLE('',(#6012));
#5877=FILL_AREA_STYLE('',(#6013));
#5878=FILL_AREA_STYLE('',(#6014));
#5879=FILL_AREA_STYLE('',(#6015));
#5880=FILL_AREA_STYLE('',(#6016));
#5881=FILL_AREA_STYLE('',(#6017));
#5882=FILL_AREA_STYLE('',(#6018));
#5883=FILL_AREA_STYLE('',(#6019));
#5884=FILL_AREA_STYLE('',(#6020));
#5885=FILL_AREA_STYLE('',(#6021));
#5886=FILL_AREA_STYLE('',(#6022));
#5887=FILL_AREA_STYLE('',(#6023));
#5888=FILL_AREA_STYLE('',(#6024));
#5889=FILL_AREA_STYLE('',(#6025));
#5890=FILL_AREA_STYLE('',(#6026));
#5891=FILL_AREA_STYLE('',(#6027));
#5892=FILL_AREA_STYLE('',(#6028));
#5893=FILL_AREA_STYLE('',(#6029));
#5894=FILL_AREA_STYLE('',(#6030));
#5895=FILL_AREA_STYLE('',(#6031));
#5896=FILL_AREA_STYLE('',(#6032));
#5897=FILL_AREA_STYLE('',(#6033));
#5898=FILL_AREA_STYLE('',(#6034));
#5899=FILL_AREA_STYLE('',(#6035));
#5900=FILL_AREA_STYLE('',(#6036));
#5901=FILL_AREA_STYLE('',(#6037));
#5902=FILL_AREA_STYLE('',(#6038));
#5903=FILL_AREA_STYLE('',(#6039));
#5904=FILL_AREA_STYLE('',(#6040));
#5905=FILL_AREA_STYLE('',(#6041));
#5906=FILL_AREA_STYLE('',(#6042));
#5907=FILL_AREA_STYLE('',(#6043));
#5908=FILL_AREA_STYLE('',(#6044));
#5909=FILL_AREA_STYLE('',(#6045));
#5910=FILL_AREA_STYLE('',(#6046));
#5911=FILL_AREA_STYLE('',(#6047));
#5912=FILL_AREA_STYLE('',(#6048));
#5913=FILL_AREA_STYLE('',(#6049));
#5914=FILL_AREA_STYLE('',(#6050));
#5915=FILL_AREA_STYLE('',(#6051));
#5916=FILL_AREA_STYLE('',(#6052));
#5917=FILL_AREA_STYLE('',(#6053));
#5918=FILL_AREA_STYLE('',(#6054));
#5919=FILL_AREA_STYLE('',(#6055));
#5920=FILL_AREA_STYLE('',(#6056));
#5921=FILL_AREA_STYLE('',(#6057));
#5922=FILL_AREA_STYLE('',(#6058));
#5923=FILL_AREA_STYLE('',(#6059));
#5924=FILL_AREA_STYLE('',(#6060));
#5925=FILL_AREA_STYLE('',(#6061));
#5926=FILL_AREA_STYLE('',(#6062));
#5927=FILL_AREA_STYLE('',(#6063));
#5928=FILL_AREA_STYLE('',(#6064));
#5929=FILL_AREA_STYLE('',(#6065));
#5930=FILL_AREA_STYLE('',(#6066));
#5931=FILL_AREA_STYLE('',(#6067));
#5932=FILL_AREA_STYLE('',(#6068));
#5933=FILL_AREA_STYLE('',(#6069));
#5934=FILL_AREA_STYLE('',(#6070));
#5935=FILL_AREA_STYLE('',(#6071));
#5936=FILL_AREA_STYLE('',(#6072));
#5937=FILL_AREA_STYLE('',(#6073));
#5938=FILL_AREA_STYLE('',(#6074));
#5939=FILL_AREA_STYLE('',(#6075));
#5940=FILL_AREA_STYLE('',(#6076));
#5941=FILL_AREA_STYLE('',(#6077));
#5942=FILL_AREA_STYLE('',(#6078));
#5943=FILL_AREA_STYLE('',(#6079));
#5944=FILL_AREA_STYLE('',(#6080));
#5945=FILL_AREA_STYLE('',(#6081));
#5946=FILL_AREA_STYLE('',(#6082));
#5947=FILL_AREA_STYLE('',(#6083));
#5948=FILL_AREA_STYLE('',(#6084));
#5949=FILL_AREA_STYLE('',(#6085));
#5950=FILL_AREA_STYLE('',(#6086));
#5951=FILL_AREA_STYLE('',(#6087));
#5952=FILL_AREA_STYLE('',(#6088));
#5953=FILL_AREA_STYLE('',(#6089));
#5954=FILL_AREA_STYLE('',(#6090));
#5955=FILL_AREA_STYLE('',(#6091));
#5956=FILL_AREA_STYLE('',(#6092));
#5957=FILL_AREA_STYLE('',(#6093));
#5958=FILL_AREA_STYLE('',(#6094));
#5959=FILL_AREA_STYLE('',(#6095));
#5960=FILL_AREA_STYLE('',(#6096));
#5961=FILL_AREA_STYLE('',(#6097));
#5962=FILL_AREA_STYLE('',(#6098));
#5963=FILL_AREA_STYLE('',(#6099));
#5964=FILL_AREA_STYLE('',(#6100));
#5965=FILL_AREA_STYLE('',(#6101));
#5966=FILL_AREA_STYLE('',(#6102));
#5967=FILL_AREA_STYLE('',(#6103));
#5968=FILL_AREA_STYLE('',(#6104));
#5969=FILL_AREA_STYLE('',(#6105));
#5970=FILL_AREA_STYLE('',(#6106));
#5971=FILL_AREA_STYLE('',(#6107));
#5972=FILL_AREA_STYLE('',(#6108));
#5973=FILL_AREA_STYLE('',(#6109));
#5974=FILL_AREA_STYLE('',(#6110));
#5975=FILL_AREA_STYLE('',(#6111));
#5976=FILL_AREA_STYLE('',(#6112));
#5977=FILL_AREA_STYLE('',(#6113));
#5978=FILL_AREA_STYLE_COLOUR('',#6114);
#5979=FILL_AREA_STYLE_COLOUR('',#6114);
#5980=FILL_AREA_STYLE_COLOUR('',#6114);
#5981=FILL_AREA_STYLE_COLOUR('',#6114);
#5982=FILL_AREA_STYLE_COLOUR('',#6114);
#5983=FILL_AREA_STYLE_COLOUR('',#6114);
#5984=FILL_AREA_STYLE_COLOUR('',#6114);
#5985=FILL_AREA_STYLE_COLOUR('',#6114);
#5986=FILL_AREA_STYLE_COLOUR('',#6114);
#5987=FILL_AREA_STYLE_COLOUR('',#6114);
#5988=FILL_AREA_STYLE_COLOUR('',#6114);
#5989=FILL_AREA_STYLE_COLOUR('',#6114);
#5990=FILL_AREA_STYLE_COLOUR('',#6114);
#5991=FILL_AREA_STYLE_COLOUR('',#6114);
#5992=FILL_AREA_STYLE_COLOUR('',#6114);
#5993=FILL_AREA_STYLE_COLOUR('',#6114);
#5994=FILL_AREA_STYLE_COLOUR('',#6114);
#5995=FILL_AREA_STYLE_COLOUR('',#6114);
#5996=FILL_AREA_STYLE_COLOUR('',#6114);
#5997=FILL_AREA_STYLE_COLOUR('',#6114);
#5998=FILL_AREA_STYLE_COLOUR('',#6114);
#5999=FILL_AREA_STYLE_COLOUR('',#6114);
#6000=FILL_AREA_STYLE_COLOUR('',#6114);
#6001=FILL_AREA_STYLE_COLOUR('',#6114);
#6002=FILL_AREA_STYLE_COLOUR('',#6114);
#6003=FILL_AREA_STYLE_COLOUR('',#6114);
#6004=FILL_AREA_STYLE_COLOUR('',#6114);
#6005=FILL_AREA_STYLE_COLOUR('',#6114);
#6006=FILL_AREA_STYLE_COLOUR('',#6114);
#6007=FILL_AREA_STYLE_COLOUR('',#6114);
#6008=FILL_AREA_STYLE_COLOUR('',#6114);
#6009=FILL_AREA_STYLE_COLOUR('',#6114);
#6010=FILL_AREA_STYLE_COLOUR('',#6114);
#6011=FILL_AREA_STYLE_COLOUR('',#6114);
#6012=FILL_AREA_STYLE_COLOUR('',#6114);
#6013=FILL_AREA_STYLE_COLOUR('',#6115);
#6014=FILL_AREA_STYLE_COLOUR('',#6115);
#6015=FILL_AREA_STYLE_COLOUR('',#6115);
#6016=FILL_AREA_STYLE_COLOUR('',#6115);
#6017=FILL_AREA_STYLE_COLOUR('',#6115);
#6018=FILL_AREA_STYLE_COLOUR('',#6115);
#6019=FILL_AREA_STYLE_COLOUR('',#6115);
#6020=FILL_AREA_STYLE_COLOUR('',#6115);
#6021=FILL_AREA_STYLE_COLOUR('',#6115);
#6022=FILL_AREA_STYLE_COLOUR('',#6115);
#6023=FILL_AREA_STYLE_COLOUR('',#6115);
#6024=FILL_AREA_STYLE_COLOUR('',#6115);
#6025=FILL_AREA_STYLE_COLOUR('',#6115);
#6026=FILL_AREA_STYLE_COLOUR('',#6114);
#6027=FILL_AREA_STYLE_COLOUR('',#6114);
#6028=FILL_AREA_STYLE_COLOUR('',#6116);
#6029=FILL_AREA_STYLE_COLOUR('',#6114);
#6030=FILL_AREA_STYLE_COLOUR('',#6114);
#6031=FILL_AREA_STYLE_COLOUR('',#6116);
#6032=FILL_AREA_STYLE_COLOUR('',#6116);
#6033=FILL_AREA_STYLE_COLOUR('',#6114);
#6034=FILL_AREA_STYLE_COLOUR('',#6114);
#6035=FILL_AREA_STYLE_COLOUR('',#6114);
#6036=FILL_AREA_STYLE_COLOUR('',#6114);
#6037=FILL_AREA_STYLE_COLOUR('',#6116);
#6038=FILL_AREA_STYLE_COLOUR('',#6116);
#6039=FILL_AREA_STYLE_COLOUR('',#6116);
#6040=FILL_AREA_STYLE_COLOUR('',#6115);
#6041=FILL_AREA_STYLE_COLOUR('',#6115);
#6042=FILL_AREA_STYLE_COLOUR('',#6115);
#6043=FILL_AREA_STYLE_COLOUR('',#6115);
#6044=FILL_AREA_STYLE_COLOUR('',#6115);
#6045=FILL_AREA_STYLE_COLOUR('',#6115);
#6046=FILL_AREA_STYLE_COLOUR('',#6115);
#6047=FILL_AREA_STYLE_COLOUR('',#6115);
#6048=FILL_AREA_STYLE_COLOUR('',#6114);
#6049=FILL_AREA_STYLE_COLOUR('',#6114);
#6050=FILL_AREA_STYLE_COLOUR('',#6114);
#6051=FILL_AREA_STYLE_COLOUR('',#6114);
#6052=FILL_AREA_STYLE_COLOUR('',#6114);
#6053=FILL_AREA_STYLE_COLOUR('',#6114);
#6054=FILL_AREA_STYLE_COLOUR('',#6114);
#6055=FILL_AREA_STYLE_COLOUR('',#6114);
#6056=FILL_AREA_STYLE_COLOUR('',#6114);
#6057=FILL_AREA_STYLE_COLOUR('',#6114);
#6058=FILL_AREA_STYLE_COLOUR('',#6114);
#6059=FILL_AREA_STYLE_COLOUR('',#6114);
#6060=FILL_AREA_STYLE_COLOUR('',#6114);
#6061=FILL_AREA_STYLE_COLOUR('',#6114);
#6062=FILL_AREA_STYLE_COLOUR('',#6114);
#6063=FILL_AREA_STYLE_COLOUR('',#6114);
#6064=FILL_AREA_STYLE_COLOUR('',#6114);
#6065=FILL_AREA_STYLE_COLOUR('',#6114);
#6066=FILL_AREA_STYLE_COLOUR('',#6114);
#6067=FILL_AREA_STYLE_COLOUR('',#6114);
#6068=FILL_AREA_STYLE_COLOUR('',#6114);
#6069=FILL_AREA_STYLE_COLOUR('',#6114);
#6070=FILL_AREA_STYLE_COLOUR('',#6114);
#6071=FILL_AREA_STYLE_COLOUR('',#6114);
#6072=FILL_AREA_STYLE_COLOUR('',#6114);
#6073=FILL_AREA_STYLE_COLOUR('',#6114);
#6074=FILL_AREA_STYLE_COLOUR('',#6114);
#6075=FILL_AREA_STYLE_COLOUR('',#6114);
#6076=FILL_AREA_STYLE_COLOUR('',#6114);
#6077=FILL_AREA_STYLE_COLOUR('',#6114);
#6078=FILL_AREA_STYLE_COLOUR('',#6114);
#6079=FILL_AREA_STYLE_COLOUR('',#6114);
#6080=FILL_AREA_STYLE_COLOUR('',#6114);
#6081=FILL_AREA_STYLE_COLOUR('',#6114);
#6082=FILL_AREA_STYLE_COLOUR('',#6114);
#6083=FILL_AREA_STYLE_COLOUR('',#6114);
#6084=FILL_AREA_STYLE_COLOUR('',#6114);
#6085=FILL_AREA_STYLE_COLOUR('',#6114);
#6086=FILL_AREA_STYLE_COLOUR('',#6114);
#6087=FILL_AREA_STYLE_COLOUR('',#6114);
#6088=FILL_AREA_STYLE_COLOUR('',#6114);
#6089=FILL_AREA_STYLE_COLOUR('',#6114);
#6090=FILL_AREA_STYLE_COLOUR('',#6114);
#6091=FILL_AREA_STYLE_COLOUR('',#6114);
#6092=FILL_AREA_STYLE_COLOUR('',#6114);
#6093=FILL_AREA_STYLE_COLOUR('',#6114);
#6094=FILL_AREA_STYLE_COLOUR('',#6114);
#6095=FILL_AREA_STYLE_COLOUR('',#6114);
#6096=FILL_AREA_STYLE_COLOUR('',#6114);
#6097=FILL_AREA_STYLE_COLOUR('',#6114);
#6098=FILL_AREA_STYLE_COLOUR('',#6114);
#6099=FILL_AREA_STYLE_COLOUR('',#6114);
#6100=FILL_AREA_STYLE_COLOUR('',#6114);
#6101=FILL_AREA_STYLE_COLOUR('',#6114);
#6102=FILL_AREA_STYLE_COLOUR('',#6114);
#6103=FILL_AREA_STYLE_COLOUR('',#6114);
#6104=FILL_AREA_STYLE_COLOUR('',#6114);
#6105=FILL_AREA_STYLE_COLOUR('',#6114);
#6106=FILL_AREA_STYLE_COLOUR('',#6114);
#6107=FILL_AREA_STYLE_COLOUR('',#6114);
#6108=FILL_AREA_STYLE_COLOUR('',#6114);
#6109=FILL_AREA_STYLE_COLOUR('',#6114);
#6110=FILL_AREA_STYLE_COLOUR('',#6114);
#6111=FILL_AREA_STYLE_COLOUR('',#6114);
#6112=FILL_AREA_STYLE_COLOUR('',#6114);
#6113=FILL_AREA_STYLE_COLOUR('',#6117);
#6114=COLOUR_RGB('',0.95686274766922,0.95686274766922,0.898039221763611);
#6115=COLOUR_RGB('',0.32548999786377,0.32548999786377,0.32548999786377);
#6116=COLOUR_RGB('',0.89411801099777,0.87843102216721,0.92549002170563);
#6117=COLOUR_RGB('',0.772549033164978,0.772549033164978,0.772549033164978);
#6118=ADVANCED_FACE('',(#4652),#4917,.F.);
#6119=ADVANCED_FACE('',(#4653),#4918,.F.);
#6120=ADVANCED_FACE('',(#4654),#4919,.F.);
#6121=ADVANCED_FACE('',(#4655),#4920,.F.);
#6122=ADVANCED_FACE('',(#4656),#4921,.F.);
#6123=ADVANCED_FACE('',(#4657),#4922,.F.);
#6124=ADVANCED_FACE('',(#4658),#4923,.F.);
#6125=ADVANCED_FACE('',(#4659),#4924,.F.);
#6126=ADVANCED_FACE('',(#4660),#4925,.F.);
#6127=ADVANCED_FACE('',(#4661),#4926,.F.);
#6128=ADVANCED_FACE('',(#4662),#4927,.F.);
#6129=ADVANCED_FACE('',(#4663),#4928,.F.);
#6130=ADVANCED_FACE('',(#4664),#4929,.F.);
#6131=ADVANCED_FACE('',(#4665),#4930,.F.);
#6132=ADVANCED_FACE('',(#4666),#4931,.F.);
#6133=ADVANCED_FACE('',(#4667),#4932,.F.);
#6134=ADVANCED_FACE('',(#4668),#4933,.F.);
#6135=ADVANCED_FACE('',(#4669),#4934,.F.);
#6136=ADVANCED_FACE('',(#4670),#4935,.F.);
#6137=ADVANCED_FACE('',(#4671),#4936,.F.);
#6138=ADVANCED_FACE('',(#4672),#4937,.F.);
#6139=ADVANCED_FACE('',(#4673),#4938,.T.);
#6140=ADVANCED_FACE('',(#4674),#4939,.T.);
#6141=ADVANCED_FACE('',(#4675),#4940,.T.);
#6142=ADVANCED_FACE('',(#4676),#4941,.T.);
#6143=ADVANCED_FACE('',(#4677),#4942,.T.);
#6144=ADVANCED_FACE('',(#4678),#4943,.T.);
#6145=ADVANCED_FACE('',(#4679),#4944,.F.);
#6146=ADVANCED_FACE('',(#4680),#4945,.F.);
#6147=ADVANCED_FACE('',(#4681),#4946,.F.);
#6148=ADVANCED_FACE('',(#4682),#4947,.F.);
#6149=ADVANCED_FACE('',(#4683),#4948,.F.);
#6150=ADVANCED_FACE('',(#4684),#4949,.F.);
#6151=ADVANCED_FACE('',(#4685),#4950,.F.);
#6152=ADVANCED_FACE('',(#4686),#4951,.T.);
#6153=ADVANCED_FACE('',(#4687),#4952,.F.);
#6154=ADVANCED_FACE('',(#4688),#4953,.F.);
#6155=ADVANCED_FACE('',(#4689),#4954,.F.);
#6156=ADVANCED_FACE('',(#4690),#4955,.F.);
#6157=ADVANCED_FACE('',(#4691),#4956,.F.);
#6158=ADVANCED_FACE('',(#4692),#4957,.F.);
#6159=ADVANCED_FACE('',(#4693),#4958,.F.);
#6160=ADVANCED_FACE('',(#4694),#4959,.F.);
#6161=ADVANCED_FACE('',(#4695),#30,.T.);
#6162=ADVANCED_FACE('',(#4696),#31,.T.);
#6163=ADVANCED_FACE('',(#4697),#4960,.F.);
#6164=ADVANCED_FACE('',(#4698),#4961,.F.);
#6165=ADVANCED_FACE('',(#4699),#4962,.T.);
#6166=ADVANCED_FACE('',(#4700),#4963,.F.);
#6167=ADVANCED_FACE('',(#4701),#4964,.F.);
#6168=ADVANCED_FACE('',(#4702),#4965,.F.);
#6169=ADVANCED_FACE('',(#4703),#4966,.F.);
#6170=ADVANCED_FACE('',(#4704),#4967,.F.);
#6171=ADVANCED_FACE('',(#4705),#4968,.T.);
#6172=ADVANCED_FACE('',(#4706),#4969,.F.);
#6173=ADVANCED_FACE('',(#4707),#4970,.F.);
#6174=ADVANCED_FACE('',(#4708),#4971,.F.);
#6175=ADVANCED_FACE('',(#4709),#4972,.F.);
#6176=ADVANCED_FACE('',(#4710),#4973,.F.);
#6177=ADVANCED_FACE('',(#4711),#4974,.F.);
#6178=ADVANCED_FACE('',(#4712),#4975,.T.);
#6179=ADVANCED_FACE('',(#4713),#4976,.F.);
#6180=ADVANCED_FACE('',(#4714),#4977,.T.);
#6181=ADVANCED_FACE('',(#4715),#4978,.T.);
#6182=ADVANCED_FACE('',(#4716),#4979,.T.);
#6183=ADVANCED_FACE('',(#4717),#4980,.T.);
#6184=ADVANCED_FACE('',(#4718),#4981,.T.);
#6185=ADVANCED_FACE('',(#4719),#4982,.T.);
#6186=ADVANCED_FACE('',(#4720),#4983,.T.);
#6187=ADVANCED_FACE('',(#4721),#4984,.T.);
#6188=ADVANCED_FACE('',(#4722),#4985,.F.);
#6189=ADVANCED_FACE('',(#4723),#4986,.F.);
#6190=ADVANCED_FACE('',(#4724),#4987,.F.);
#6191=ADVANCED_FACE('',(#4725),#4988,.T.);
#6192=ADVANCED_FACE('',(#4726),#4989,.F.);
#6193=ADVANCED_FACE('',(#4727),#4990,.T.);
#6194=ADVANCED_FACE('',(#4728),#4991,.T.);
#6195=ADVANCED_FACE('',(#4729),#4992,.T.);
#6196=ADVANCED_FACE('',(#4730),#4993,.T.);
#6197=ADVANCED_FACE('',(#4731),#4994,.T.);
#6198=ADVANCED_FACE('',(#4732),#4995,.T.);
#6199=ADVANCED_FACE('',(#4733),#4996,.T.);
#6200=ADVANCED_FACE('',(#4734),#4997,.T.);
#6201=ADVANCED_FACE('',(#4735),#4998,.T.);
#6202=ADVANCED_FACE('',(#4736),#4999,.T.);
#6203=ADVANCED_FACE('',(#4737),#5000,.T.);
#6204=ADVANCED_FACE('',(#4738),#5001,.T.);
#6205=ADVANCED_FACE('',(#4739),#5002,.T.);
#6206=ADVANCED_FACE('',(#4740),#5003,.F.);
#6207=ADVANCED_FACE('',(#4741),#5004,.T.);
#6208=ADVANCED_FACE('',(#4742),#5005,.F.);
#6209=ADVANCED_FACE('',(#4743),#5006,.T.);
#6210=ADVANCED_FACE('',(#4744),#5007,.F.);
#6211=ADVANCED_FACE('',(#4745),#5008,.T.);
#6212=ADVANCED_FACE('',(#4746),#5009,.F.);
#6213=ADVANCED_FACE('',(#4747),#5010,.T.);
#6214=ADVANCED_FACE('',(#4748),#5011,.F.);
#6215=ADVANCED_FACE('',(#4749),#5012,.T.);
#6216=ADVANCED_FACE('',(#4750),#5013,.F.);
#6217=ADVANCED_FACE('',(#4751),#5014,.T.);
#6218=ADVANCED_FACE('',(#4752),#5015,.F.);
#6219=ADVANCED_FACE('',(#4753),#5016,.T.);
#6220=ADVANCED_FACE('',(#4754),#5017,.F.);
#6221=ADVANCED_FACE('',(#4755),#5018,.T.);
#6222=ADVANCED_FACE('',(#4756),#5019,.F.);
#6223=ADVANCED_FACE('',(#4757),#5020,.T.);
#6224=ADVANCED_FACE('',(#4758),#5021,.F.);
#6225=ADVANCED_FACE('',(#4759),#5022,.T.);
#6226=ADVANCED_FACE('',(#4760),#5023,.F.);
#6227=ADVANCED_FACE('',(#4761),#5024,.T.);
#6228=ADVANCED_FACE('',(#4762),#5025,.F.);
#6229=ADVANCED_FACE('',(#4763),#5026,.F.);
#6230=ADVANCED_FACE('',(#4764),#5027,.F.);
#6231=ADVANCED_FACE('',(#4765),#5028,.F.);
#6232=ADVANCED_FACE('',(#4766),#5029,.T.);
#6233=ADVANCED_FACE('',(#4767),#5030,.F.);
#6234=ADVANCED_FACE('',(#4768),#5031,.F.);
#6235=ADVANCED_FACE('',(#4769),#5032,.F.);
#6236=ADVANCED_FACE('',(#4770),#5033,.T.);
#6237=ADVANCED_FACE('',(#4771),#5034,.F.);
#6238=ADVANCED_FACE('',(#4772),#5035,.F.);
#6239=ADVANCED_FACE('',(#4773),#5036,.F.);
#6240=ADVANCED_FACE('',(#4774),#5037,.T.);
#6241=ADVANCED_FACE('',(#4775),#5038,.F.);
#6242=ADVANCED_FACE('',(#4776),#5039,.F.);
#6243=ADVANCED_FACE('',(#4777),#5040,.F.);
#6244=ADVANCED_FACE('',(#4778),#5041,.T.);
#6245=ADVANCED_FACE('',(#4779),#5042,.F.);
#6246=ADVANCED_FACE('',(#4780),#5043,.F.);
#6247=ADVANCED_FACE('',(#4781),#5044,.F.);
#6248=ADVANCED_FACE('',(#4782),#5045,.T.);
#6249=ADVANCED_FACE('',(#4783),#5046,.T.);
#6250=ADVANCED_FACE('',(#4784),#5047,.F.);
#6251=ADVANCED_FACE('',(#4785),#5048,.F.);
#6252=ADVANCED_FACE('',(#4786),#5049,.F.);
#6253=ADVANCED_FACE('',(#4787),#5050,.F.);
#6254=ADVANCED_FACE('',(#4788),#5051,.F.);
#6255=ADVANCED_FACE('',(#4789),#5052,.T.);
#6256=ADVANCED_FACE('',(#4790),#5053,.F.);
#6257=ADVANCED_FACE('',(#4791),#5054,.F.);
#6258=ADVANCED_FACE('',(#4792),#5055,.F.);
#6259=ADVANCED_FACE('',(#4793),#5056,.F.);
#6260=ADVANCED_FACE('',(#4794),#5057,.F.);
#6261=ADVANCED_FACE('',(#4795),#5058,.F.);
#6262=ADVANCED_FACE('',(#4796),#5059,.F.);
#6263=ADVANCED_FACE('',(#4797),#5060,.F.);
#6264=ADVANCED_FACE('',(#4798),#5061,.F.);
#6265=ADVANCED_FACE('',(#4799),#5062,.F.);
#6266=ADVANCED_FACE('',(#4800),#5063,.F.);
#6267=ADVANCED_FACE('',(#4801),#5064,.F.);
#6268=ADVANCED_FACE('',(#4802),#5065,.F.);
#6269=ADVANCED_FACE('',(#4803),#5066,.F.);
#6270=ADVANCED_FACE('',(#4804),#5067,.F.);
#6271=ADVANCED_FACE('',(#4805),#5068,.F.);
#6272=ADVANCED_FACE('',(#4806),#5069,.F.);
#6273=ADVANCED_FACE('',(#4807),#5070,.F.);
#6274=ADVANCED_FACE('',(#4808),#5071,.F.);
#6275=ADVANCED_FACE('',(#4809),#5072,.F.);
#6276=ADVANCED_FACE('',(#4810),#5073,.F.);
#6277=ADVANCED_FACE('',(#4811),#32,.T.);
#6278=ADVANCED_FACE('',(#4812),#33,.T.);
#6279=ADVANCED_FACE('',(#4813),#34,.T.);
#6280=ADVANCED_FACE('',(#4814),#35,.T.);
#6281=ADVANCED_FACE('',(#4815),#36,.T.);
#6282=ADVANCED_FACE('',(#4816),#37,.T.);
#6283=ADVANCED_FACE('',(#4817),#5074,.F.);
#6284=ADVANCED_FACE('',(#4818),#5075,.F.);
#6285=ADVANCED_FACE('',(#4819),#5076,.F.);
#6286=ADVANCED_FACE('',(#4820),#5077,.F.);
#6287=ADVANCED_FACE('',(#4821),#5078,.F.);
#6288=ADVANCED_FACE('',(#4822),#5079,.F.);
#6289=ADVANCED_FACE('',(#4823),#5080,.F.);
#6290=ADVANCED_FACE('',(#4824),#5081,.F.);
#6291=ADVANCED_FACE('',(#4825),#5082,.F.);
#6292=ADVANCED_FACE('',(#4826),#5083,.F.);
#6293=ADVANCED_FACE('',(#4827),#5084,.F.);
#6294=ADVANCED_FACE('',(#4828),#5085,.F.);
#6295=ADVANCED_FACE('',(#4829),#5086,.F.);
#6296=ADVANCED_FACE('',(#4830),#5087,.F.);
#6297=ADVANCED_FACE('',(#4831),#5088,.F.);
#6298=ADVANCED_FACE('',(#4832),#5089,.F.);
#6299=ADVANCED_FACE('',(#4833),#5090,.F.);
#6300=ADVANCED_FACE('',(#4834),#5091,.F.);
#6301=ADVANCED_FACE('',(#4835),#38,.T.);
#6302=ADVANCED_FACE('',(#4836),#39,.T.);
#6303=ADVANCED_FACE('',(#4837),#40,.T.);
#6304=ADVANCED_FACE('',(#4838),#41,.T.);
#6305=ADVANCED_FACE('',(#4839),#42,.T.);
#6306=ADVANCED_FACE('',(#4840),#43,.T.);
#6307=ADVANCED_FACE('',(#4841),#5092,.F.);
#6308=ADVANCED_FACE('',(#4842),#5093,.F.);
#6309=ADVANCED_FACE('',(#4843),#5094,.F.);
#6310=ADVANCED_FACE('',(#4844),#5095,.F.);
#6311=ADVANCED_FACE('',(#4845),#5096,.F.);
#6312=ADVANCED_FACE('',(#4846),#5097,.F.);
#6313=ADVANCED_FACE('',(#4847),#5098,.F.);
#6314=ADVANCED_FACE('',(#4848),#5099,.F.);
#6315=ADVANCED_FACE('',(#4849),#5100,.F.);
#6316=ADVANCED_FACE('',(#4850),#5101,.F.);
#6317=ADVANCED_FACE('',(#4851),#5102,.F.);
#6318=ADVANCED_FACE('',(#4852),#5103,.F.);
#6319=ADVANCED_FACE('',(#4853),#44,.T.);
#6320=ADVANCED_FACE('',(#4854),#45,.T.);
#6321=ADVANCED_FACE('',(#4855),#46,.T.);
#6322=ADVANCED_FACE('',(#4856),#47,.T.);
#6323=ADVANCED_FACE('',(#4857),#48,.T.);
#6324=ADVANCED_FACE('',(#4858),#49,.T.);
#6325=ADVANCED_FACE('',(#4859),#5104,.F.);
#6326=ADVANCED_FACE('',(#4860),#5105,.T.);
#6327=ADVANCED_FACE('',(#4861),#5106,.T.);
#6328=ADVANCED_FACE('',(#4862),#5107,.T.);
#6329=ADVANCED_FACE('',(#4863),#5108,.T.);
#6330=ADVANCED_FACE('',(#4864),#5109,.T.);
#6331=ADVANCED_FACE('',(#4865),#5110,.T.);
#6332=ADVANCED_FACE('',(#4866),#5111,.T.);
#6333=ADVANCED_FACE('',(#4867),#5112,.T.);
#6334=ADVANCED_FACE('',(#4868),#5113,.T.);
#6335=ADVANCED_FACE('',(#4869),#5114,.T.);
#6336=ADVANCED_FACE('',(#4870),#5115,.T.);
#6337=ADVANCED_FACE('',(#4871),#5116,.T.);
#6338=ADVANCED_FACE('',(#4872),#5117,.T.);
#6339=ADVANCED_FACE('',(#4873),#5118,.T.);
#6340=ADVANCED_FACE('',(#4874),#5119,.T.);
#6341=ADVANCED_FACE('',(#4875),#5120,.T.);
#6342=ADVANCED_FACE('',(#4876),#5121,.T.);
#6343=ADVANCED_FACE('',(#4877),#5122,.T.);
#6344=ADVANCED_FACE('',(#4878),#5123,.T.);
#6345=ADVANCED_FACE('',(#4879),#5124,.T.);
#6346=ADVANCED_FACE('',(#4880),#5125,.T.);
#6347=ADVANCED_FACE('',(#4881),#5126,.T.);
#6348=ADVANCED_FACE('',(#4882),#5127,.T.);
#6349=ADVANCED_FACE('',(#4883),#5128,.T.);
#6350=ADVANCED_FACE('',(#4884),#5129,.T.);
#6351=ADVANCED_FACE('',(#4885),#5130,.T.);
#6352=ADVANCED_FACE('',(#4886),#5131,.T.);
#6353=ADVANCED_FACE('',(#4887),#5132,.T.);
#6354=ADVANCED_FACE('',(#4888),#5133,.T.);
#6355=ADVANCED_FACE('',(#4889),#5134,.T.);
#6356=ADVANCED_FACE('',(#4890),#5135,.T.);
#6357=ADVANCED_FACE('',(#4891),#5136,.T.);
#6358=ADVANCED_FACE('',(#4892),#5137,.T.);
#6359=ADVANCED_FACE('',(#4893),#5138,.T.);
#6360=ADVANCED_FACE('',(#4894),#5139,.T.);
#6361=ADVANCED_FACE('',(#4895),#5140,.T.);
#6362=ADVANCED_FACE('',(#4896),#5141,.T.);
#6363=ADVANCED_FACE('',(#4897),#5142,.T.);
#6364=ADVANCED_FACE('',(#4898),#5143,.T.);
#6365=ADVANCED_FACE('',(#4899),#5144,.T.);
#6366=ADVANCED_FACE('',(#4900),#5145,.T.);
#6367=ADVANCED_FACE('',(#4901),#5146,.T.);
#6368=ADVANCED_FACE('',(#4902),#5147,.T.);
#6369=ADVANCED_FACE('',(#4903),#5148,.T.);
#6370=ADVANCED_FACE('',(#4904),#5149,.T.);
#6371=ADVANCED_FACE('',(#4905),#5150,.T.);
#6372=ADVANCED_FACE('',(#4906),#5151,.T.);
#6373=ADVANCED_FACE('',(#4907),#5152,.T.);
#6374=ADVANCED_FACE('',(#4908),#5153,.T.);
#6375=ADVANCED_FACE('',(#4909),#5154,.T.);
#6376=ADVANCED_FACE('',(#4910),#5155,.T.);
#6377=ADVANCED_FACE('',(#4911),#5156,.T.);
#6378=ADVANCED_FACE('',(#4912),#5157,.T.);
#6379=ADVANCED_FACE('',(#4913),#5158,.T.);
#6380=ADVANCED_FACE('',(#4914),#5159,.T.);
#6381=ADVANCED_FACE('',(#4915),#5160,.T.);
#6382=ADVANCED_FACE('',(#4916),#5161,.T.);
#6383=CLOSED_SHELL('',(#6118,#6119,#6120,#6121,#6122,#6123,#6124,#6125,
#6126,#6127,#6128,#6129,#6130,#6131,#6132,#6133,#6134,#6135,#6136,#6137,
#6138,#6139,#6140,#6141,#6142,#6143,#6144,#6145,#6146,#6147,#6148,#6149,
#6150,#6151,#6152,#6153,#6154,#6155,#6156,#6157,#6158,#6159,#6160,#6161,
#6162,#6163,#6164,#6165,#6166,#6167,#6168,#6169,#6170,#6171,#6172,#6173,
#6174,#6175,#6176,#6177,#6178,#6179,#6180,#6181,#6182,#6183,#6184,#6185,
#6186,#6187,#6188,#6189,#6190,#6191,#6192,#6193,#6194,#6195,#6196,#6197,
#6198,#6199,#6200,#6201,#6202,#6203,#6204,#6205,#6206,#6207,#6208,#6209,
#6210,#6211,#6212,#6213,#6214,#6215,#6216,#6217,#6218,#6219,#6220,#6221,
#6222,#6223,#6224,#6225,#6226,#6227,#6228,#6229,#6230,#6231,#6232,#6233,
#6234,#6235,#6236,#6237,#6238,#6239,#6240,#6241,#6242,#6243,#6244,#6245,
#6246,#6247,#6248,#6249,#6250,#6251,#6252));
#6384=CLOSED_SHELL('',(#6253,#6254,#6255,#6256,#6257,#6258,#6259,#6260,
#6261,#6262,#6263,#6264,#6265,#6266,#6267,#6268,#6269,#6270,#6271,#6272,
#6273,#6274,#6275,#6276,#6277,#6278,#6279,#6280,#6281,#6282,#6283,#6284,
#6285,#6286,#6287,#6288,#6289,#6290,#6291,#6292,#6293,#6294,#6295,#6296,
#6297,#6298,#6299,#6300,#6301,#6302,#6303,#6304,#6305,#6306,#6307,#6308,
#6309,#6310,#6311,#6312,#6313,#6314,#6315,#6316,#6317,#6318,#6319,#6320,
#6321,#6322,#6323,#6324,#6325,#6326,#6327,#6328,#6329,#6330,#6331,#6332,
#6333,#6334,#6335,#6336,#6337,#6338,#6339,#6340,#6341,#6342,#6343,#6344,
#6345,#6346,#6347,#6348,#6349,#6350,#6351,#6352,#6353,#6354,#6355,#6356,
#6357,#6358,#6359,#6360,#6361,#6362,#6363,#6364,#6365,#6366,#6367,#6368,
#6369,#6370,#6371,#6372,#6373,#6374,#6375,#6376,#6377,#6378,#6379,#6380,
#6381,#6382));
#6385=MANIFOLD_SOLID_BREP('ZF5S-06-01-WT_socket',#6383);
#6386=MANIFOLD_SOLID_BREP('C-297-06-01_pins',#6384);
#6387=SHAPE_DEFINITION_REPRESENTATION(#9613,#6390);
#6388=SHAPE_DEFINITION_REPRESENTATION(#9614,#6391);
#6389=SHAPE_DEFINITION_REPRESENTATION(#9616,#6392);
#6390=SHAPE_REPRESENTATION('ZF5S-06-01-T-WT',(#6393,#6533,#6700),#9604);
#6391=SHAPE_REPRESENTATION('ZF5S-06-01-WT_socket',(#6393),#9605);
#6392=SHAPE_REPRESENTATION('C-297-06-01_pins',(#6393),#9606);
#6393=AXIS2_PLACEMENT_3D('',#8050,#6701,#6702);
#6394=AXIS2_PLACEMENT_3D('',#8051,#6703,#6704);
#6395=AXIS2_PLACEMENT_3D('',#8060,#6709,#6710);
#6396=AXIS2_PLACEMENT_3D('',#8069,#6715,#6716);
#6397=AXIS2_PLACEMENT_3D('',#8078,#6721,#6722);
#6398=AXIS2_PLACEMENT_3D('',#8087,#6727,#6728);
#6399=AXIS2_PLACEMENT_3D('',#8096,#6733,#6734);
#6400=AXIS2_PLACEMENT_3D('',#8105,#6739,#6740);
#6401=AXIS2_PLACEMENT_3D('',#8120,#6748,#6749);
#6402=AXIS2_PLACEMENT_3D('',#8129,#6754,#6755);
#6403=AXIS2_PLACEMENT_3D('',#8138,#6760,#6761);
#6404=AXIS2_PLACEMENT_3D('',#8147,#6766,#6767);
#6405=AXIS2_PLACEMENT_3D('',#8156,#6772,#6773);
#6406=AXIS2_PLACEMENT_3D('',#8165,#6778,#6779);
#6407=AXIS2_PLACEMENT_3D('',#8180,#6787,#6788);
#6408=AXIS2_PLACEMENT_3D('',#8186,#6792,#6793);
#6409=AXIS2_PLACEMENT_3D('',#8192,#6797,#6798);
#6410=AXIS2_PLACEMENT_3D('',#8198,#6802,#6803);
#6411=AXIS2_PLACEMENT_3D('',#8204,#6807,#6808);
#6412=AXIS2_PLACEMENT_3D('',#8210,#6812,#6813);
#6413=AXIS2_PLACEMENT_3D('',#8216,#6817,#6818);
#6414=AXIS2_PLACEMENT_3D('',#8222,#6822,#6823);
#6415=AXIS2_PLACEMENT_3D('',#8258,#6845,#6846);
#6416=AXIS2_PLACEMENT_3D('',#8267,#6851,#6852);
#6417=AXIS2_PLACEMENT_3D('',#8276,#6857,#6858);
#6418=AXIS2_PLACEMENT_3D('',#8285,#6863,#6864);
#6419=AXIS2_PLACEMENT_3D('',#8294,#6869,#6870);
#6420=AXIS2_PLACEMENT_3D('',#8303,#6875,#6876);
#6421=AXIS2_PLACEMENT_3D('',#8312,#6881,#6882);
#6422=AXIS2_PLACEMENT_3D('',#8318,#6886,#6887);
#6423=AXIS2_PLACEMENT_3D('',#8324,#6891,#6892);
#6424=AXIS2_PLACEMENT_3D('',#8330,#6896,#6897);
#6425=AXIS2_PLACEMENT_3D('',#8336,#6901,#6902);
#6426=AXIS2_PLACEMENT_3D('',#8342,#6906,#6907);
#6427=AXIS2_PLACEMENT_3D('',#8348,#6911,#6912);
#6428=AXIS2_PLACEMENT_3D('',#8354,#6916,#6917);
#6429=AXIS2_PLACEMENT_3D('',#8390,#6939,#6940);
#6430=AXIS2_PLACEMENT_3D('',#8396,#6944,#6945);
#6431=AXIS2_PLACEMENT_3D('',#8402,#6949,#6950);
#6432=AXIS2_PLACEMENT_3D('',#8419,#6959,#6960);
#6433=AXIS2_PLACEMENT_3D('',#8431,#6967,#6968);
#6434=AXIS2_PLACEMENT_3D('',#8432,#6969,#6970);
#6435=AXIS2_PLACEMENT_3D('',#8435,#6972,#6973);
#6436=AXIS2_PLACEMENT_3D('',#8445,#6979,#6980);
#6437=AXIS2_PLACEMENT_3D('',#8451,#6984,#6985);
#6438=AXIS2_PLACEMENT_3D('',#8457,#6989,#6990);
#6439=AXIS2_PLACEMENT_3D('',#8463,#6994,#6995);
#6440=AXIS2_PLACEMENT_3D('',#8464,#6996,#6997);
#6441=AXIS2_PLACEMENT_3D('',#8465,#6998,#6999);
#6442=AXIS2_PLACEMENT_3D('',#8468,#7001,#7002);
#6443=AXIS2_PLACEMENT_3D('',#8469,#7003,#7004);
#6444=AXIS2_PLACEMENT_3D('',#8471,#7006,#7007);
#6445=AXIS2_PLACEMENT_3D('',#8475,#7010,#7011);
#6446=AXIS2_PLACEMENT_3D('',#8478,#7014,#7015);
#6447=AXIS2_PLACEMENT_3D('',#8484,#7019,#7020);
#6448=AXIS2_PLACEMENT_3D('',#8493,#7025,#7026);
#6449=AXIS2_PLACEMENT_3D('',#8498,#7030,#7031);
#6450=AXIS2_PLACEMENT_3D('',#8502,#7034,#7035);
#6451=AXIS2_PLACEMENT_3D('',#8505,#7038,#7039);
#6452=AXIS2_PLACEMENT_3D('',#8506,#7040,#7041);
#6453=AXIS2_PLACEMENT_3D('',#8507,#7042,#7043);
#6454=AXIS2_PLACEMENT_3D('',#8513,#7047,#7048);
#6455=AXIS2_PLACEMENT_3D('',#8522,#7053,#7054);
#6456=AXIS2_PLACEMENT_3D('',#8527,#7058,#7059);
#6457=AXIS2_PLACEMENT_3D('',#8531,#7062,#7063);
#6458=AXIS2_PLACEMENT_3D('',#8534,#7066,#7067);
#6459=AXIS2_PLACEMENT_3D('',#8535,#7068,#7069);
#6460=AXIS2_PLACEMENT_3D('',#8536,#7070,#7071);
#6461=AXIS2_PLACEMENT_3D('',#8542,#7075,#7076);
#6462=AXIS2_PLACEMENT_3D('',#8551,#7082,#7083);
#6463=AXIS2_PLACEMENT_3D('',#8555,#7086,#7087);
#6464=AXIS2_PLACEMENT_3D('',#8559,#7090,#7091);
#6465=AXIS2_PLACEMENT_3D('',#8561,#7093,#7094);
#6466=AXIS2_PLACEMENT_3D('',#8565,#7097,#7098);
#6467=AXIS2_PLACEMENT_3D('',#8567,#7100,#7101);
#6468=AXIS2_PLACEMENT_3D('',#8568,#7102,#7103);
#6469=AXIS2_PLACEMENT_3D('',#8577,#7108,#7109);
#6470=AXIS2_PLACEMENT_3D('',#8610,#7130,#7131);
#6471=AXIS2_PLACEMENT_3D('',#8643,#7152,#7153);
#6472=AXIS2_PLACEMENT_3D('',#8644,#7154,#7155);
#6473=AXIS2_PLACEMENT_3D('',#8645,#7156,#7157);
#6474=AXIS2_PLACEMENT_3D('',#8652,#7162,#7163);
#6475=AXIS2_PLACEMENT_3D('',#8659,#7168,#7169);
#6476=AXIS2_PLACEMENT_3D('',#8666,#7174,#7175);
#6477=AXIS2_PLACEMENT_3D('',#8673,#7180,#7181);
#6478=AXIS2_PLACEMENT_3D('',#8680,#7186,#7187);
#6479=AXIS2_PLACEMENT_3D('',#8687,#7192,#7193);
#6480=AXIS2_PLACEMENT_3D('',#8694,#7198,#7199);
#6481=AXIS2_PLACEMENT_3D('',#8701,#7204,#7205);
#6482=AXIS2_PLACEMENT_3D('',#8708,#7210,#7211);
#6483=AXIS2_PLACEMENT_3D('',#8715,#7216,#7217);
#6484=AXIS2_PLACEMENT_3D('',#8722,#7222,#7223);
#6485=AXIS2_PLACEMENT_3D('',#8729,#7228,#7229);
#6486=AXIS2_PLACEMENT_3D('',#8731,#7231,#7232);
#6487=AXIS2_PLACEMENT_3D('',#8732,#7233,#7234);
#6488=AXIS2_PLACEMENT_3D('',#8734,#7236,#7237);
#6489=AXIS2_PLACEMENT_3D('',#8735,#7238,#7239);
#6490=AXIS2_PLACEMENT_3D('',#8737,#7241,#7242);
#6491=AXIS2_PLACEMENT_3D('',#8738,#7243,#7244);
#6492=AXIS2_PLACEMENT_3D('',#8740,#7246,#7247);
#6493=AXIS2_PLACEMENT_3D('',#8741,#7248,#7249);
#6494=AXIS2_PLACEMENT_3D('',#8743,#7251,#7252);
#6495=AXIS2_PLACEMENT_3D('',#8744,#7253,#7254);
#6496=AXIS2_PLACEMENT_3D('',#8746,#7256,#7257);
#6497=AXIS2_PLACEMENT_3D('',#8747,#7258,#7259);
#6498=AXIS2_PLACEMENT_3D('',#8749,#7261,#7262);
#6499=AXIS2_PLACEMENT_3D('',#8750,#7263,#7264);
#6500=AXIS2_PLACEMENT_3D('',#8752,#7266,#7267);
#6501=AXIS2_PLACEMENT_3D('',#8753,#7268,#7269);
#6502=AXIS2_PLACEMENT_3D('',#8755,#7271,#7272);
#6503=AXIS2_PLACEMENT_3D('',#8756,#7273,#7274);
#6504=AXIS2_PLACEMENT_3D('',#8758,#7276,#7277);
#6505=AXIS2_PLACEMENT_3D('',#8759,#7278,#7279);
#6506=AXIS2_PLACEMENT_3D('',#8761,#7281,#7282);
#6507=AXIS2_PLACEMENT_3D('',#8762,#7283,#7284);
#6508=AXIS2_PLACEMENT_3D('',#8764,#7286,#7287);
#6509=AXIS2_PLACEMENT_3D('',#8765,#7288,#7289);
#6510=AXIS2_PLACEMENT_3D('',#8771,#7293,#7294);
#6511=AXIS2_PLACEMENT_3D('',#8773,#7296,#7297);
#6512=AXIS2_PLACEMENT_3D('',#8775,#7299,#7300);
#6513=AXIS2_PLACEMENT_3D('',#8776,#7301,#7302);
#6514=AXIS2_PLACEMENT_3D('',#8780,#7305,#7306);
#6515=AXIS2_PLACEMENT_3D('',#8784,#7309,#7310);
#6516=AXIS2_PLACEMENT_3D('',#8786,#7312,#7313);
#6517=AXIS2_PLACEMENT_3D('',#8787,#7314,#7315);
#6518=AXIS2_PLACEMENT_3D('',#8791,#7318,#7319);
#6519=AXIS2_PLACEMENT_3D('',#8795,#7322,#7323);
#6520=AXIS2_PLACEMENT_3D('',#8797,#7325,#7326);
#6521=AXIS2_PLACEMENT_3D('',#8798,#7327,#7328);
#6522=AXIS2_PLACEMENT_3D('',#8802,#7331,#7332);
#6523=AXIS2_PLACEMENT_3D('',#8806,#7335,#7336);
#6524=AXIS2_PLACEMENT_3D('',#8808,#7338,#7339);
#6525=AXIS2_PLACEMENT_3D('',#8809,#7340,#7341);
#6526=AXIS2_PLACEMENT_3D('',#8813,#7344,#7345);
#6527=AXIS2_PLACEMENT_3D('',#8817,#7348,#7349);
#6528=AXIS2_PLACEMENT_3D('',#8819,#7351,#7352);
#6529=AXIS2_PLACEMENT_3D('',#8820,#7353,#7354);
#6530=AXIS2_PLACEMENT_3D('',#8826,#7358,#7359);
#6531=AXIS2_PLACEMENT_3D('',#8828,#7361,#7362);
#6532=AXIS2_PLACEMENT_3D('',#8830,#7364,#7365);
#6533=AXIS2_PLACEMENT_3D('',#8831,#7366,#7367);
#6534=AXIS2_PLACEMENT_3D('',#8832,#7368,#7369);
#6535=AXIS2_PLACEMENT_3D('',#8937,#7422,#7423);
#6536=AXIS2_PLACEMENT_3D('',#9042,#7476,#7477);
#6537=AXIS2_PLACEMENT_3D('',#9053,#7484,#7485);
#6538=AXIS2_PLACEMENT_3D('',#9064,#7492,#7493);
#6539=AXIS2_PLACEMENT_3D('',#9070,#7497,#7498);
#6540=AXIS2_PLACEMENT_3D('',#9076,#7502,#7503);
#6541=AXIS2_PLACEMENT_3D('',#9082,#7507,#7508);
#6542=AXIS2_PLACEMENT_3D('',#9088,#7512,#7513);
#6543=AXIS2_PLACEMENT_3D('',#9094,#7517,#7518);
#6544=AXIS2_PLACEMENT_3D('',#9100,#7522,#7523);
#6545=AXIS2_PLACEMENT_3D('',#9106,#7527,#7528);
#6546=AXIS2_PLACEMENT_3D('',#9112,#7532,#7533);
#6547=AXIS2_PLACEMENT_3D('',#9118,#7537,#7538);
#6548=AXIS2_PLACEMENT_3D('',#9124,#7542,#7543);
#6549=AXIS2_PLACEMENT_3D('',#9130,#7547,#7548);
#6550=AXIS2_PLACEMENT_3D('',#9136,#7552,#7553);
#6551=AXIS2_PLACEMENT_3D('',#9169,#7574,#7575);
#6552=AXIS2_PLACEMENT_3D('',#9220,#7602,#7603);
#6553=AXIS2_PLACEMENT_3D('',#9226,#7607,#7608);
#6554=AXIS2_PLACEMENT_3D('',#9232,#7612,#7613);
#6555=AXIS2_PLACEMENT_3D('',#9238,#7617,#7618);
#6556=AXIS2_PLACEMENT_3D('',#9244,#7622,#7623);
#6557=AXIS2_PLACEMENT_3D('',#9250,#7627,#7628);
#6558=AXIS2_PLACEMENT_3D('',#9256,#7632,#7633);
#6559=AXIS2_PLACEMENT_3D('',#9257,#7634,#7635);
#6560=AXIS2_PLACEMENT_3D('',#9258,#7636,#7637);
#6561=AXIS2_PLACEMENT_3D('',#9259,#7638,#7639);
#6562=AXIS2_PLACEMENT_3D('',#9260,#7640,#7641);
#6563=AXIS2_PLACEMENT_3D('',#9261,#7642,#7643);
#6564=AXIS2_PLACEMENT_3D('',#9262,#7644,#7645);
#6565=AXIS2_PLACEMENT_3D('',#9263,#7646,#7647);
#6566=AXIS2_PLACEMENT_3D('',#9264,#7648,#7649);
#6567=AXIS2_PLACEMENT_3D('',#9265,#7650,#7651);
#6568=AXIS2_PLACEMENT_3D('',#9266,#7652,#7653);
#6569=AXIS2_PLACEMENT_3D('',#9267,#7654,#7655);
#6570=AXIS2_PLACEMENT_3D('',#9268,#7656,#7657);
#6571=AXIS2_PLACEMENT_3D('',#9269,#7658,#7659);
#6572=AXIS2_PLACEMENT_3D('',#9270,#7660,#7661);
#6573=AXIS2_PLACEMENT_3D('',#9271,#7662,#7663);
#6574=AXIS2_PLACEMENT_3D('',#9272,#7664,#7665);
#6575=AXIS2_PLACEMENT_3D('',#9273,#7666,#7667);
#6576=AXIS2_PLACEMENT_3D('',#9274,#7668,#7669);
#6577=AXIS2_PLACEMENT_3D('',#9280,#7673,#7674);
#6578=AXIS2_PLACEMENT_3D('',#9286,#7678,#7679);
#6579=AXIS2_PLACEMENT_3D('',#9292,#7683,#7684);
#6580=AXIS2_PLACEMENT_3D('',#9298,#7688,#7689);
#6581=AXIS2_PLACEMENT_3D('',#9304,#7693,#7694);
#6582=AXIS2_PLACEMENT_3D('',#9310,#7698,#7699);
#6583=AXIS2_PLACEMENT_3D('',#9316,#7703,#7704);
#6584=AXIS2_PLACEMENT_3D('',#9322,#7708,#7709);
#6585=AXIS2_PLACEMENT_3D('',#9328,#7713,#7714);
#6586=AXIS2_PLACEMENT_3D('',#9334,#7718,#7719);
#6587=AXIS2_PLACEMENT_3D('',#9340,#7723,#7724);
#6588=AXIS2_PLACEMENT_3D('',#9346,#7728,#7729);
#6589=AXIS2_PLACEMENT_3D('',#9352,#7733,#7734);
#6590=AXIS2_PLACEMENT_3D('',#9358,#7738,#7739);
#6591=AXIS2_PLACEMENT_3D('',#9364,#7743,#7744);
#6592=AXIS2_PLACEMENT_3D('',#9370,#7748,#7749);
#6593=AXIS2_PLACEMENT_3D('',#9376,#7753,#7754);
#6594=AXIS2_PLACEMENT_3D('',#9382,#7758,#7759);
#6595=AXIS2_PLACEMENT_3D('',#9383,#7760,#7761);
#6596=AXIS2_PLACEMENT_3D('',#9387,#7763,#7764);
#6597=AXIS2_PLACEMENT_3D('',#9388,#7765,#7766);
#6598=AXIS2_PLACEMENT_3D('',#9389,#7767,#7768);
#6599=AXIS2_PLACEMENT_3D('',#9393,#7770,#7771);
#6600=AXIS2_PLACEMENT_3D('',#9394,#7772,#7773);
#6601=AXIS2_PLACEMENT_3D('',#9395,#7774,#7775);
#6602=AXIS2_PLACEMENT_3D('',#9399,#7777,#7778);
#6603=AXIS2_PLACEMENT_3D('',#9400,#7779,#7780);
#6604=AXIS2_PLACEMENT_3D('',#9401,#7781,#7782);
#6605=AXIS2_PLACEMENT_3D('',#9405,#7784,#7785);
#6606=AXIS2_PLACEMENT_3D('',#9406,#7786,#7787);
#6607=AXIS2_PLACEMENT_3D('',#9407,#7788,#7789);
#6608=AXIS2_PLACEMENT_3D('',#9411,#7791,#7792);
#6609=AXIS2_PLACEMENT_3D('',#9412,#7793,#7794);
#6610=AXIS2_PLACEMENT_3D('',#9413,#7795,#7796);
#6611=AXIS2_PLACEMENT_3D('',#9417,#7798,#7799);
#6612=AXIS2_PLACEMENT_3D('',#9418,#7800,#7801);
#6613=AXIS2_PLACEMENT_3D('',#9424,#7805,#7806);
#6614=AXIS2_PLACEMENT_3D('',#9430,#7810,#7811);
#6615=AXIS2_PLACEMENT_3D('',#9436,#7815,#7816);
#6616=AXIS2_PLACEMENT_3D('',#9442,#7820,#7821);
#6617=AXIS2_PLACEMENT_3D('',#9448,#7825,#7826);
#6618=AXIS2_PLACEMENT_3D('',#9454,#7830,#7831);
#6619=AXIS2_PLACEMENT_3D('',#9460,#7835,#7836);
#6620=AXIS2_PLACEMENT_3D('',#9466,#7840,#7841);
#6621=AXIS2_PLACEMENT_3D('',#9472,#7845,#7846);
#6622=AXIS2_PLACEMENT_3D('',#9478,#7850,#7851);
#6623=AXIS2_PLACEMENT_3D('',#9484,#7855,#7856);
#6624=AXIS2_PLACEMENT_3D('',#9490,#7860,#7861);
#6625=AXIS2_PLACEMENT_3D('',#9491,#7862,#7863);
#6626=AXIS2_PLACEMENT_3D('',#9492,#7864,#7865);
#6627=AXIS2_PLACEMENT_3D('',#9493,#7866,#7867);
#6628=AXIS2_PLACEMENT_3D('',#9494,#7868,#7869);
#6629=AXIS2_PLACEMENT_3D('',#9495,#7870,#7871);
#6630=AXIS2_PLACEMENT_3D('',#9496,#7872,#7873);
#6631=AXIS2_PLACEMENT_3D('',#9497,#7874,#7875);
#6632=AXIS2_PLACEMENT_3D('',#9498,#7876,#7877);
#6633=AXIS2_PLACEMENT_3D('',#9499,#7878,#7879);
#6634=AXIS2_PLACEMENT_3D('',#9500,#7880,#7881);
#6635=AXIS2_PLACEMENT_3D('',#9501,#7882,#7883);
#6636=AXIS2_PLACEMENT_3D('',#9502,#7884,#7885);
#6637=AXIS2_PLACEMENT_3D('',#9503,#7886,#7887);
#6638=AXIS2_PLACEMENT_3D('',#9504,#7888,#7889);
#6639=AXIS2_PLACEMENT_3D('',#9505,#7890,#7891);
#6640=AXIS2_PLACEMENT_3D('',#9506,#7892,#7893);
#6641=AXIS2_PLACEMENT_3D('',#9507,#7894,#7895);
#6642=AXIS2_PLACEMENT_3D('',#9508,#7896,#7897);
#6643=AXIS2_PLACEMENT_3D('',#9509,#7898,#7899);
#6644=AXIS2_PLACEMENT_3D('',#9511,#7901,#7902);
#6645=AXIS2_PLACEMENT_3D('',#9512,#7903,#7904);
#6646=AXIS2_PLACEMENT_3D('',#9514,#7906,#7907);
#6647=AXIS2_PLACEMENT_3D('',#9515,#7908,#7909);
#6648=AXIS2_PLACEMENT_3D('',#9517,#7911,#7912);
#6649=AXIS2_PLACEMENT_3D('',#9519,#7914,#7915);
#6650=AXIS2_PLACEMENT_3D('',#9520,#7916,#7917);
#6651=AXIS2_PLACEMENT_3D('',#9522,#7919,#7920);
#6652=AXIS2_PLACEMENT_3D('',#9524,#7922,#7923);
#6653=AXIS2_PLACEMENT_3D('',#9525,#7924,#7925);
#6654=AXIS2_PLACEMENT_3D('',#9527,#7927,#7928);
#6655=AXIS2_PLACEMENT_3D('',#9529,#7930,#7931);
#6656=AXIS2_PLACEMENT_3D('',#9530,#7932,#7933);
#6657=AXIS2_PLACEMENT_3D('',#9532,#7935,#7936);
#6658=AXIS2_PLACEMENT_3D('',#9534,#7938,#7939);
#6659=AXIS2_PLACEMENT_3D('',#9535,#7940,#7941);
#6660=AXIS2_PLACEMENT_3D('',#9537,#7943,#7944);
#6661=AXIS2_PLACEMENT_3D('',#9539,#7946,#7947);
#6662=AXIS2_PLACEMENT_3D('',#9540,#7948,#7949);
#6663=AXIS2_PLACEMENT_3D('',#9542,#7951,#7952);
#6664=AXIS2_PLACEMENT_3D('',#9543,#7953,#7954);
#6665=AXIS2_PLACEMENT_3D('',#9545,#7956,#7957);
#6666=AXIS2_PLACEMENT_3D('',#9547,#7959,#7960);
#6667=AXIS2_PLACEMENT_3D('',#9548,#7961,#7962);
#6668=AXIS2_PLACEMENT_3D('',#9550,#7964,#7965);
#6669=AXIS2_PLACEMENT_3D('',#9552,#7967,#7968);
#6670=AXIS2_PLACEMENT_3D('',#9553,#7969,#7970);
#6671=AXIS2_PLACEMENT_3D('',#9555,#7972,#7973);
#6672=AXIS2_PLACEMENT_3D('',#9557,#7975,#7976);
#6673=AXIS2_PLACEMENT_3D('',#9558,#7977,#7978);
#6674=AXIS2_PLACEMENT_3D('',#9560,#7980,#7981);
#6675=AXIS2_PLACEMENT_3D('',#9562,#7983,#7984);
#6676=AXIS2_PLACEMENT_3D('',#9563,#7985,#7986);
#6677=AXIS2_PLACEMENT_3D('',#9565,#7988,#7989);
#6678=AXIS2_PLACEMENT_3D('',#9567,#7991,#7992);
#6679=AXIS2_PLACEMENT_3D('',#9568,#7993,#7994);
#6680=AXIS2_PLACEMENT_3D('',#9570,#7996,#7997);
#6681=AXIS2_PLACEMENT_3D('',#9571,#7998,#7999);
#6682=AXIS2_PLACEMENT_3D('',#9573,#8001,#8002);
#6683=AXIS2_PLACEMENT_3D('',#9574,#8003,#8004);
#6684=AXIS2_PLACEMENT_3D('',#9576,#8006,#8007);
#6685=AXIS2_PLACEMENT_3D('',#9578,#8009,#8010);
#6686=AXIS2_PLACEMENT_3D('',#9579,#8011,#8012);
#6687=AXIS2_PLACEMENT_3D('',#9581,#8014,#8015);
#6688=AXIS2_PLACEMENT_3D('',#9583,#8017,#8018);
#6689=AXIS2_PLACEMENT_3D('',#9584,#8019,#8020);
#6690=AXIS2_PLACEMENT_3D('',#9586,#8022,#8023);
#6691=AXIS2_PLACEMENT_3D('',#9588,#8025,#8026);
#6692=AXIS2_PLACEMENT_3D('',#9589,#8027,#8028);
#6693=AXIS2_PLACEMENT_3D('',#9591,#8030,#8031);
#6694=AXIS2_PLACEMENT_3D('',#9593,#8033,#8034);
#6695=AXIS2_PLACEMENT_3D('',#9594,#8035,#8036);
#6696=AXIS2_PLACEMENT_3D('',#9596,#8038,#8039);
#6697=AXIS2_PLACEMENT_3D('',#9598,#8041,#8042);
#6698=AXIS2_PLACEMENT_3D('',#9599,#8043,#8044);
#6699=AXIS2_PLACEMENT_3D('',#9601,#8046,#8047);
#6700=AXIS2_PLACEMENT_3D('',#9602,#8048,#8049);
#6701=DIRECTION('',(0.,0.,1.));
#6702=DIRECTION('',(1.,0.,0.));
#6703=DIRECTION('',(0.,-0.939692620785908,-0.342020143325669));
#6704=DIRECTION('',(0.,0.342020143325669,-0.939692620785908));
#6705=DIRECTION('',(-1.,0.,0.));
#6706=DIRECTION('',(0.,-0.342020143325669,0.939692620785908));
#6707=DIRECTION('',(-1.,0.,0.));
#6708=DIRECTION('',(0.,-0.342020143325669,0.939692620785908));
#6709=DIRECTION('',(0.,-0.939692620785908,-0.342020143325669));
#6710=DIRECTION('',(0.,0.342020143325669,-0.939692620785908));
#6711=DIRECTION('',(-1.,0.,0.));
#6712=DIRECTION('',(0.,0.342020143325669,-0.939692620785908));
#6713=DIRECTION('',(-1.,0.,0.));
#6714=DIRECTION('',(0.,-0.342020143325669,0.939692620785908));
#6715=DIRECTION('',(0.,-0.939692620785908,-0.342020143325669));
#6716=DIRECTION('',(0.,0.342020143325669,-0.939692620785908));
#6717=DIRECTION('',(-1.,0.,0.));
#6718=DIRECTION('',(0.,0.342020143325669,-0.939692620785908));
#6719=DIRECTION('',(-1.,0.,0.));
#6720=DIRECTION('',(0.,-0.342020143325669,0.939692620785908));
#6721=DIRECTION('',(0.,-0.939692620785908,-0.342020143325669));
#6722=DIRECTION('',(0.,0.342020143325669,-0.939692620785908));
#6723=DIRECTION('',(-1.,0.,0.));
#6724=DIRECTION('',(0.,0.342020143325669,-0.939692620785908));
#6725=DIRECTION('',(-1.,0.,0.));
#6726=DIRECTION('',(0.,-0.342020143325669,0.939692620785908));
#6727=DIRECTION('',(0.,-0.939692620785908,-0.342020143325669));
#6728=DIRECTION('',(0.,0.342020143325669,-0.939692620785908));
#6729=DIRECTION('',(-1.,0.,0.));
#6730=DIRECTION('',(0.,0.342020143325669,-0.939692620785908));
#6731=DIRECTION('',(-1.,0.,0.));
#6732=DIRECTION('',(0.,-0.342020143325669,0.939692620785908));
#6733=DIRECTION('',(0.,-0.939692620785908,-0.342020143325669));
#6734=DIRECTION('',(0.,0.342020143325669,-0.939692620785908));
#6735=DIRECTION('',(-1.,0.,0.));
#6736=DIRECTION('',(0.,0.342020143325669,-0.939692620785908));
#6737=DIRECTION('',(-1.,0.,0.));
#6738=DIRECTION('',(0.,-0.342020143325669,0.939692620785908));
#6739=DIRECTION('',(0.,1.,0.));
#6740=DIRECTION('',(0.,0.,1.));
#6741=DIRECTION('',(0.,0.,-1.));
#6742=DIRECTION('',(1.,0.,0.));
#6743=DIRECTION('',(1.,0.,0.));
#6744=DIRECTION('',(-1.90210907453597E-16,0.,-1.));
#6745=DIRECTION('',(1.,0.,5.22507071077351E-17));
#6746=DIRECTION('',(0.,0.,1.));
#6747=DIRECTION('',(-1.,0.,0.));
#6748=DIRECTION('',(0.,1.,0.));
#6749=DIRECTION('',(0.,0.,1.));
#6750=DIRECTION('',(1.,0.,0.));
#6751=DIRECTION('',(0.,0.,1.));
#6752=DIRECTION('',(-1.,0.,0.));
#6753=DIRECTION('',(0.,0.,-1.));
#6754=DIRECTION('',(0.,1.,0.));
#6755=DIRECTION('',(0.,0.,1.));
#6756=DIRECTION('',(1.,0.,0.));
#6757=DIRECTION('',(0.,0.,1.));
#6758=DIRECTION('',(-1.,0.,0.));
#6759=DIRECTION('',(0.,0.,-1.));
#6760=DIRECTION('',(0.,1.,0.));
#6761=DIRECTION('',(0.,0.,1.));
#6762=DIRECTION('',(1.,0.,0.));
#6763=DIRECTION('',(0.,0.,1.));
#6764=DIRECTION('',(-1.,0.,0.));
#6765=DIRECTION('',(0.,0.,-1.));
#6766=DIRECTION('',(0.,1.,0.));
#6767=DIRECTION('',(0.,0.,1.));
#6768=DIRECTION('',(1.,0.,0.));
#6769=DIRECTION('',(0.,0.,1.));
#6770=DIRECTION('',(-1.,0.,0.));
#6771=DIRECTION('',(0.,0.,-1.));
#6772=DIRECTION('',(0.,1.,0.));
#6773=DIRECTION('',(0.,0.,1.));
#6774=DIRECTION('',(1.,0.,0.));
#6775=DIRECTION('',(0.,0.,1.));
#6776=DIRECTION('',(-1.,0.,0.));
#6777=DIRECTION('',(0.,0.,-1.));
#6778=DIRECTION('',(0.,1.,0.));
#6779=DIRECTION('',(0.,0.,1.));
#6780=DIRECTION('',(1.,0.,0.));
#6781=DIRECTION('',(0.,0.,1.));
#6782=DIRECTION('',(-1.,0.,0.));
#6783=DIRECTION('',(0.,0.,-1.));
#6784=DIRECTION('',(1.,0.,5.22507071077351E-17));
#6785=DIRECTION('',(0.,0.,1.));
#6786=DIRECTION('',(1.,0.,0.));
#6787=DIRECTION('',(0.,0.,1.));
#6788=DIRECTION('',(1.,0.,0.));
#6789=DIRECTION('',(0.,1.,0.));
#6790=DIRECTION('',(-1.,0.,0.));
#6791=DIRECTION('',(0.,1.,0.));
#6792=DIRECTION('',(0.,0.,1.));
#6793=DIRECTION('',(1.,0.,0.));
#6794=DIRECTION('',(0.,-1.,0.));
#6795=DIRECTION('',(0.,1.,0.));
#6796=DIRECTION('',(-1.,0.,0.));
#6797=DIRECTION('',(0.,0.,1.));
#6798=DIRECTION('',(1.,0.,0.));
#6799=DIRECTION('',(0.,-1.,0.));
#6800=DIRECTION('',(0.,1.,0.));
#6801=DIRECTION('',(-1.,0.,0.));
#6802=DIRECTION('',(0.,0.,1.));
#6803=DIRECTION('',(1.,0.,0.));
#6804=DIRECTION('',(0.,-1.,0.));
#6805=DIRECTION('',(0.,1.,0.));
#6806=DIRECTION('',(-1.,0.,0.));
#6807=DIRECTION('',(0.,0.,1.));
#6808=DIRECTION('',(1.,0.,0.));
#6809=DIRECTION('',(0.,-1.,0.));
#6810=DIRECTION('',(0.,1.,0.));
#6811=DIRECTION('',(-1.,0.,0.));
#6812=DIRECTION('',(0.,0.,1.));
#6813=DIRECTION('',(1.,0.,0.));
#6814=DIRECTION('',(0.,-1.,0.));
#6815=DIRECTION('',(0.,1.,0.));
#6816=DIRECTION('',(-1.,0.,0.));
#6817=DIRECTION('',(0.,0.,1.));
#6818=DIRECTION('',(1.,0.,0.));
#6819=DIRECTION('',(0.,-1.,0.));
#6820=DIRECTION('',(0.,1.,0.));
#6821=DIRECTION('',(-1.,0.,0.));
#6822=DIRECTION('',(0.,1.,0.));
#6823=DIRECTION('',(0.,0.,1.));
#6824=DIRECTION('',(0.,0.,-1.));
#6825=DIRECTION('',(1.,0.,2.16840434497101E-15));
#6826=DIRECTION('',(0.,0.,-1.));
#6827=DIRECTION('',(0.,0.,-1.));
#6828=DIRECTION('',(1.,0.,0.));
#6829=DIRECTION('',(0.,0.,-1.));
#6830=DIRECTION('',(0.,0.,-1.));
#6831=DIRECTION('',(1.,0.,0.));
#6832=DIRECTION('',(0.,0.,-1.));
#6833=DIRECTION('',(0.,0.,-1.));
#6834=DIRECTION('',(1.,0.,0.));
#6835=DIRECTION('',(0.,0.,-1.));
#6836=DIRECTION('',(0.,0.,-1.));
#6837=DIRECTION('',(1.,0.,0.));
#6838=DIRECTION('',(0.,0.,-1.));
#6839=DIRECTION('',(0.,0.,-1.));
#6840=DIRECTION('',(1.,0.,0.));
#6841=DIRECTION('',(0.,0.,-1.));
#6842=DIRECTION('',(0.,0.,-1.));
#6843=DIRECTION('',(-1.,0.,0.));
#6844=DIRECTION('',(0.,0.,-1.));
#6845=DIRECTION('',(0.,0.,-1.));
#6846=DIRECTION('',(-1.,0.,0.));
#6847=DIRECTION('',(1.,0.,0.));
#6848=DIRECTION('',(0.,-1.,0.));
#6849=DIRECTION('',(1.,0.,0.));
#6850=DIRECTION('',(0.,-1.,0.));
#6851=DIRECTION('',(0.,0.,-1.));
#6852=DIRECTION('',(-1.,0.,0.));
#6853=DIRECTION('',(1.,0.,0.));
#6854=DIRECTION('',(0.,-1.,0.));
#6855=DIRECTION('',(1.,0.,0.));
#6856=DIRECTION('',(0.,-1.,0.));
#6857=DIRECTION('',(0.,0.,-1.));
#6858=DIRECTION('',(-1.,0.,0.));
#6859=DIRECTION('',(1.,0.,0.));
#6860=DIRECTION('',(0.,-1.,0.));
#6861=DIRECTION('',(1.,0.,0.));
#6862=DIRECTION('',(0.,-1.,0.));
#6863=DIRECTION('',(0.,0.,-1.));
#6864=DIRECTION('',(-1.,0.,0.));
#6865=DIRECTION('',(1.,0.,0.));
#6866=DIRECTION('',(0.,-1.,0.));
#6867=DIRECTION('',(1.,0.,0.));
#6868=DIRECTION('',(0.,-1.,0.));
#6869=DIRECTION('',(0.,0.,-1.));
#6870=DIRECTION('',(-1.,0.,0.));
#6871=DIRECTION('',(1.,0.,0.));
#6872=DIRECTION('',(0.,-1.,0.));
#6873=DIRECTION('',(1.,0.,0.));
#6874=DIRECTION('',(0.,-1.,0.));
#6875=DIRECTION('',(0.,0.,-1.));
#6876=DIRECTION('',(-1.,0.,0.));
#6877=DIRECTION('',(1.,0.,0.));
#6878=DIRECTION('',(0.,-1.,0.));
#6879=DIRECTION('',(1.,0.,0.));
#6880=DIRECTION('',(0.,-1.,0.));
#6881=DIRECTION('',(0.,0.,1.));
#6882=DIRECTION('',(1.,0.,0.));
#6883=DIRECTION('',(0.,1.,0.));
#6884=DIRECTION('',(0.,-1.,0.));
#6885=DIRECTION('',(-1.,0.,0.));
#6886=DIRECTION('',(0.,0.,1.));
#6887=DIRECTION('',(1.,0.,0.));
#6888=DIRECTION('',(0.,-1.,0.));
#6889=DIRECTION('',(-1.,0.,0.));
#6890=DIRECTION('',(0.,1.,0.));
#6891=DIRECTION('',(0.,0.,1.));
#6892=DIRECTION('',(1.,0.,0.));
#6893=DIRECTION('',(0.,-1.,0.));
#6894=DIRECTION('',(-1.,0.,0.));
#6895=DIRECTION('',(0.,1.,0.));
#6896=DIRECTION('',(0.,0.,1.));
#6897=DIRECTION('',(1.,0.,0.));
#6898=DIRECTION('',(0.,-1.,0.));
#6899=DIRECTION('',(-1.,0.,0.));
#6900=DIRECTION('',(0.,1.,0.));
#6901=DIRECTION('',(0.,0.,1.));
#6902=DIRECTION('',(1.,0.,0.));
#6903=DIRECTION('',(0.,-1.,0.));
#6904=DIRECTION('',(-1.,0.,0.));
#6905=DIRECTION('',(0.,1.,0.));
#6906=DIRECTION('',(0.,0.,1.));
#6907=DIRECTION('',(1.,0.,0.));
#6908=DIRECTION('',(0.,-1.,0.));
#6909=DIRECTION('',(-1.,0.,0.));
#6910=DIRECTION('',(0.,1.,0.));
#6911=DIRECTION('',(0.,0.,1.));
#6912=DIRECTION('',(1.,0.,0.));
#6913=DIRECTION('',(0.,-1.,0.));
#6914=DIRECTION('',(-1.,0.,0.));
#6915=DIRECTION('',(0.,-1.,0.));
#6916=DIRECTION('',(0.,1.,0.));
#6917=DIRECTION('',(0.,0.,1.));
#6918=DIRECTION('',(1.,0.,2.16840434497102E-15));
#6919=DIRECTION('',(0.,0.,-1.));
#6920=DIRECTION('',(0.,0.,1.));
#6921=DIRECTION('',(1.,0.,5.22507071077351E-17));
#6922=DIRECTION('',(0.,0.,-1.));
#6923=DIRECTION('',(0.,0.,1.));
#6924=DIRECTION('',(1.,0.,0.));
#6925=DIRECTION('',(0.,0.,-1.));
#6926=DIRECTION('',(0.,0.,1.));
#6927=DIRECTION('',(1.,0.,0.));
#6928=DIRECTION('',(0.,0.,-1.));
#6929=DIRECTION('',(0.,0.,1.));
#6930=DIRECTION('',(1.,0.,0.));
#6931=DIRECTION('',(0.,0.,-1.));
#6932=DIRECTION('',(0.,0.,1.));
#6933=DIRECTION('',(1.,0.,0.));
#6934=DIRECTION('',(0.,0.,-1.));
#6935=DIRECTION('',(0.,0.,1.));
#6936=DIRECTION('',(1.,0.,0.));
#6937=DIRECTION('',(0.,0.,-1.));
#6938=DIRECTION('',(0.,0.,1.));
#6939=DIRECTION('',(0.,0.,1.));
#6940=DIRECTION('',(1.,0.,0.));
#6941=DIRECTION('',(0.,-1.,0.));
#6942=DIRECTION('',(0.,-1.,0.));
#6943=DIRECTION('',(-1.,0.,0.));
#6944=DIRECTION('',(0.,0.,1.));
#6945=DIRECTION('',(1.,0.,0.));
#6946=DIRECTION('',(0.,1.,0.));
#6947=DIRECTION('',(-1.,0.,0.));
#6948=DIRECTION('',(0.,-1.,0.));
#6949=DIRECTION('',(0.,0.,-1.));
#6950=DIRECTION('',(-1.,0.,0.));
#6951=DIRECTION('',(0.,-1.,0.));
#6952=DIRECTION('',(1.,0.,0.));
#6953=DIRECTION('',(0.,-1.,0.));
#6954=DIRECTION('',(1.,0.,0.));
#6955=DIRECTION('',(0.,-1.,0.));
#6956=DIRECTION('',(1.,0.,0.));
#6957=DIRECTION('',(0.,-1.,0.));
#6958=DIRECTION('',(1.,0.,0.));
#6959=DIRECTION('',(0.,1.,0.));
#6960=DIRECTION('',(0.,0.,1.));
#6961=DIRECTION('',(0.,0.,-1.));
#6962=DIRECTION('',(-0.707106781186547,0.,-0.707106781186548));
#6963=DIRECTION('',(0.,0.,-1.));
#6964=DIRECTION('',(-1.,0.,0.));
#6965=DIRECTION('',(-1.,0.,0.));
#6966=DIRECTION('',(0.,0.,-1.));
#6967=DIRECTION('',(0.,1.,0.));
#6968=DIRECTION('',(1.,0.,0.));
#6969=DIRECTION('',(0.,1.,0.));
#6970=DIRECTION('',(0.,0.,1.));
#6971=DIRECTION('',(0.,0.,1.));
#6972=DIRECTION('',(0.,1.,0.));
#6973=DIRECTION('',(1.,0.,0.));
#6974=DIRECTION('',(0.,0.,1.));
#6975=DIRECTION('',(-1.,0.,0.));
#6976=DIRECTION('',(-1.,0.,0.));
#6977=DIRECTION('',(1.90210907453597E-16,0.,1.));
#6978=DIRECTION('',(-0.707106781186548,0.,0.707106781186547));
#6979=DIRECTION('',(0.,0.,1.));
#6980=DIRECTION('',(1.,0.,0.));
#6981=DIRECTION('',(0.,-1.,0.));
#6982=DIRECTION('',(0.,-1.,0.));
#6983=DIRECTION('',(-1.,0.,0.));
#6984=DIRECTION('',(0.,0.,1.));
#6985=DIRECTION('',(1.,0.,0.));
#6986=DIRECTION('',(0.,-1.,0.));
#6987=DIRECTION('',(-1.,0.,0.));
#6988=DIRECTION('',(0.,-1.,0.));
#6989=DIRECTION('',(1.,0.,0.));
#6990=DIRECTION('',(0.,0.,-1.));
#6991=DIRECTION('',(0.,-1.,0.));
#6992=DIRECTION('',(0.,0.,1.));
#6993=DIRECTION('',(0.,-1.,0.));
#6994=DIRECTION('',(0.,-1.,0.));
#6995=DIRECTION('',(0.,0.,-1.));
#6996=DIRECTION('',(0.,1.,0.));
#6997=DIRECTION('',(1.,0.,0.));
#6998=DIRECTION('',(0.,-1.,0.));
#6999=DIRECTION('',(0.,0.,-1.));
#7000=DIRECTION('',(0.,-1.,0.));
#7001=DIRECTION('',(0.,1.,0.));
#7002=DIRECTION('',(1.,0.,0.));
#7003=DIRECTION('',(-1.,0.,0.));
#7004=DIRECTION('',(0.,0.,1.));
#7005=DIRECTION('',(0.,0.,-1.));
#7006=DIRECTION('',(0.,0.,1.));
#7007=DIRECTION('',(1.,0.,0.));
#7008=DIRECTION('',(-1.,0.,0.));
#7009=DIRECTION('',(0.,-1.,0.));
#7010=DIRECTION('',(0.,1.,0.));
#7011=DIRECTION('',(0.,0.,1.));
#7012=DIRECTION('',(-1.,0.,-1.44560289664734E-16));
#7013=DIRECTION('',(-1.,0.,0.));
#7014=DIRECTION('',(1.44560289664734E-16,0.,-1.));
#7015=DIRECTION('',(-1.,0.,-1.44560289664734E-16));
#7016=DIRECTION('',(0.,-1.,0.));
#7017=DIRECTION('',(0.,-1.,0.));
#7018=DIRECTION('',(1.,0.,1.44560289664734E-16));
#7019=DIRECTION('',(0.,0.,1.));
#7020=DIRECTION('',(1.,0.,0.));
#7021=DIRECTION('',(-1.,0.,0.));
#7022=DIRECTION('',(0.,-1.,0.));
#7023=DIRECTION('',(-1.,0.,0.));
#7024=DIRECTION('',(0.,-1.,0.));
#7025=DIRECTION('',(1.,0.,0.));
#7026=DIRECTION('',(0.,0.,-1.));
#7027=DIRECTION('',(0.,0.,1.));
#7028=DIRECTION('',(0.,-1.,0.));
#7029=DIRECTION('',(0.,0.,1.));
#7030=DIRECTION('',(1.44560289664734E-16,0.,-1.));
#7031=DIRECTION('',(-1.,0.,-1.44560289664734E-16));
#7032=DIRECTION('',(0.,-1.,0.));
#7033=DIRECTION('',(1.,0.,1.44560289664734E-16));
#7034=DIRECTION('',(-1.,0.,0.));
#7035=DIRECTION('',(0.,0.,1.));
#7036=DIRECTION('',(0.,0.,-1.));
#7037=DIRECTION('',(0.,0.,-1.));
#7038=DIRECTION('',(0.,1.,0.));
#7039=DIRECTION('',(0.,0.,1.));
#7040=DIRECTION('',(0.,1.,0.));
#7041=DIRECTION('',(0.,0.,1.));
#7042=DIRECTION('',(1.44560289664734E-16,0.,-1.));
#7043=DIRECTION('',(-1.,0.,-1.44560289664734E-16));
#7044=DIRECTION('',(0.,-1.,0.));
#7045=DIRECTION('',(0.,-1.,0.));
#7046=DIRECTION('',(1.,0.,1.44560289664734E-16));
#7047=DIRECTION('',(0.,0.,1.));
#7048=DIRECTION('',(1.,0.,0.));
#7049=DIRECTION('',(-1.,0.,0.));
#7050=DIRECTION('',(0.,-1.,0.));
#7051=DIRECTION('',(-1.,0.,0.));
#7052=DIRECTION('',(0.,-1.,0.));
#7053=DIRECTION('',(1.,0.,0.));
#7054=DIRECTION('',(0.,0.,-1.));
#7055=DIRECTION('',(0.,-1.,0.));
#7056=DIRECTION('',(0.,0.,1.));
#7057=DIRECTION('',(0.,0.,1.));
#7058=DIRECTION('',(1.44560289664734E-16,0.,-1.));
#7059=DIRECTION('',(-1.,0.,-1.44560289664734E-16));
#7060=DIRECTION('',(0.,-1.,0.));
#7061=DIRECTION('',(1.,0.,1.44560289664734E-16));
#7062=DIRECTION('',(-1.,0.,0.));
#7063=DIRECTION('',(0.,0.,1.));
#7064=DIRECTION('',(0.,0.,-1.));
#7065=DIRECTION('',(0.,0.,-1.));
#7066=DIRECTION('',(0.,1.,0.));
#7067=DIRECTION('',(0.,0.,1.));
#7068=DIRECTION('',(0.,1.,0.));
#7069=DIRECTION('',(0.,0.,1.));
#7070=DIRECTION('',(-1.,0.,0.));
#7071=DIRECTION('',(0.,0.,1.));
#7072=DIRECTION('',(0.,-1.,0.));
#7073=DIRECTION('',(0.,0.,-1.));
#7074=DIRECTION('',(0.,-1.,0.));
#7075=DIRECTION('',(0.,0.,1.));
#7076=DIRECTION('',(1.,0.,0.));
#7077=DIRECTION('',(0.,1.,0.));
#7078=DIRECTION('',(-1.,0.,0.));
#7079=DIRECTION('',(0.,-1.,0.));
#7080=DIRECTION('',(0.,1.,0.));
#7081=DIRECTION('',(-1.,0.,0.));
#7082=DIRECTION('',(1.,0.,-1.90210907453597E-16));
#7083=DIRECTION('',(-1.90210907453597E-16,0.,-1.));
#7084=DIRECTION('',(1.90210907453597E-16,0.,1.));
#7085=DIRECTION('',(0.,-1.,0.));
#7086=DIRECTION('',(0.707106781186547,0.,0.707106781186548));
#7087=DIRECTION('',(0.707106781186548,0.,-0.707106781186547));
#7088=DIRECTION('',(-0.707106781186548,0.,0.707106781186547));
#7089=DIRECTION('',(0.,-1.,0.));
#7090=DIRECTION('',(1.,0.,0.));
#7091=DIRECTION('',(0.,0.,-1.));
#7092=DIRECTION('',(0.,0.,1.));
#7093=DIRECTION('',(-1.,0.,0.));
#7094=DIRECTION('',(0.,0.,1.));
#7095=DIRECTION('',(0.,0.,-1.));
#7096=DIRECTION('',(0.,-1.,0.));
#7097=DIRECTION('',(-0.707106781186548,0.,0.707106781186547));
#7098=DIRECTION('',(0.707106781186547,0.,0.707106781186548));
#7099=DIRECTION('',(-0.707106781186547,0.,-0.707106781186548));
#7100=DIRECTION('',(0.,-1.,0.));
#7101=DIRECTION('',(0.,0.,-1.));
#7102=DIRECTION('',(0.,-0.939692620785908,-0.342020143325669));
#7103=DIRECTION('',(0.,0.342020143325669,-0.939692620785908));
#7104=DIRECTION('',(-1.,0.,0.));
#7105=DIRECTION('',(0.,0.342020143325669,-0.939692620785908));
#7106=DIRECTION('',(-1.,0.,0.));
#7107=DIRECTION('',(0.,-0.342020143325669,0.939692620785908));
#7108=DIRECTION('',(0.,-2.71050543121376E-16,-1.));
#7109=DIRECTION('',(0.,1.,-2.71050543121376E-16));
#7110=DIRECTION('',(1.,0.,0.));
#7111=DIRECTION('',(0.,1.,-2.71050543121376E-16));
#7112=DIRECTION('',(0.,-1.,2.71050543121376E-16));
#7113=DIRECTION('',(0.,-1.,2.71050543121376E-16));
#7114=DIRECTION('',(0.,-1.,2.71050543121376E-16));
#7115=DIRECTION('',(1.,0.,0.));
#7116=DIRECTION('',(0.,1.,-2.71050543121376E-16));
#7117=DIRECTION('',(0.,-1.,2.71050543121376E-16));
#7118=DIRECTION('',(1.,0.,0.));
#7119=DIRECTION('',(0.,1.,-2.71050543121376E-16));
#7120=DIRECTION('',(0.,-1.,2.71050543121376E-16));
#7121=DIRECTION('',(1.,0.,0.));
#7122=DIRECTION('',(0.,1.,-2.71050543121376E-16));
#7123=DIRECTION('',(0.,-1.,2.71050543121376E-16));
#7124=DIRECTION('',(1.,0.,0.));
#7125=DIRECTION('',(0.,1.,-2.71050543121376E-16));
#7126=DIRECTION('',(0.,-1.,2.71050543121376E-16));
#7127=DIRECTION('',(1.,0.,0.));
#7128=DIRECTION('',(0.,1.,-2.71050543121376E-16));
#7129=DIRECTION('',(0.,-1.,2.71050543121376E-16));
#7130=DIRECTION('',(0.,-1.,0.));
#7131=DIRECTION('',(0.,0.,-1.));
#7132=DIRECTION('',(1.,0.,0.));
#7133=DIRECTION('',(0.,0.,1.));
#7134=DIRECTION('',(0.,0.,1.));
#7135=DIRECTION('',(0.,0.,1.));
#7136=DIRECTION('',(0.,0.,-1.));
#7137=DIRECTION('',(1.,0.,0.));
#7138=DIRECTION('',(0.,0.,1.));
#7139=DIRECTION('',(0.,0.,-1.));
#7140=DIRECTION('',(1.,0.,0.));
#7141=DIRECTION('',(0.,0.,1.));
#7142=DIRECTION('',(0.,0.,-1.));
#7143=DIRECTION('',(1.,0.,0.));
#7144=DIRECTION('',(0.,0.,1.));
#7145=DIRECTION('',(0.,0.,-1.));
#7146=DIRECTION('',(1.,0.,0.));
#7147=DIRECTION('',(0.,0.,1.));
#7148=DIRECTION('',(0.,0.,-1.));
#7149=DIRECTION('',(1.,0.,0.));
#7150=DIRECTION('',(0.,0.,1.));
#7151=DIRECTION('',(0.,0.,-1.));
#7152=DIRECTION('',(1.,0.,0.));
#7153=DIRECTION('',(0.,0.,-1.));
#7154=DIRECTION('',(1.,0.,0.));
#7155=DIRECTION('',(0.,0.,-1.));
#7156=DIRECTION('',(-1.,0.,0.));
#7157=DIRECTION('',(0.,0.,1.));
#7158=DIRECTION('',(0.,-1.,0.));
#7159=DIRECTION('',(0.,0.,-1.));
#7160=DIRECTION('',(0.,0.,-1.));
#7161=DIRECTION('',(0.,1.,0.));
#7162=DIRECTION('',(1.,0.,0.));
#7163=DIRECTION('',(0.,0.,-1.));
#7164=DIRECTION('',(0.,0.,1.));
#7165=DIRECTION('',(0.,-1.,0.));
#7166=DIRECTION('',(0.,1.,0.));
#7167=DIRECTION('',(0.,0.,1.));
#7168=DIRECTION('',(-1.,0.,0.));
#7169=DIRECTION('',(0.,0.,1.));
#7170=DIRECTION('',(0.,-1.,0.));
#7171=DIRECTION('',(0.,0.,-1.));
#7172=DIRECTION('',(0.,0.,-1.));
#7173=DIRECTION('',(0.,1.,0.));
#7174=DIRECTION('',(1.,0.,0.));
#7175=DIRECTION('',(0.,0.,-1.));
#7176=DIRECTION('',(0.,0.,1.));
#7177=DIRECTION('',(0.,-1.,0.));
#7178=DIRECTION('',(0.,1.,0.));
#7179=DIRECTION('',(0.,0.,1.));
#7180=DIRECTION('',(-1.,0.,0.));
#7181=DIRECTION('',(0.,0.,1.));
#7182=DIRECTION('',(0.,-1.,0.));
#7183=DIRECTION('',(0.,0.,-1.));
#7184=DIRECTION('',(0.,0.,-1.));
#7185=DIRECTION('',(0.,1.,0.));
#7186=DIRECTION('',(1.,0.,0.));
#7187=DIRECTION('',(0.,0.,-1.));
#7188=DIRECTION('',(0.,0.,1.));
#7189=DIRECTION('',(0.,-1.,0.));
#7190=DIRECTION('',(0.,1.,0.));
#7191=DIRECTION('',(0.,0.,1.));
#7192=DIRECTION('',(-1.,0.,0.));
#7193=DIRECTION('',(0.,0.,1.));
#7194=DIRECTION('',(0.,-1.,0.));
#7195=DIRECTION('',(0.,0.,-1.));
#7196=DIRECTION('',(0.,0.,-1.));
#7197=DIRECTION('',(0.,1.,0.));
#7198=DIRECTION('',(1.,0.,0.));
#7199=DIRECTION('',(0.,0.,-1.));
#7200=DIRECTION('',(0.,0.,1.));
#7201=DIRECTION('',(0.,-1.,0.));
#7202=DIRECTION('',(0.,1.,0.));
#7203=DIRECTION('',(0.,0.,1.));
#7204=DIRECTION('',(-1.,0.,0.));
#7205=DIRECTION('',(0.,0.,1.));
#7206=DIRECTION('',(0.,-1.,0.));
#7207=DIRECTION('',(0.,0.,-1.));
#7208=DIRECTION('',(0.,0.,-1.));
#7209=DIRECTION('',(0.,1.,0.));
#7210=DIRECTION('',(1.,0.,0.));
#7211=DIRECTION('',(0.,0.,-1.));
#7212=DIRECTION('',(0.,0.,1.));
#7213=DIRECTION('',(0.,-1.,0.));
#7214=DIRECTION('',(0.,1.,0.));
#7215=DIRECTION('',(0.,0.,1.));
#7216=DIRECTION('',(1.,0.,0.));
#7217=DIRECTION('',(0.,0.,-1.));
#7218=DIRECTION('',(0.,0.,1.));
#7219=DIRECTION('',(0.,-1.,0.));
#7220=DIRECTION('',(0.,1.,0.));
#7221=DIRECTION('',(0.,0.,1.));
#7222=DIRECTION('',(-1.,0.,0.));
#7223=DIRECTION('',(0.,0.,1.));
#7224=DIRECTION('',(0.,-1.,0.));
#7225=DIRECTION('',(0.,0.,-1.));
#7226=DIRECTION('',(0.,0.,-1.));
#7227=DIRECTION('',(0.,1.,0.));
#7228=DIRECTION('',(0.,1.,0.));
#7229=DIRECTION('',(0.,0.,1.));
#7230=DIRECTION('',(1.,0.,2.16840434497101E-15));
#7231=DIRECTION('',(-2.16840434497102E-15,0.,1.));
#7232=DIRECTION('',(1.,0.,2.16840434497102E-15));
#7233=DIRECTION('',(0.,1.,0.));
#7234=DIRECTION('',(0.,0.,1.));
#7235=DIRECTION('',(1.,0.,0.));
#7236=DIRECTION('',(0.,0.,1.));
#7237=DIRECTION('',(1.,0.,0.));
#7238=DIRECTION('',(0.,1.,0.));
#7239=DIRECTION('',(0.,0.,1.));
#7240=DIRECTION('',(1.,0.,0.));
#7241=DIRECTION('',(0.,0.,1.));
#7242=DIRECTION('',(1.,0.,0.));
#7243=DIRECTION('',(0.,1.,0.));
#7244=DIRECTION('',(0.,0.,1.));
#7245=DIRECTION('',(1.,0.,0.));
#7246=DIRECTION('',(0.,0.,1.));
#7247=DIRECTION('',(1.,0.,0.));
#7248=DIRECTION('',(0.,1.,0.));
#7249=DIRECTION('',(0.,0.,1.));
#7250=DIRECTION('',(1.,0.,0.));
#7251=DIRECTION('',(0.,0.,1.));
#7252=DIRECTION('',(1.,0.,0.));
#7253=DIRECTION('',(0.,1.,0.));
#7254=DIRECTION('',(0.,0.,1.));
#7255=DIRECTION('',(1.,0.,0.));
#7256=DIRECTION('',(0.,0.,1.));
#7257=DIRECTION('',(1.,0.,0.));
#7258=DIRECTION('',(0.,0.,-1.));
#7259=DIRECTION('',(-1.,0.,0.));
#7260=DIRECTION('',(1.,0.,0.));
#7261=DIRECTION('',(0.,1.,0.));
#7262=DIRECTION('',(0.,0.,1.));
#7263=DIRECTION('',(0.,0.,-1.));
#7264=DIRECTION('',(-1.,0.,0.));
#7265=DIRECTION('',(1.,0.,0.));
#7266=DIRECTION('',(0.,1.,0.));
#7267=DIRECTION('',(0.,0.,1.));
#7268=DIRECTION('',(0.,0.,-1.));
#7269=DIRECTION('',(-1.,0.,0.));
#7270=DIRECTION('',(1.,0.,0.));
#7271=DIRECTION('',(0.,1.,0.));
#7272=DIRECTION('',(0.,0.,1.));
#7273=DIRECTION('',(0.,0.,-1.));
#7274=DIRECTION('',(-1.,0.,0.));
#7275=DIRECTION('',(1.,0.,0.));
#7276=DIRECTION('',(0.,1.,0.));
#7277=DIRECTION('',(0.,0.,1.));
#7278=DIRECTION('',(0.,0.,-1.));
#7279=DIRECTION('',(-1.,0.,0.));
#7280=DIRECTION('',(1.,0.,0.));
#7281=DIRECTION('',(0.,1.,0.));
#7282=DIRECTION('',(0.,0.,1.));
#7283=DIRECTION('',(2.16840434497102E-15,0.,-1.));
#7284=DIRECTION('',(-1.,0.,-2.16840434497102E-15));
#7285=DIRECTION('',(1.,0.,2.16840434497101E-15));
#7286=DIRECTION('',(0.,1.,0.));
#7287=DIRECTION('',(0.,0.,1.));
#7288=DIRECTION('',(0.,0.,-1.));
#7289=DIRECTION('',(-1.,0.,0.));
#7290=DIRECTION('',(0.,1.,0.));
#7291=DIRECTION('',(-1.,0.,0.));
#7292=DIRECTION('',(0.,1.,0.));
#7293=DIRECTION('',(1.,0.,0.));
#7294=DIRECTION('',(0.,0.,-1.));
#7295=DIRECTION('',(0.,0.,-1.));
#7296=DIRECTION('',(-1.,0.,0.));
#7297=DIRECTION('',(0.,0.,1.));
#7298=DIRECTION('',(0.,0.,1.));
#7299=DIRECTION('',(0.,1.,0.));
#7300=DIRECTION('',(0.,0.,1.));
#7301=DIRECTION('',(-1.,0.,0.));
#7302=DIRECTION('',(0.,0.,1.));
#7303=DIRECTION('',(0.,0.,1.));
#7304=DIRECTION('',(0.,1.,0.));
#7305=DIRECTION('',(0.,0.,-1.));
#7306=DIRECTION('',(-1.,0.,0.));
#7307=DIRECTION('',(-1.,0.,0.));
#7308=DIRECTION('',(0.,1.,0.));
#7309=DIRECTION('',(1.,0.,0.));
#7310=DIRECTION('',(0.,0.,-1.));
#7311=DIRECTION('',(0.,0.,-1.));
#7312=DIRECTION('',(0.,1.,0.));
#7313=DIRECTION('',(0.,0.,1.));
#7314=DIRECTION('',(-1.,0.,0.));
#7315=DIRECTION('',(0.,0.,1.));
#7316=DIRECTION('',(0.,0.,1.));
#7317=DIRECTION('',(0.,1.,0.));
#7318=DIRECTION('',(0.,0.,-1.));
#7319=DIRECTION('',(-1.,0.,0.));
#7320=DIRECTION('',(-1.,0.,0.));
#7321=DIRECTION('',(0.,1.,0.));
#7322=DIRECTION('',(1.,0.,0.));
#7323=DIRECTION('',(0.,0.,-1.));
#7324=DIRECTION('',(0.,0.,-1.));
#7325=DIRECTION('',(0.,1.,0.));
#7326=DIRECTION('',(0.,0.,1.));
#7327=DIRECTION('',(-1.,0.,0.));
#7328=DIRECTION('',(0.,0.,1.));
#7329=DIRECTION('',(0.,0.,1.));
#7330=DIRECTION('',(0.,1.,0.));
#7331=DIRECTION('',(0.,0.,-1.));
#7332=DIRECTION('',(-1.,0.,0.));
#7333=DIRECTION('',(-1.,0.,0.));
#7334=DIRECTION('',(0.,1.,0.));
#7335=DIRECTION('',(1.,0.,0.));
#7336=DIRECTION('',(0.,0.,-1.));
#7337=DIRECTION('',(0.,0.,-1.));
#7338=DIRECTION('',(0.,1.,0.));
#7339=DIRECTION('',(0.,0.,1.));
#7340=DIRECTION('',(-1.,0.,0.));
#7341=DIRECTION('',(0.,0.,1.));
#7342=DIRECTION('',(0.,0.,1.));
#7343=DIRECTION('',(0.,1.,0.));
#7344=DIRECTION('',(0.,0.,-1.));
#7345=DIRECTION('',(-1.,0.,0.));
#7346=DIRECTION('',(-1.,0.,0.));
#7347=DIRECTION('',(0.,1.,0.));
#7348=DIRECTION('',(1.,0.,0.));
#7349=DIRECTION('',(0.,0.,-1.));
#7350=DIRECTION('',(0.,0.,-1.));
#7351=DIRECTION('',(0.,1.,0.));
#7352=DIRECTION('',(0.,0.,1.));
#7353=DIRECTION('',(0.,1.,0.));
#7354=DIRECTION('',(0.,0.,1.));
#7355=DIRECTION('',(0.,0.,-1.));
#7356=DIRECTION('',(-1.,0.,0.));
#7357=DIRECTION('',(0.,0.,1.));
#7358=DIRECTION('',(1.,0.,0.));
#7359=DIRECTION('',(0.,0.,-1.));
#7360=DIRECTION('',(0.,1.,0.));
#7361=DIRECTION('',(0.,0.,-1.));
#7362=DIRECTION('',(-1.,0.,0.));
#7363=DIRECTION('',(0.,1.,0.));
#7364=DIRECTION('',(-1.,0.,0.));
#7365=DIRECTION('',(0.,0.,1.));
#7366=DIRECTION('',(0.,0.,1.));
#7367=DIRECTION('',(1.,0.,0.));
#7368=DIRECTION('',(0.,1.,0.));
#7369=DIRECTION('',(0.,0.,1.));
#7370=DIRECTION('',(1.,0.,0.));
#7371=DIRECTION('',(0.,0.,-1.));
#7372=DIRECTION('',(-1.,0.,0.));
#7373=DIRECTION('',(0.,0.,1.));
#7374=DIRECTION('',(1.,0.,0.));
#7375=DIRECTION('',(0.,0.,-1.));
#7376=DIRECTION('',(-1.,0.,0.));
#7377=DIRECTION('',(0.,0.,1.));
#7378=DIRECTION('',(1.,0.,0.));
#7379=DIRECTION('',(0.,0.,-1.));
#7380=DIRECTION('',(-1.,0.,0.));
#7381=DIRECTION('',(0.,0.,1.));
#7382=DIRECTION('',(1.,0.,0.));
#7383=DIRECTION('',(0.,0.,-1.));
#7384=DIRECTION('',(-1.,0.,0.));
#7385=DIRECTION('',(0.,0.,1.));
#7386=DIRECTION('',(1.,0.,0.));
#7387=DIRECTION('',(0.,0.,-1.));
#7388=DIRECTION('',(-1.,0.,0.));
#7389=DIRECTION('',(0.,0.,1.));
#7390=DIRECTION('',(1.,0.,0.));
#7391=DIRECTION('',(0.,0.,-1.));
#7392=DIRECTION('',(-1.,0.,0.));
#7393=DIRECTION('',(0.,0.,1.));
#7394=DIRECTION('',(1.,0.,0.));
#7395=DIRECTION('',(0.,0.,-1.));
#7396=DIRECTION('',(-1.,0.,0.));
#7397=DIRECTION('',(0.,0.,1.));
#7398=DIRECTION('',(-1.,0.,0.));
#7399=DIRECTION('',(0.,0.,-1.));
#7400=DIRECTION('',(-1.,0.,0.));
#7401=DIRECTION('',(0.,0.,1.));
#7402=DIRECTION('',(-1.,0.,0.));
#7403=DIRECTION('',(0.,0.,-1.));
#7404=DIRECTION('',(-1.,0.,0.));
#7405=DIRECTION('',(0.,0.,1.));
#7406=DIRECTION('',(-1.,0.,0.));
#7407=DIRECTION('',(0.,0.,-1.));
#7408=DIRECTION('',(-1.,0.,0.));
#7409=DIRECTION('',(0.,0.,1.));
#7410=DIRECTION('',(-1.,0.,0.));
#7411=DIRECTION('',(0.,0.,-1.));
#7412=DIRECTION('',(-1.,0.,0.));
#7413=DIRECTION('',(0.,0.,1.));
#7414=DIRECTION('',(-1.,0.,0.));
#7415=DIRECTION('',(0.,0.,-1.));
#7416=DIRECTION('',(-1.,0.,0.));
#7417=DIRECTION('',(0.,0.,1.));
#7418=DIRECTION('',(-1.,0.,0.));
#7419=DIRECTION('',(0.,0.,-1.));
#7420=DIRECTION('',(-1.,0.,0.));
#7421=DIRECTION('',(0.,0.,-1.));
#7422=DIRECTION('',(0.,-1.,0.));
#7423=DIRECTION('',(0.,0.,-1.));
#7424=DIRECTION('',(-1.,0.,0.));
#7425=DIRECTION('',(0.,0.,1.));
#7426=DIRECTION('',(1.,0.,0.));
#7427=DIRECTION('',(0.,0.,1.));
#7428=DIRECTION('',(-1.,0.,0.));
#7429=DIRECTION('',(0.,0.,-1.));
#7430=DIRECTION('',(1.,0.,0.));
#7431=DIRECTION('',(0.,0.,1.));
#7432=DIRECTION('',(-1.,0.,0.));
#7433=DIRECTION('',(0.,0.,-1.));
#7434=DIRECTION('',(1.,0.,0.));
#7435=DIRECTION('',(0.,0.,1.));
#7436=DIRECTION('',(-1.,0.,0.));
#7437=DIRECTION('',(0.,0.,-1.));
#7438=DIRECTION('',(1.,0.,0.));
#7439=DIRECTION('',(0.,0.,1.));
#7440=DIRECTION('',(-1.,0.,0.));
#7441=DIRECTION('',(0.,0.,-1.));
#7442=DIRECTION('',(1.,0.,0.));
#7443=DIRECTION('',(0.,0.,1.));
#7444=DIRECTION('',(-1.,0.,0.));
#7445=DIRECTION('',(0.,0.,-1.));
#7446=DIRECTION('',(1.,0.,0.));
#7447=DIRECTION('',(0.,0.,1.));
#7448=DIRECTION('',(-1.,0.,0.));
#7449=DIRECTION('',(0.,0.,-1.));
#7450=DIRECTION('',(1.,0.,0.));
#7451=DIRECTION('',(0.,0.,1.));
#7452=DIRECTION('',(-1.,0.,0.));
#7453=DIRECTION('',(0.,0.,-1.));
#7454=DIRECTION('',(-1.,0.,0.));
#7455=DIRECTION('',(0.,0.,1.));
#7456=DIRECTION('',(-1.,0.,0.));
#7457=DIRECTION('',(0.,0.,-1.));
#7458=DIRECTION('',(-1.,0.,0.));
#7459=DIRECTION('',(0.,0.,1.));
#7460=DIRECTION('',(-1.,0.,0.));
#7461=DIRECTION('',(0.,0.,-1.));
#7462=DIRECTION('',(-1.,0.,0.));
#7463=DIRECTION('',(0.,0.,1.));
#7464=DIRECTION('',(-1.,0.,0.));
#7465=DIRECTION('',(0.,0.,-1.));
#7466=DIRECTION('',(-1.,0.,0.));
#7467=DIRECTION('',(0.,0.,1.));
#7468=DIRECTION('',(-1.,0.,0.));
#7469=DIRECTION('',(0.,0.,-1.));
#7470=DIRECTION('',(-1.,0.,0.));
#7471=DIRECTION('',(0.,0.,1.));
#7472=DIRECTION('',(-1.,0.,0.));
#7473=DIRECTION('',(0.,0.,-1.));
#7474=DIRECTION('',(-1.,0.,0.));
#7475=DIRECTION('',(0.,0.,1.));
#7476=DIRECTION('',(1.,0.,0.));
#7477=DIRECTION('',(0.,0.,-1.));
#7478=DIRECTION('',(0.,-1.,0.));
#7479=DIRECTION('',(0.,0.,-1.));
#7480=DIRECTION('',(0.,-1.,0.));
#7481=DIRECTION('',(0.,0.17364817766693,0.984807753012208));
#7482=DIRECTION('',(0.,-1.,0.));
#7483=DIRECTION('',(0.,1.,0.));
#7484=DIRECTION('',(1.,0.,0.));
#7485=DIRECTION('',(0.,0.,-1.));
#7486=DIRECTION('',(0.,-1.,0.));
#7487=DIRECTION('',(0.,1.,0.));
#7488=DIRECTION('',(0.,-1.,0.));
#7489=DIRECTION('',(0.,0.17364817766693,0.984807753012208));
#7490=DIRECTION('',(0.,-1.,0.));
#7491=DIRECTION('',(0.,0.,-1.));
#7492=DIRECTION('',(0.,0.,-1.));
#7493=DIRECTION('',(-1.,0.,0.));
#7494=DIRECTION('',(0.,-1.,0.));
#7495=DIRECTION('',(-1.,0.,0.));
#7496=DIRECTION('',(0.,1.,0.));
#7497=DIRECTION('',(0.,0.,-1.));
#7498=DIRECTION('',(-1.,0.,0.));
#7499=DIRECTION('',(0.,-1.,0.));
#7500=DIRECTION('',(-1.,0.,0.));
#7501=DIRECTION('',(0.,1.,0.));
#7502=DIRECTION('',(0.,0.,-1.));
#7503=DIRECTION('',(-1.,0.,0.));
#7504=DIRECTION('',(0.,-1.,0.));
#7505=DIRECTION('',(-1.,0.,0.));
#7506=DIRECTION('',(0.,1.,0.));
#7507=DIRECTION('',(0.,0.,-1.));
#7508=DIRECTION('',(-1.,0.,0.));
#7509=DIRECTION('',(0.,-1.,0.));
#7510=DIRECTION('',(-1.,0.,0.));
#7511=DIRECTION('',(0.,1.,0.));
#7512=DIRECTION('',(0.,0.,-1.));
#7513=DIRECTION('',(-1.,0.,0.));
#7514=DIRECTION('',(0.,-1.,0.));
#7515=DIRECTION('',(-1.,0.,0.));
#7516=DIRECTION('',(0.,1.,0.));
#7517=DIRECTION('',(0.,0.,-1.));
#7518=DIRECTION('',(-1.,0.,0.));
#7519=DIRECTION('',(0.,-1.,0.));
#7520=DIRECTION('',(-1.,0.,0.));
#7521=DIRECTION('',(0.,1.,0.));
#7522=DIRECTION('',(0.,0.,-1.));
#7523=DIRECTION('',(-1.,0.,0.));
#7524=DIRECTION('',(0.,-1.,0.));
#7525=DIRECTION('',(0.,1.,0.));
#7526=DIRECTION('',(-1.,0.,0.));
#7527=DIRECTION('',(0.,0.,-1.));
#7528=DIRECTION('',(-1.,0.,0.));
#7529=DIRECTION('',(0.,-1.,0.));
#7530=DIRECTION('',(0.,1.,0.));
#7531=DIRECTION('',(-1.,0.,0.));
#7532=DIRECTION('',(0.,0.,-1.));
#7533=DIRECTION('',(-1.,0.,0.));
#7534=DIRECTION('',(0.,-1.,0.));
#7535=DIRECTION('',(0.,1.,0.));
#7536=DIRECTION('',(-1.,0.,0.));
#7537=DIRECTION('',(0.,0.,-1.));
#7538=DIRECTION('',(-1.,0.,0.));
#7539=DIRECTION('',(0.,-1.,0.));
#7540=DIRECTION('',(0.,1.,0.));
#7541=DIRECTION('',(-1.,0.,0.));
#7542=DIRECTION('',(0.,0.,-1.));
#7543=DIRECTION('',(-1.,0.,0.));
#7544=DIRECTION('',(0.,-1.,0.));
#7545=DIRECTION('',(0.,1.,0.));
#7546=DIRECTION('',(-1.,0.,0.));
#7547=DIRECTION('',(0.,0.,-1.));
#7548=DIRECTION('',(-1.,0.,0.));
#7549=DIRECTION('',(0.,-1.,0.));
#7550=DIRECTION('',(0.,1.,0.));
#7551=DIRECTION('',(-1.,0.,0.));
#7552=DIRECTION('',(0.,1.,0.));
#7553=DIRECTION('',(0.,0.,1.));
#7554=DIRECTION('',(1.,0.,0.));
#7555=DIRECTION('',(0.,0.,-1.));
#7556=DIRECTION('',(0.,0.,1.));
#7557=DIRECTION('',(1.,0.,0.));
#7558=DIRECTION('',(0.,0.,-1.));
#7559=DIRECTION('',(0.,0.,1.));
#7560=DIRECTION('',(1.,0.,0.));
#7561=DIRECTION('',(0.,0.,-1.));
#7562=DIRECTION('',(0.,0.,1.));
#7563=DIRECTION('',(1.,0.,0.));
#7564=DIRECTION('',(0.,0.,-1.));
#7565=DIRECTION('',(0.,0.,1.));
#7566=DIRECTION('',(1.,0.,0.));
#7567=DIRECTION('',(0.,0.,-1.));
#7568=DIRECTION('',(0.,0.,1.));
#7569=DIRECTION('',(1.,0.,0.));
#7570=DIRECTION('',(0.,0.,-1.));
#7571=DIRECTION('',(0.,0.,1.));
#7572=DIRECTION('',(1.,0.,0.));
#7573=DIRECTION('',(-1.,0.,0.));
#7574=DIRECTION('',(0.,-0.984807753012208,0.17364817766693));
#7575=DIRECTION('',(0.,-0.17364817766693,-0.984807753012208));
#7576=DIRECTION('',(-1.,0.,0.));
#7577=DIRECTION('',(-1.,0.,0.));
#7578=DIRECTION('',(-1.,0.,0.));
#7579=DIRECTION('',(0.,-0.17364817766693,-0.984807753012208));
#7580=DIRECTION('',(-1.,0.,0.));
#7581=DIRECTION('',(0.,0.17364817766693,0.984807753012208));
#7582=DIRECTION('',(-1.,0.,0.));
#7583=DIRECTION('',(0.,-0.17364817766693,-0.984807753012208));
#7584=DIRECTION('',(-1.,0.,0.));
#7585=DIRECTION('',(0.,0.17364817766693,0.984807753012208));
#7586=DIRECTION('',(-1.,0.,0.));
#7587=DIRECTION('',(0.,-0.17364817766693,-0.984807753012208));
#7588=DIRECTION('',(-1.,0.,0.));
#7589=DIRECTION('',(0.,0.17364817766693,0.984807753012208));
#7590=DIRECTION('',(-1.,0.,0.));
#7591=DIRECTION('',(0.,-0.17364817766693,-0.984807753012208));
#7592=DIRECTION('',(-1.,0.,0.));
#7593=DIRECTION('',(0.,0.17364817766693,0.984807753012208));
#7594=DIRECTION('',(-1.,0.,0.));
#7595=DIRECTION('',(0.,-0.17364817766693,-0.984807753012208));
#7596=DIRECTION('',(-1.,0.,0.));
#7597=DIRECTION('',(0.,0.17364817766693,0.984807753012208));
#7598=DIRECTION('',(-1.,0.,0.));
#7599=DIRECTION('',(0.,-0.17364817766693,-0.984807753012208));
#7600=DIRECTION('',(-1.,0.,0.));
#7601=DIRECTION('',(0.,0.17364817766693,0.984807753012208));
#7602=DIRECTION('',(0.,-0.866025403784438,-0.5));
#7603=DIRECTION('',(0.,0.5,-0.866025403784439));
#7604=DIRECTION('',(0.,-0.5,0.866025403784439));
#7605=DIRECTION('',(0.,0.5,-0.866025403784439));
#7606=DIRECTION('',(-1.,0.,0.));
#7607=DIRECTION('',(0.,-0.866025403784438,-0.5));
#7608=DIRECTION('',(0.,0.5,-0.866025403784439));
#7609=DIRECTION('',(0.,-0.5,0.866025403784439));
#7610=DIRECTION('',(0.,0.5,-0.866025403784439));
#7611=DIRECTION('',(-1.,0.,0.));
#7612=DIRECTION('',(0.,-0.866025403784438,-0.5));
#7613=DIRECTION('',(0.,0.5,-0.866025403784439));
#7614=DIRECTION('',(0.,-0.5,0.866025403784439));
#7615=DIRECTION('',(0.,0.5,-0.866025403784439));
#7616=DIRECTION('',(-1.,0.,0.));
#7617=DIRECTION('',(0.,-0.866025403784438,-0.5));
#7618=DIRECTION('',(0.,0.5,-0.866025403784439));
#7619=DIRECTION('',(0.,-0.5,0.866025403784439));
#7620=DIRECTION('',(0.,0.5,-0.866025403784439));
#7621=DIRECTION('',(-1.,0.,0.));
#7622=DIRECTION('',(0.,-0.866025403784438,-0.5));
#7623=DIRECTION('',(0.,0.5,-0.866025403784439));
#7624=DIRECTION('',(0.,-0.5,0.866025403784439));
#7625=DIRECTION('',(0.,0.5,-0.866025403784439));
#7626=DIRECTION('',(-1.,0.,0.));
#7627=DIRECTION('',(0.,-0.866025403784438,-0.5));
#7628=DIRECTION('',(0.,0.5,-0.866025403784439));
#7629=DIRECTION('',(0.,-0.5,0.866025403784439));
#7630=DIRECTION('',(0.,0.5,-0.866025403784439));
#7631=DIRECTION('',(-1.,0.,0.));
#7632=DIRECTION('',(-1.,0.,0.));
#7633=DIRECTION('',(0.,0.,1.));
#7634=DIRECTION('',(1.,0.,0.));
#7635=DIRECTION('',(0.,0.,-1.));
#7636=DIRECTION('',(-1.,0.,0.));
#7637=DIRECTION('',(0.,0.,1.));
#7638=DIRECTION('',(-1.,0.,0.));
#7639=DIRECTION('',(0.,0.,1.));
#7640=DIRECTION('',(1.,0.,0.));
#7641=DIRECTION('',(0.,0.,-1.));
#7642=DIRECTION('',(-1.,0.,0.));
#7643=DIRECTION('',(0.,0.,1.));
#7644=DIRECTION('',(-1.,0.,0.));
#7645=DIRECTION('',(0.,0.,1.));
#7646=DIRECTION('',(1.,0.,0.));
#7647=DIRECTION('',(0.,0.,-1.));
#7648=DIRECTION('',(-1.,0.,0.));
#7649=DIRECTION('',(0.,0.,1.));
#7650=DIRECTION('',(-1.,0.,0.));
#7651=DIRECTION('',(0.,0.,1.));
#7652=DIRECTION('',(1.,0.,0.));
#7653=DIRECTION('',(0.,0.,-1.));
#7654=DIRECTION('',(-1.,0.,0.));
#7655=DIRECTION('',(0.,0.,1.));
#7656=DIRECTION('',(-1.,0.,0.));
#7657=DIRECTION('',(0.,0.,1.));
#7658=DIRECTION('',(1.,0.,0.));
#7659=DIRECTION('',(0.,0.,-1.));
#7660=DIRECTION('',(-1.,0.,0.));
#7661=DIRECTION('',(0.,0.,1.));
#7662=DIRECTION('',(-1.,0.,0.));
#7663=DIRECTION('',(0.,0.,1.));
#7664=DIRECTION('',(1.,0.,0.));
#7665=DIRECTION('',(0.,0.,-1.));
#7666=DIRECTION('',(-1.,0.,0.));
#7667=DIRECTION('',(0.,0.,1.));
#7668=DIRECTION('',(0.,0.707106781186548,-0.707106781186547));
#7669=DIRECTION('',(0.,0.707106781186547,0.707106781186548));
#7670=DIRECTION('',(0.,0.707106781186547,0.707106781186548));
#7671=DIRECTION('',(-1.,0.,0.));
#7672=DIRECTION('',(0.,-0.707106781186547,-0.707106781186548));
#7673=DIRECTION('',(0.,0.707106781186548,-0.707106781186547));
#7674=DIRECTION('',(0.,0.707106781186547,0.707106781186548));
#7675=DIRECTION('',(0.,0.707106781186547,0.707106781186548));
#7676=DIRECTION('',(-1.,0.,0.));
#7677=DIRECTION('',(0.,-0.707106781186547,-0.707106781186548));
#7678=DIRECTION('',(0.,0.707106781186548,-0.707106781186547));
#7679=DIRECTION('',(0.,0.707106781186547,0.707106781186548));
#7680=DIRECTION('',(0.,0.707106781186547,0.707106781186548));
#7681=DIRECTION('',(-1.,0.,0.));
#7682=DIRECTION('',(0.,-0.707106781186547,-0.707106781186548));
#7683=DIRECTION('',(0.,0.707106781186548,-0.707106781186547));
#7684=DIRECTION('',(0.,0.707106781186547,0.707106781186548));
#7685=DIRECTION('',(0.,0.707106781186547,0.707106781186548));
#7686=DIRECTION('',(-1.,0.,0.));
#7687=DIRECTION('',(0.,-0.707106781186547,-0.707106781186548));
#7688=DIRECTION('',(0.,0.707106781186548,-0.707106781186547));
#7689=DIRECTION('',(0.,0.707106781186547,0.707106781186548));
#7690=DIRECTION('',(0.,0.707106781186547,0.707106781186548));
#7691=DIRECTION('',(-1.,0.,0.));
#7692=DIRECTION('',(0.,-0.707106781186547,-0.707106781186548));
#7693=DIRECTION('',(0.,0.707106781186548,-0.707106781186547));
#7694=DIRECTION('',(0.,0.707106781186547,0.707106781186548));
#7695=DIRECTION('',(0.,0.707106781186547,0.707106781186548));
#7696=DIRECTION('',(-1.,0.,0.));
#7697=DIRECTION('',(0.,-0.707106781186547,-0.707106781186548));
#7698=DIRECTION('',(0.,1.,6.7762635780344E-18));
#7699=DIRECTION('',(0.,-6.7762635780344E-18,1.));
#7700=DIRECTION('',(0.,0.,-1.));
#7701=DIRECTION('',(-1.,0.,0.));
#7702=DIRECTION('',(0.,0.,1.));
#7703=DIRECTION('',(0.,1.,6.7762635780344E-18));
#7704=DIRECTION('',(0.,-6.7762635780344E-18,1.));
#7705=DIRECTION('',(0.,0.,-1.));
#7706=DIRECTION('',(-1.,0.,0.));
#7707=DIRECTION('',(0.,0.,1.));
#7708=DIRECTION('',(0.,1.,6.7762635780344E-18));
#7709=DIRECTION('',(0.,-6.7762635780344E-18,1.));
#7710=DIRECTION('',(0.,0.,-1.));
#7711=DIRECTION('',(-1.,0.,0.));
#7712=DIRECTION('',(0.,0.,1.));
#7713=DIRECTION('',(0.,1.,6.7762635780344E-18));
#7714=DIRECTION('',(0.,-6.7762635780344E-18,1.));
#7715=DIRECTION('',(0.,0.,-1.));
#7716=DIRECTION('',(-1.,0.,0.));
#7717=DIRECTION('',(0.,0.,1.));
#7718=DIRECTION('',(0.,1.,6.7762635780344E-18));
#7719=DIRECTION('',(0.,-6.7762635780344E-18,1.));
#7720=DIRECTION('',(0.,0.,-1.));
#7721=DIRECTION('',(-1.,0.,0.));
#7722=DIRECTION('',(0.,0.,1.));
#7723=DIRECTION('',(0.,1.,6.7762635780344E-18));
#7724=DIRECTION('',(0.,-6.7762635780344E-18,1.));
#7725=DIRECTION('',(0.,0.,-1.));
#7726=DIRECTION('',(-1.,0.,0.));
#7727=DIRECTION('',(0.,0.,1.));
#7728=DIRECTION('',(0.,0.,1.));
#7729=DIRECTION('',(1.,0.,0.));
#7730=DIRECTION('',(0.,-1.,0.));
#7731=DIRECTION('',(-1.,0.,0.));
#7732=DIRECTION('',(0.,1.,0.));
#7733=DIRECTION('',(0.,0.,1.));
#7734=DIRECTION('',(1.,0.,0.));
#7735=DIRECTION('',(0.,-1.,0.));
#7736=DIRECTION('',(-1.,0.,0.));
#7737=DIRECTION('',(0.,1.,0.));
#7738=DIRECTION('',(0.,0.,1.));
#7739=DIRECTION('',(1.,0.,0.));
#7740=DIRECTION('',(0.,-1.,0.));
#7741=DIRECTION('',(-1.,0.,0.));
#7742=DIRECTION('',(0.,1.,0.));
#7743=DIRECTION('',(0.,0.,1.));
#7744=DIRECTION('',(1.,0.,0.));
#7745=DIRECTION('',(0.,-1.,0.));
#7746=DIRECTION('',(-1.,0.,0.));
#7747=DIRECTION('',(0.,1.,0.));
#7748=DIRECTION('',(0.,0.,1.));
#7749=DIRECTION('',(1.,0.,0.));
#7750=DIRECTION('',(0.,-1.,0.));
#7751=DIRECTION('',(-1.,0.,0.));
#7752=DIRECTION('',(0.,1.,0.));
#7753=DIRECTION('',(0.,0.,1.));
#7754=DIRECTION('',(1.,0.,0.));
#7755=DIRECTION('',(0.,-1.,0.));
#7756=DIRECTION('',(-1.,0.,0.));
#7757=DIRECTION('',(0.,1.,0.));
#7758=DIRECTION('',(-1.,0.,0.));
#7759=DIRECTION('',(0.,0.,1.));
#7760=DIRECTION('',(-1.,0.,0.));
#7761=DIRECTION('',(0.,0.,1.));
#7762=DIRECTION('',(-1.,0.,0.));
#7763=DIRECTION('',(1.,0.,0.));
#7764=DIRECTION('',(0.,0.,-1.));
#7765=DIRECTION('',(-1.,0.,0.));
#7766=DIRECTION('',(0.,0.,1.));
#7767=DIRECTION('',(-1.,0.,0.));
#7768=DIRECTION('',(0.,0.,1.));
#7769=DIRECTION('',(-1.,0.,0.));
#7770=DIRECTION('',(1.,0.,0.));
#7771=DIRECTION('',(0.,0.,-1.));
#7772=DIRECTION('',(-1.,0.,0.));
#7773=DIRECTION('',(0.,0.,1.));
#7774=DIRECTION('',(-1.,0.,0.));
#7775=DIRECTION('',(0.,0.,1.));
#7776=DIRECTION('',(-1.,0.,0.));
#7777=DIRECTION('',(1.,0.,0.));
#7778=DIRECTION('',(0.,0.,-1.));
#7779=DIRECTION('',(-1.,0.,0.));
#7780=DIRECTION('',(0.,0.,1.));
#7781=DIRECTION('',(-1.,0.,0.));
#7782=DIRECTION('',(0.,0.,1.));
#7783=DIRECTION('',(-1.,0.,0.));
#7784=DIRECTION('',(1.,0.,0.));
#7785=DIRECTION('',(0.,0.,-1.));
#7786=DIRECTION('',(-1.,0.,0.));
#7787=DIRECTION('',(0.,0.,1.));
#7788=DIRECTION('',(-1.,0.,0.));
#7789=DIRECTION('',(0.,0.,1.));
#7790=DIRECTION('',(-1.,0.,0.));
#7791=DIRECTION('',(1.,0.,0.));
#7792=DIRECTION('',(0.,0.,-1.));
#7793=DIRECTION('',(-1.,0.,0.));
#7794=DIRECTION('',(0.,0.,1.));
#7795=DIRECTION('',(-1.,0.,0.));
#7796=DIRECTION('',(0.,0.,1.));
#7797=DIRECTION('',(-1.,0.,0.));
#7798=DIRECTION('',(1.,0.,0.));
#7799=DIRECTION('',(0.,0.,-1.));
#7800=DIRECTION('',(0.,-0.90630778703665,0.422618261740699));
#7801=DIRECTION('',(0.,-0.422618261740699,-0.90630778703665));
#7802=DIRECTION('',(0.,-0.422618261740699,-0.90630778703665));
#7803=DIRECTION('',(-1.,0.,0.));
#7804=DIRECTION('',(0.,0.422618261740699,0.90630778703665));
#7805=DIRECTION('',(0.,-0.90630778703665,0.422618261740699));
#7806=DIRECTION('',(0.,-0.422618261740699,-0.90630778703665));
#7807=DIRECTION('',(0.,-0.422618261740699,-0.90630778703665));
#7808=DIRECTION('',(-1.,0.,0.));
#7809=DIRECTION('',(0.,0.422618261740699,0.90630778703665));
#7810=DIRECTION('',(0.,-0.90630778703665,0.422618261740699));
#7811=DIRECTION('',(0.,-0.422618261740699,-0.90630778703665));
#7812=DIRECTION('',(0.,-0.422618261740699,-0.90630778703665));
#7813=DIRECTION('',(-1.,0.,0.));
#7814=DIRECTION('',(0.,0.422618261740699,0.90630778703665));
#7815=DIRECTION('',(0.,-0.90630778703665,0.422618261740699));
#7816=DIRECTION('',(0.,-0.422618261740699,-0.90630778703665));
#7817=DIRECTION('',(0.,-0.422618261740699,-0.90630778703665));
#7818=DIRECTION('',(-1.,0.,0.));
#7819=DIRECTION('',(0.,0.422618261740699,0.90630778703665));
#7820=DIRECTION('',(0.,-0.90630778703665,0.422618261740699));
#7821=DIRECTION('',(0.,-0.422618261740699,-0.90630778703665));
#7822=DIRECTION('',(0.,-0.422618261740699,-0.90630778703665));
#7823=DIRECTION('',(-1.,0.,0.));
#7824=DIRECTION('',(0.,0.422618261740699,0.90630778703665));
#7825=DIRECTION('',(0.,-0.90630778703665,0.422618261740699));
#7826=DIRECTION('',(0.,-0.422618261740699,-0.90630778703665));
#7827=DIRECTION('',(0.,-0.422618261740699,-0.90630778703665));
#7828=DIRECTION('',(-1.,0.,0.));
#7829=DIRECTION('',(0.,0.422618261740699,0.90630778703665));
#7830=DIRECTION('',(0.,0.,1.));
#7831=DIRECTION('',(1.,0.,0.));
#7832=DIRECTION('',(0.,-1.,0.));
#7833=DIRECTION('',(-1.,0.,0.));
#7834=DIRECTION('',(0.,1.,0.));
#7835=DIRECTION('',(0.,0.,1.));
#7836=DIRECTION('',(1.,0.,0.));
#7837=DIRECTION('',(0.,-1.,0.));
#7838=DIRECTION('',(-1.,0.,0.));
#7839=DIRECTION('',(0.,1.,0.));
#7840=DIRECTION('',(0.,0.,1.));
#7841=DIRECTION('',(1.,0.,0.));
#7842=DIRECTION('',(0.,-1.,0.));
#7843=DIRECTION('',(-1.,0.,0.));
#7844=DIRECTION('',(0.,1.,0.));
#7845=DIRECTION('',(0.,0.,1.));
#7846=DIRECTION('',(1.,0.,0.));
#7847=DIRECTION('',(0.,-1.,0.));
#7848=DIRECTION('',(-1.,0.,0.));
#7849=DIRECTION('',(0.,1.,0.));
#7850=DIRECTION('',(0.,0.,1.));
#7851=DIRECTION('',(1.,0.,0.));
#7852=DIRECTION('',(0.,-1.,0.));
#7853=DIRECTION('',(-1.,0.,0.));
#7854=DIRECTION('',(0.,1.,0.));
#7855=DIRECTION('',(0.,0.,1.));
#7856=DIRECTION('',(1.,0.,0.));
#7857=DIRECTION('',(0.,-1.,0.));
#7858=DIRECTION('',(-1.,0.,0.));
#7859=DIRECTION('',(0.,1.,0.));
#7860=DIRECTION('',(-1.,0.,0.));
#7861=DIRECTION('',(0.,0.,1.));
#7862=DIRECTION('',(-1.,0.,0.));
#7863=DIRECTION('',(0.,0.,1.));
#7864=DIRECTION('',(1.,0.,0.));
#7865=DIRECTION('',(0.,0.,-1.));
#7866=DIRECTION('',(-1.,0.,0.));
#7867=DIRECTION('',(0.,0.,1.));
#7868=DIRECTION('',(-1.,0.,0.));
#7869=DIRECTION('',(0.,0.,1.));
#7870=DIRECTION('',(1.,0.,0.));
#7871=DIRECTION('',(0.,0.,-1.));
#7872=DIRECTION('',(-1.,0.,0.));
#7873=DIRECTION('',(0.,0.,1.));
#7874=DIRECTION('',(-1.,0.,0.));
#7875=DIRECTION('',(0.,0.,1.));
#7876=DIRECTION('',(1.,0.,0.));
#7877=DIRECTION('',(0.,0.,-1.));
#7878=DIRECTION('',(-1.,0.,0.));
#7879=DIRECTION('',(0.,0.,1.));
#7880=DIRECTION('',(-1.,0.,0.));
#7881=DIRECTION('',(0.,0.,1.));
#7882=DIRECTION('',(1.,0.,0.));
#7883=DIRECTION('',(0.,0.,-1.));
#7884=DIRECTION('',(-1.,0.,0.));
#7885=DIRECTION('',(0.,0.,1.));
#7886=DIRECTION('',(-1.,0.,0.));
#7887=DIRECTION('',(0.,0.,1.));
#7888=DIRECTION('',(1.,0.,0.));
#7889=DIRECTION('',(0.,0.,-1.));
#7890=DIRECTION('',(-1.,0.,0.));
#7891=DIRECTION('',(0.,0.,1.));
#7892=DIRECTION('',(-1.,0.,0.));
#7893=DIRECTION('',(0.,0.,1.));
#7894=DIRECTION('',(1.,0.,0.));
#7895=DIRECTION('',(0.,0.,-1.));
#7896=DIRECTION('',(0.,0.,-1.));
#7897=DIRECTION('',(-1.,0.,0.));
#7898=DIRECTION('',(0.,0.,-1.));
#7899=DIRECTION('',(-1.,0.,0.));
#7900=DIRECTION('',(0.,-1.,0.));
#7901=DIRECTION('',(-1.,0.,0.));
#7902=DIRECTION('',(0.,0.,1.));
#7903=DIRECTION('',(0.,0.,-1.));
#7904=DIRECTION('',(-1.,0.,0.));
#7905=DIRECTION('',(0.,-1.,0.));
#7906=DIRECTION('',(1.,0.,0.));
#7907=DIRECTION('',(0.,0.,-1.));
#7908=DIRECTION('',(-1.,0.,0.));
#7909=DIRECTION('',(0.,0.,1.));
#7910=DIRECTION('',(0.,-1.,0.));
#7911=DIRECTION('',(0.,0.,-1.));
#7912=DIRECTION('',(-1.,0.,0.));
#7913=DIRECTION('',(0.,-1.,0.));
#7914=DIRECTION('',(1.,0.,0.));
#7915=DIRECTION('',(0.,0.,-1.));
#7916=DIRECTION('',(-1.,0.,0.));
#7917=DIRECTION('',(0.,0.,1.));
#7918=DIRECTION('',(0.,-1.,0.));
#7919=DIRECTION('',(0.,0.,-1.));
#7920=DIRECTION('',(-1.,0.,0.));
#7921=DIRECTION('',(0.,-1.,0.));
#7922=DIRECTION('',(1.,0.,0.));
#7923=DIRECTION('',(0.,0.,-1.));
#7924=DIRECTION('',(-1.,0.,0.));
#7925=DIRECTION('',(0.,0.,1.));
#7926=DIRECTION('',(0.,-1.,0.));
#7927=DIRECTION('',(0.,0.,-1.));
#7928=DIRECTION('',(-1.,0.,0.));
#7929=DIRECTION('',(0.,-1.,0.));
#7930=DIRECTION('',(1.,0.,0.));
#7931=DIRECTION('',(0.,0.,-1.));
#7932=DIRECTION('',(-1.,0.,0.));
#7933=DIRECTION('',(0.,0.,1.));
#7934=DIRECTION('',(0.,-1.,0.));
#7935=DIRECTION('',(0.,0.,-1.));
#7936=DIRECTION('',(-1.,0.,0.));
#7937=DIRECTION('',(0.,-1.,0.));
#7938=DIRECTION('',(1.,0.,0.));
#7939=DIRECTION('',(0.,0.,-1.));
#7940=DIRECTION('',(1.,0.,0.));
#7941=DIRECTION('',(0.,0.,-1.));
#7942=DIRECTION('',(0.,-1.,0.));
#7943=DIRECTION('',(0.,0.,-1.));
#7944=DIRECTION('',(-1.,0.,0.));
#7945=DIRECTION('',(0.,-1.,0.));
#7946=DIRECTION('',(-1.,0.,0.));
#7947=DIRECTION('',(0.,0.,1.));
#7948=DIRECTION('',(-1.,0.,0.));
#7949=DIRECTION('',(0.,0.,1.));
#7950=DIRECTION('',(0.,-1.,0.));
#7951=DIRECTION('',(0.,0.,1.));
#7952=DIRECTION('',(1.,0.,0.));
#7953=DIRECTION('',(-1.,0.,0.));
#7954=DIRECTION('',(0.,0.,1.));
#7955=DIRECTION('',(0.,-1.,0.));
#7956=DIRECTION('',(1.,0.,0.));
#7957=DIRECTION('',(0.,0.,-1.));
#7958=DIRECTION('',(0.,-1.,0.));
#7959=DIRECTION('',(0.,0.,1.));
#7960=DIRECTION('',(1.,0.,0.));
#7961=DIRECTION('',(-1.,0.,0.));
#7962=DIRECTION('',(0.,0.,1.));
#7963=DIRECTION('',(0.,-1.,0.));
#7964=DIRECTION('',(1.,0.,0.));
#7965=DIRECTION('',(0.,0.,-1.));
#7966=DIRECTION('',(0.,-1.,0.));
#7967=DIRECTION('',(0.,0.,1.));
#7968=DIRECTION('',(1.,0.,0.));
#7969=DIRECTION('',(-1.,0.,0.));
#7970=DIRECTION('',(0.,0.,1.));
#7971=DIRECTION('',(0.,-1.,0.));
#7972=DIRECTION('',(1.,0.,0.));
#7973=DIRECTION('',(0.,0.,-1.));
#7974=DIRECTION('',(0.,-1.,0.));
#7975=DIRECTION('',(0.,0.,1.));
#7976=DIRECTION('',(1.,0.,0.));
#7977=DIRECTION('',(-1.,0.,0.));
#7978=DIRECTION('',(0.,0.,1.));
#7979=DIRECTION('',(0.,-1.,0.));
#7980=DIRECTION('',(1.,0.,0.));
#7981=DIRECTION('',(0.,0.,-1.));
#7982=DIRECTION('',(0.,-1.,0.));
#7983=DIRECTION('',(0.,0.,1.));
#7984=DIRECTION('',(1.,0.,0.));
#7985=DIRECTION('',(-1.,0.,0.));
#7986=DIRECTION('',(0.,0.,1.));
#7987=DIRECTION('',(0.,-1.,0.));
#7988=DIRECTION('',(1.,0.,0.));
#7989=DIRECTION('',(0.,0.,-1.));
#7990=DIRECTION('',(0.,-1.,0.));
#7991=DIRECTION('',(0.,0.,1.));
#7992=DIRECTION('',(1.,0.,0.));
#7993=DIRECTION('',(1.,0.,0.));
#7994=DIRECTION('',(0.,0.,-1.));
#7995=DIRECTION('',(0.,-1.,0.));
#7996=DIRECTION('',(0.,0.,1.));
#7997=DIRECTION('',(1.,0.,0.));
#7998=DIRECTION('',(0.,0.,1.));
#7999=DIRECTION('',(1.,0.,0.));
#8000=DIRECTION('',(0.,-1.,0.));
#8001=DIRECTION('',(-1.,0.,0.));
#8002=DIRECTION('',(0.,0.,1.));
#8003=DIRECTION('',(1.,0.,0.));
#8004=DIRECTION('',(0.,0.,-1.));
#8005=DIRECTION('',(0.,-1.,0.));
#8006=DIRECTION('',(0.,0.,1.));
#8007=DIRECTION('',(1.,0.,0.));
#8008=DIRECTION('',(0.,-1.,0.));
#8009=DIRECTION('',(-1.,0.,0.));
#8010=DIRECTION('',(0.,0.,1.));
#8011=DIRECTION('',(1.,0.,0.));
#8012=DIRECTION('',(0.,0.,-1.));
#8013=DIRECTION('',(0.,-1.,0.));
#8014=DIRECTION('',(0.,0.,1.));
#8015=DIRECTION('',(1.,0.,0.));
#8016=DIRECTION('',(0.,-1.,0.));
#8017=DIRECTION('',(-1.,0.,0.));
#8018=DIRECTION('',(0.,0.,1.));
#8019=DIRECTION('',(1.,0.,0.));
#8020=DIRECTION('',(0.,0.,-1.));
#8021=DIRECTION('',(0.,-1.,0.));
#8022=DIRECTION('',(0.,0.,1.));
#8023=DIRECTION('',(1.,0.,0.));
#8024=DIRECTION('',(0.,-1.,0.));
#8025=DIRECTION('',(-1.,0.,0.));
#8026=DIRECTION('',(0.,0.,1.));
#8027=DIRECTION('',(1.,0.,0.));
#8028=DIRECTION('',(0.,0.,-1.));
#8029=DIRECTION('',(0.,-1.,0.));
#8030=DIRECTION('',(0.,0.,1.));
#8031=DIRECTION('',(1.,0.,0.));
#8032=DIRECTION('',(0.,-1.,0.));
#8033=DIRECTION('',(-1.,0.,0.));
#8034=DIRECTION('',(0.,0.,1.));
#8035=DIRECTION('',(1.,0.,0.));
#8036=DIRECTION('',(0.,0.,-1.));
#8037=DIRECTION('',(0.,-1.,0.));
#8038=DIRECTION('',(0.,0.,1.));
#8039=DIRECTION('',(1.,0.,0.));
#8040=DIRECTION('',(0.,-1.,0.));
#8041=DIRECTION('',(-1.,0.,0.));
#8042=DIRECTION('',(0.,0.,1.));
#8043=DIRECTION('',(0.,0.,1.));
#8044=DIRECTION('',(1.,0.,0.));
#8045=DIRECTION('',(0.,-1.,0.));
#8046=DIRECTION('',(1.,0.,0.));
#8047=DIRECTION('',(0.,0.,-1.));
#8048=DIRECTION('',(0.,0.,1.));
#8049=DIRECTION('',(1.,0.,0.));
#8050=CARTESIAN_POINT('',(0.,0.,0.));
#8051=CARTESIAN_POINT('',(1.75,0.9,-1.74373870972731));
#8052=CARTESIAN_POINT('',(1.75,0.9,-1.74373870972731));
#8053=CARTESIAN_POINT('',(1.75,0.9,-1.74373870972731));
#8054=CARTESIAN_POINT('',(1.35,0.9,-1.74373870972731));
#8055=CARTESIAN_POINT('',(1.35,0.9,-1.74373870972731));
#8056=CARTESIAN_POINT('',(1.35,0.4,-0.37));
#8057=CARTESIAN_POINT('',(1.75,0.4,-0.37));
#8058=CARTESIAN_POINT('',(1.75,0.4,-0.37));
#8059=CARTESIAN_POINT('',(1.75,0.9,-1.74373870972731));
#8060=CARTESIAN_POINT('',(1.75,0.9,-1.74373870972731));
#8061=CARTESIAN_POINT('',(1.75,0.4,-0.37));
#8062=CARTESIAN_POINT('',(1.15,0.4,-0.37));
#8063=CARTESIAN_POINT('',(0.85,0.4,-0.37));
#8064=CARTESIAN_POINT('',(1.15,0.9,-1.74373870972731));
#8065=CARTESIAN_POINT('',(1.15,0.9,-1.74373870972731));
#8066=CARTESIAN_POINT('',(1.75,0.9,-1.74373870972731));
#8067=CARTESIAN_POINT('',(0.85,0.9,-1.74373870972731));
#8068=CARTESIAN_POINT('',(0.85,0.9,-1.74373870972731));
#8069=CARTESIAN_POINT('',(1.75,0.9,-1.74373870972731));
#8070=CARTESIAN_POINT('',(1.75,0.4,-0.37));
#8071=CARTESIAN_POINT('',(0.65,0.4,-0.37));
#8072=CARTESIAN_POINT('',(0.35,0.4,-0.37));
#8073=CARTESIAN_POINT('',(0.65,0.9,-1.74373870972731));
#8074=CARTESIAN_POINT('',(0.65,0.9,-1.74373870972731));
#8075=CARTESIAN_POINT('',(1.75,0.9,-1.74373870972731));
#8076=CARTESIAN_POINT('',(0.35,0.9,-1.74373870972731));
#8077=CARTESIAN_POINT('',(0.35,0.9,-1.74373870972731));
#8078=CARTESIAN_POINT('',(1.75,0.9,-1.74373870972731));
#8079=CARTESIAN_POINT('',(1.75,0.4,-0.37));
#8080=CARTESIAN_POINT('',(0.15,0.4,-0.37));
#8081=CARTESIAN_POINT('',(-0.15,0.4,-0.37));
#8082=CARTESIAN_POINT('',(0.15,0.9,-1.74373870972731));
#8083=CARTESIAN_POINT('',(0.15,0.9,-1.74373870972731));
#8084=CARTESIAN_POINT('',(1.75,0.9,-1.74373870972731));
#8085=CARTESIAN_POINT('',(-0.15,0.9,-1.74373870972731));
#8086=CARTESIAN_POINT('',(-0.15,0.9,-1.74373870972731));
#8087=CARTESIAN_POINT('',(1.75,0.9,-1.74373870972731));
#8088=CARTESIAN_POINT('',(1.75,0.4,-0.37));
#8089=CARTESIAN_POINT('',(-0.35,0.4,-0.37));
#8090=CARTESIAN_POINT('',(-0.65,0.4,-0.37));
#8091=CARTESIAN_POINT('',(-0.35,0.9,-1.74373870972731));
#8092=CARTESIAN_POINT('',(-0.35,0.9,-1.74373870972731));
#8093=CARTESIAN_POINT('',(1.75,0.9,-1.74373870972731));
#8094=CARTESIAN_POINT('',(-0.65,0.9,-1.74373870972731));
#8095=CARTESIAN_POINT('',(-0.65,0.9,-1.74373870972731));
#8096=CARTESIAN_POINT('',(1.75,0.9,-1.74373870972731));
#8097=CARTESIAN_POINT('',(1.75,0.4,-0.37));
#8098=CARTESIAN_POINT('',(-1.35,0.4,-0.37));
#8099=CARTESIAN_POINT('',(-1.75,0.4,-0.37));
#8100=CARTESIAN_POINT('',(-1.35,0.9,-1.74373870972731));
#8101=CARTESIAN_POINT('',(-1.35,0.9,-1.74373870972731));
#8102=CARTESIAN_POINT('',(1.75,0.9,-1.74373870972731));
#8103=CARTESIAN_POINT('',(-1.75,0.9,-1.74373870972731));
#8104=CARTESIAN_POINT('',(-1.75,0.9,-1.74373870972731));
#8105=CARTESIAN_POINT('',(0.,0.01,0.));
#8106=CARTESIAN_POINT('',(-1.35,0.01,0.));
#8107=CARTESIAN_POINT('',(-1.35,0.01,-2.98));
#8108=CARTESIAN_POINT('',(-1.35,0.01,-4.72));
#8109=CARTESIAN_POINT('',(0.,0.01,-2.98));
#8110=CARTESIAN_POINT('',(-1.75,0.01,-2.98));
#8111=CARTESIAN_POINT('',(0.,0.01,-2.98));
#8112=CARTESIAN_POINT('',(-1.8,0.01,-2.98));
#8113=CARTESIAN_POINT('',(-1.8,0.01,3.42379633416475E-16));
#8114=CARTESIAN_POINT('',(-1.8,0.01,-1.7));
#8115=CARTESIAN_POINT('',(-2.075,0.01,-1.7));
#8116=CARTESIAN_POINT('',(-2.075,0.01,-1.7));
#8117=CARTESIAN_POINT('',(-2.075,0.01,-4.72));
#8118=CARTESIAN_POINT('',(-2.075,0.01,-4.72));
#8119=CARTESIAN_POINT('',(2.075,0.01,-4.72));
#8120=CARTESIAN_POINT('',(0.,0.01,0.));
#8121=CARTESIAN_POINT('',(0.,0.01,-2.98));
#8122=CARTESIAN_POINT('',(-1.15,0.01,-2.98));
#8123=CARTESIAN_POINT('',(-0.849999999999999,0.01,-2.98));
#8124=CARTESIAN_POINT('',(-1.15,0.01,0.));
#8125=CARTESIAN_POINT('',(-1.15,0.01,-4.72));
#8126=CARTESIAN_POINT('',(2.075,0.01,-4.72));
#8127=CARTESIAN_POINT('',(-0.849999999999999,0.01,-4.72));
#8128=CARTESIAN_POINT('',(-0.849999999999999,0.01,0.));
#8129=CARTESIAN_POINT('',(0.,0.01,0.));
#8130=CARTESIAN_POINT('',(0.,0.01,-2.98));
#8131=CARTESIAN_POINT('',(-0.649999999999999,0.01,-2.98));
#8132=CARTESIAN_POINT('',(-0.349999999999999,0.01,-2.98));
#8133=CARTESIAN_POINT('',(-0.649999999999999,0.01,0.));
#8134=CARTESIAN_POINT('',(-0.649999999999999,0.01,-4.72));
#8135=CARTESIAN_POINT('',(2.075,0.01,-4.72));
#8136=CARTESIAN_POINT('',(-0.35,0.01,-4.72));
#8137=CARTESIAN_POINT('',(-0.349999999999999,0.01,0.));
#8138=CARTESIAN_POINT('',(0.,0.01,0.));
#8139=CARTESIAN_POINT('',(0.,0.01,-2.98));
#8140=CARTESIAN_POINT('',(-0.149999999999997,0.01,-2.98));
#8141=CARTESIAN_POINT('',(0.150000000000001,0.01,-2.98));
#8142=CARTESIAN_POINT('',(-0.149999999999997,0.01,0.));
#8143=CARTESIAN_POINT('',(-0.149999999999997,0.01,-4.72));
#8144=CARTESIAN_POINT('',(2.075,0.01,-4.72));
#8145=CARTESIAN_POINT('',(0.150000000000001,0.01,-4.72));
#8146=CARTESIAN_POINT('',(0.150000000000001,0.01,0.));
#8147=CARTESIAN_POINT('',(0.,0.01,0.));
#8148=CARTESIAN_POINT('',(0.,0.01,-2.98));
#8149=CARTESIAN_POINT('',(0.350000000000001,0.01,-2.98));
#8150=CARTESIAN_POINT('',(0.650000000000001,0.01,-2.98));
#8151=CARTESIAN_POINT('',(0.350000000000001,0.01,0.));
#8152=CARTESIAN_POINT('',(0.350000000000001,0.01,-4.72));
#8153=CARTESIAN_POINT('',(2.075,0.01,-4.72));
#8154=CARTESIAN_POINT('',(0.650000000000001,0.01,-4.72));
#8155=CARTESIAN_POINT('',(0.650000000000001,0.01,0.));
#8156=CARTESIAN_POINT('',(0.,0.01,0.));
#8157=CARTESIAN_POINT('',(0.,0.01,-2.98));
#8158=CARTESIAN_POINT('',(0.850000000000001,0.01,-2.98));
#8159=CARTESIAN_POINT('',(1.15,0.01,-2.98));
#8160=CARTESIAN_POINT('',(0.850000000000001,0.01,0.));
#8161=CARTESIAN_POINT('',(0.850000000000001,0.01,-4.72));
#8162=CARTESIAN_POINT('',(2.075,0.01,-4.72));
#8163=CARTESIAN_POINT('',(1.15,0.01,-4.72));
#8164=CARTESIAN_POINT('',(1.15,0.01,0.));
#8165=CARTESIAN_POINT('',(0.,0.01,0.));
#8166=CARTESIAN_POINT('',(0.,0.01,-2.98));
#8167=CARTESIAN_POINT('',(1.35,0.01,-2.98));
#8168=CARTESIAN_POINT('',(1.75,0.01,-2.98));
#8169=CARTESIAN_POINT('',(1.35,0.01,0.));
#8170=CARTESIAN_POINT('',(1.35,0.01,-4.72));
#8171=CARTESIAN_POINT('',(2.075,0.01,-4.72));
#8172=CARTESIAN_POINT('',(2.075,0.01,-4.72));
#8173=CARTESIAN_POINT('',(2.075,0.01,-1.7));
#8174=CARTESIAN_POINT('',(2.075,0.01,-1.7));
#8175=CARTESIAN_POINT('',(-2.075,0.01,-1.7));
#8176=CARTESIAN_POINT('',(1.8,0.01,-1.7));
#8177=CARTESIAN_POINT('',(1.8,0.01,0.));
#8178=CARTESIAN_POINT('',(1.8,0.01,-2.98));
#8179=CARTESIAN_POINT('',(0.,0.01,-2.98));
#8180=CARTESIAN_POINT('',(1.75,0.,-2.98));
#8181=CARTESIAN_POINT('',(-1.35,0.,-2.98));
#8182=CARTESIAN_POINT('',(-1.35,0.,-2.98));
#8183=CARTESIAN_POINT('',(1.75,0.,-2.98));
#8184=CARTESIAN_POINT('',(-1.75,0.,-2.98));
#8185=CARTESIAN_POINT('',(-1.75,0.,-2.98));
#8186=CARTESIAN_POINT('',(1.75,0.,-2.98));
#8187=CARTESIAN_POINT('',(-1.15,0.,-2.98));
#8188=CARTESIAN_POINT('',(-1.15,0.,-2.98));
#8189=CARTESIAN_POINT('',(-0.849999999999999,0.,-2.98));
#8190=CARTESIAN_POINT('',(-0.849999999999999,0.,-2.98));
#8191=CARTESIAN_POINT('',(1.75,0.,-2.98));
#8192=CARTESIAN_POINT('',(1.75,0.,-2.98));
#8193=CARTESIAN_POINT('',(-0.649999999999999,0.,-2.98));
#8194=CARTESIAN_POINT('',(-0.649999999999999,0.,-2.98));
#8195=CARTESIAN_POINT('',(-0.349999999999999,0.,-2.98));
#8196=CARTESIAN_POINT('',(-0.349999999999999,0.,-2.98));
#8197=CARTESIAN_POINT('',(1.75,0.,-2.98));
#8198=CARTESIAN_POINT('',(1.75,0.,-2.98));
#8199=CARTESIAN_POINT('',(-0.149999999999997,0.,-2.98));
#8200=CARTESIAN_POINT('',(-0.149999999999997,0.,-2.98));
#8201=CARTESIAN_POINT('',(0.150000000000001,0.,-2.98));
#8202=CARTESIAN_POINT('',(0.150000000000001,0.,-2.98));
#8203=CARTESIAN_POINT('',(1.75,0.,-2.98));
#8204=CARTESIAN_POINT('',(1.75,0.,-2.98));
#8205=CARTESIAN_POINT('',(0.350000000000001,0.,-2.98));
#8206=CARTESIAN_POINT('',(0.350000000000001,0.,-2.98));
#8207=CARTESIAN_POINT('',(0.650000000000001,0.,-2.98));
#8208=CARTESIAN_POINT('',(0.650000000000001,0.,-2.98));
#8209=CARTESIAN_POINT('',(1.75,0.,-2.98));
#8210=CARTESIAN_POINT('',(1.75,0.,-2.98));
#8211=CARTESIAN_POINT('',(0.850000000000001,0.,-2.98));
#8212=CARTESIAN_POINT('',(0.850000000000001,0.,-2.98));
#8213=CARTESIAN_POINT('',(1.15,0.,-2.98));
#8214=CARTESIAN_POINT('',(1.15,0.,-2.98));
#8215=CARTESIAN_POINT('',(1.75,0.,-2.98));
#8216=CARTESIAN_POINT('',(1.75,0.,-2.98));
#8217=CARTESIAN_POINT('',(1.35,0.,-2.98));
#8218=CARTESIAN_POINT('',(1.35,0.,-2.98));
#8219=CARTESIAN_POINT('',(1.75,0.,-2.98));
#8220=CARTESIAN_POINT('',(1.75,0.,-2.98));
#8221=CARTESIAN_POINT('',(1.75,0.,-2.98));
#8222=CARTESIAN_POINT('',(1.75,0.,-0.37));
#8223=CARTESIAN_POINT('',(-1.35,0.,-0.37));
#8224=CARTESIAN_POINT('',(-1.35,0.,-1.8));
#8225=CARTESIAN_POINT('',(-1.35,0.,-1.8));
#8226=CARTESIAN_POINT('',(-1.15,0.,-1.8));
#8227=CARTESIAN_POINT('',(-1.15,0.,-1.8));
#8228=CARTESIAN_POINT('',(-0.849999999999999,0.,-0.37));
#8229=CARTESIAN_POINT('',(-0.849999999999999,0.,-1.8));
#8230=CARTESIAN_POINT('',(-0.849999999999999,0.,-1.8));
#8231=CARTESIAN_POINT('',(-0.649999999999999,0.,-1.8));
#8232=CARTESIAN_POINT('',(-0.649999999999999,0.,-1.8));
#8233=CARTESIAN_POINT('',(-0.349999999999999,0.,-0.37));
#8234=CARTESIAN_POINT('',(-0.349999999999999,0.,-1.8));
#8235=CARTESIAN_POINT('',(-0.349999999999999,0.,-1.8));
#8236=CARTESIAN_POINT('',(-0.149999999999997,0.,-1.8));
#8237=CARTESIAN_POINT('',(-0.149999999999997,0.,-1.8));
#8238=CARTESIAN_POINT('',(0.150000000000001,0.,-0.37));
#8239=CARTESIAN_POINT('',(0.150000000000001,0.,-1.8));
#8240=CARTESIAN_POINT('',(0.150000000000001,0.,-1.8));
#8241=CARTESIAN_POINT('',(0.350000000000001,0.,-1.8));
#8242=CARTESIAN_POINT('',(0.350000000000001,0.,-1.8));
#8243=CARTESIAN_POINT('',(0.650000000000001,0.,-0.37));
#8244=CARTESIAN_POINT('',(0.650000000000001,0.,-1.8));
#8245=CARTESIAN_POINT('',(0.650000000000001,0.,-1.8));
#8246=CARTESIAN_POINT('',(0.850000000000001,0.,-1.8));
#8247=CARTESIAN_POINT('',(0.850000000000001,0.,-1.8));
#8248=CARTESIAN_POINT('',(1.15,0.,-0.37));
#8249=CARTESIAN_POINT('',(1.15,0.,-1.8));
#8250=CARTESIAN_POINT('',(1.15,0.,-1.8));
#8251=CARTESIAN_POINT('',(1.35,0.,-1.8));
#8252=CARTESIAN_POINT('',(1.35,0.,-1.8));
#8253=CARTESIAN_POINT('',(1.75,0.,-0.37));
#8254=CARTESIAN_POINT('',(1.75,0.,-0.37));
#8255=CARTESIAN_POINT('',(1.75,0.,-0.37));
#8256=CARTESIAN_POINT('',(-1.75,0.,-0.37));
#8257=CARTESIAN_POINT('',(-1.75,0.,-0.37));
#8258=CARTESIAN_POINT('',(1.15,2.,-4.));
#8259=CARTESIAN_POINT('',(1.15,0.1,-4.));
#8260=CARTESIAN_POINT('',(1.15,0.1,-4.));
#8261=CARTESIAN_POINT('',(1.35,0.1,-4.));
#8262=CARTESIAN_POINT('',(1.15,2.,-4.));
#8263=CARTESIAN_POINT('',(1.15,1.9,-4.));
#8264=CARTESIAN_POINT('',(1.15,1.9,-4.));
#8265=CARTESIAN_POINT('',(1.35,1.9,-4.));
#8266=CARTESIAN_POINT('',(1.35,2.,-4.));
#8267=CARTESIAN_POINT('',(0.650000000000001,2.,-4.));
#8268=CARTESIAN_POINT('',(0.650000000000001,0.1,-4.));
#8269=CARTESIAN_POINT('',(0.650000000000001,0.1,-4.));
#8270=CARTESIAN_POINT('',(0.850000000000001,0.1,-4.));
#8271=CARTESIAN_POINT('',(0.650000000000001,2.,-4.));
#8272=CARTESIAN_POINT('',(0.650000000000001,1.9,-4.));
#8273=CARTESIAN_POINT('',(0.650000000000001,1.9,-4.));
#8274=CARTESIAN_POINT('',(0.850000000000001,1.9,-4.));
#8275=CARTESIAN_POINT('',(0.850000000000001,2.,-4.));
#8276=CARTESIAN_POINT('',(0.150000000000001,2.,-4.));
#8277=CARTESIAN_POINT('',(0.150000000000001,0.1,-4.));
#8278=CARTESIAN_POINT('',(0.150000000000001,0.1,-4.));
#8279=CARTESIAN_POINT('',(0.350000000000001,0.1,-4.));
#8280=CARTESIAN_POINT('',(0.150000000000001,2.,-4.));
#8281=CARTESIAN_POINT('',(0.150000000000001,1.9,-4.));
#8282=CARTESIAN_POINT('',(0.150000000000001,1.9,-4.));
#8283=CARTESIAN_POINT('',(0.350000000000001,1.9,-4.));
#8284=CARTESIAN_POINT('',(0.350000000000001,2.,-4.));
#8285=CARTESIAN_POINT('',(-0.349999999999999,2.,-4.));
#8286=CARTESIAN_POINT('',(-0.349999999999999,0.1,-4.));
#8287=CARTESIAN_POINT('',(-0.349999999999999,0.1,-4.));
#8288=CARTESIAN_POINT('',(-0.149999999999997,0.1,-4.));
#8289=CARTESIAN_POINT('',(-0.349999999999999,2.,-4.));
#8290=CARTESIAN_POINT('',(-0.349999999999999,1.9,-4.));
#8291=CARTESIAN_POINT('',(-0.349999999999999,1.9,-4.));
#8292=CARTESIAN_POINT('',(-0.149999999999997,1.9,-4.));
#8293=CARTESIAN_POINT('',(-0.149999999999997,2.,-4.));
#8294=CARTESIAN_POINT('',(-0.849999999999999,2.,-4.));
#8295=CARTESIAN_POINT('',(-0.849999999999999,0.1,-4.));
#8296=CARTESIAN_POINT('',(-0.849999999999999,0.1,-4.));
#8297=CARTESIAN_POINT('',(-0.649999999999999,0.1,-4.));
#8298=CARTESIAN_POINT('',(-0.849999999999999,2.,-4.));
#8299=CARTESIAN_POINT('',(-0.849999999999999,1.9,-4.));
#8300=CARTESIAN_POINT('',(-0.849999999999999,1.9,-4.));
#8301=CARTESIAN_POINT('',(-0.649999999999999,1.9,-4.));
#8302=CARTESIAN_POINT('',(-0.649999999999999,2.,-4.));
#8303=CARTESIAN_POINT('',(-1.35,2.,-4.));
#8304=CARTESIAN_POINT('',(-1.35,0.1,-4.));
#8305=CARTESIAN_POINT('',(-1.35,0.1,-4.));
#8306=CARTESIAN_POINT('',(-1.15,0.1,-4.));
#8307=CARTESIAN_POINT('',(-1.35,2.,-4.));
#8308=CARTESIAN_POINT('',(-1.35,1.9,-4.));
#8309=CARTESIAN_POINT('',(-1.35,1.9,-4.));
#8310=CARTESIAN_POINT('',(-1.15,1.9,-4.));
#8311=CARTESIAN_POINT('',(-1.15,2.,-4.));
#8312=CARTESIAN_POINT('',(2.075,1.98,-4.72));
#8313=CARTESIAN_POINT('',(-1.35,1.98,-4.72));
#8314=CARTESIAN_POINT('',(-1.35,1.98,-4.72));
#8315=CARTESIAN_POINT('',(-2.075,1.98,-4.72));
#8316=CARTESIAN_POINT('',(-2.075,1.98,-4.72));
#8317=CARTESIAN_POINT('',(2.075,1.98,-4.72));
#8318=CARTESIAN_POINT('',(2.075,1.98,-4.72));
#8319=CARTESIAN_POINT('',(-1.15,1.98,-4.72));
#8320=CARTESIAN_POINT('',(-1.15,1.98,-4.72));
#8321=CARTESIAN_POINT('',(2.075,1.98,-4.72));
#8322=CARTESIAN_POINT('',(-0.849999999999999,1.98,-4.72));
#8323=CARTESIAN_POINT('',(-0.849999999999999,1.98,-4.72));
#8324=CARTESIAN_POINT('',(2.075,1.98,-4.72));
#8325=CARTESIAN_POINT('',(-0.649999999999999,1.98,-4.72));
#8326=CARTESIAN_POINT('',(-0.649999999999999,1.98,-4.72));
#8327=CARTESIAN_POINT('',(2.075,1.98,-4.72));
#8328=CARTESIAN_POINT('',(-0.349999999999999,1.98,-4.72));
#8329=CARTESIAN_POINT('',(-0.35,1.98,-4.72));
#8330=CARTESIAN_POINT('',(2.075,1.98,-4.72));
#8331=CARTESIAN_POINT('',(-0.149999999999997,1.98,-4.72));
#8332=CARTESIAN_POINT('',(-0.149999999999997,1.98,-4.72));
#8333=CARTESIAN_POINT('',(2.075,1.98,-4.72));
#8334=CARTESIAN_POINT('',(0.150000000000001,1.98,-4.72));
#8335=CARTESIAN_POINT('',(0.150000000000001,1.98,-4.72));
#8336=CARTESIAN_POINT('',(2.075,1.98,-4.72));
#8337=CARTESIAN_POINT('',(0.350000000000001,1.98,-4.72));
#8338=CARTESIAN_POINT('',(0.350000000000001,1.98,-4.72));
#8339=CARTESIAN_POINT('',(2.075,1.98,-4.72));
#8340=CARTESIAN_POINT('',(0.650000000000001,1.98,-4.72));
#8341=CARTESIAN_POINT('',(0.650000000000001,1.98,-4.72));
#8342=CARTESIAN_POINT('',(2.075,1.98,-4.72));
#8343=CARTESIAN_POINT('',(0.850000000000001,1.98,-4.72));
#8344=CARTESIAN_POINT('',(0.850000000000001,1.98,-4.72));
#8345=CARTESIAN_POINT('',(2.075,1.98,-4.72));
#8346=CARTESIAN_POINT('',(1.15,1.98,-4.72));
#8347=CARTESIAN_POINT('',(1.15,1.98,-4.72));
#8348=CARTESIAN_POINT('',(2.075,1.98,-4.72));
#8349=CARTESIAN_POINT('',(1.35,1.98,-4.72));
#8350=CARTESIAN_POINT('',(1.35,1.98,-4.72));
#8351=CARTESIAN_POINT('',(2.075,1.98,-4.72));
#8352=CARTESIAN_POINT('',(2.075,1.98,-4.72));
#8353=CARTESIAN_POINT('',(2.075,1.98,-4.72));
#8354=CARTESIAN_POINT('',(0.,1.98,0.));
#8355=CARTESIAN_POINT('',(3.90312782094782E-15,1.98,-1.8));
#8356=CARTESIAN_POINT('',(-1.35,1.98,-1.8));
#8357=CARTESIAN_POINT('',(-1.15,1.98,-1.8));
#8358=CARTESIAN_POINT('',(-1.35,1.98,0.));
#8359=CARTESIAN_POINT('',(-2.075,1.98,-4.72));
#8360=CARTESIAN_POINT('',(-2.075,1.98,-1.7));
#8361=CARTESIAN_POINT('',(-2.075,1.98,-1.7));
#8362=CARTESIAN_POINT('',(2.075,1.98,-1.7));
#8363=CARTESIAN_POINT('',(2.075,1.98,-1.7));
#8364=CARTESIAN_POINT('',(1.35,1.98,0.));
#8365=CARTESIAN_POINT('',(1.35,1.98,-1.8));
#8366=CARTESIAN_POINT('',(0.,1.98,-1.8));
#8367=CARTESIAN_POINT('',(1.15,1.98,-1.8));
#8368=CARTESIAN_POINT('',(1.15,1.98,0.));
#8369=CARTESIAN_POINT('',(0.850000000000001,1.98,0.));
#8370=CARTESIAN_POINT('',(0.850000000000001,1.98,-1.8));
#8371=CARTESIAN_POINT('',(0.,1.98,-1.8));
#8372=CARTESIAN_POINT('',(0.650000000000001,1.98,-1.8));
#8373=CARTESIAN_POINT('',(0.650000000000001,1.98,0.));
#8374=CARTESIAN_POINT('',(0.350000000000001,1.98,0.));
#8375=CARTESIAN_POINT('',(0.350000000000001,1.98,-1.8));
#8376=CARTESIAN_POINT('',(0.,1.98,-1.8));
#8377=CARTESIAN_POINT('',(0.150000000000001,1.98,-1.8));
#8378=CARTESIAN_POINT('',(0.150000000000001,1.98,0.));
#8379=CARTESIAN_POINT('',(-0.149999999999997,1.98,0.));
#8380=CARTESIAN_POINT('',(-0.149999999999997,1.98,-1.8));
#8381=CARTESIAN_POINT('',(0.,1.98,-1.8));
#8382=CARTESIAN_POINT('',(-0.349999999999999,1.98,-1.8));
#8383=CARTESIAN_POINT('',(-0.349999999999999,1.98,0.));
#8384=CARTESIAN_POINT('',(-0.649999999999999,1.98,0.));
#8385=CARTESIAN_POINT('',(-0.649999999999999,1.98,-1.8));
#8386=CARTESIAN_POINT('',(0.,1.98,-1.8));
#8387=CARTESIAN_POINT('',(-0.849999999999999,1.98,-1.8));
#8388=CARTESIAN_POINT('',(-0.849999999999999,1.98,0.));
#8389=CARTESIAN_POINT('',(-1.15,1.98,0.));
#8390=CARTESIAN_POINT('',(4.325,2.,-1.7));
#8391=CARTESIAN_POINT('',(1.8,2.,-1.7));
#8392=CARTESIAN_POINT('',(1.8,0.,-1.7));
#8393=CARTESIAN_POINT('',(2.075,2.05,-1.7));
#8394=CARTESIAN_POINT('',(2.075,0.,-1.7));
#8395=CARTESIAN_POINT('',(4.325,0.,-1.7));
#8396=CARTESIAN_POINT('',(4.325,2.,-1.7));
#8397=CARTESIAN_POINT('',(-1.8,2.,-1.7));
#8398=CARTESIAN_POINT('',(-1.8,0.,-1.7));
#8399=CARTESIAN_POINT('',(4.325,0.,-1.7));
#8400=CARTESIAN_POINT('',(-2.075,0.,-1.7));
#8401=CARTESIAN_POINT('',(-2.075,2.05,-1.7));
#8402=CARTESIAN_POINT('',(-3.825,2.,0.));
#8403=CARTESIAN_POINT('',(-2.1,1.1,-5.42101086242752E-17));
#8404=CARTESIAN_POINT('',(-2.1,1.1,-5.42101086242752E-17));
#8405=CARTESIAN_POINT('',(-2.1,0.,-5.42101086242752E-17));
#8406=CARTESIAN_POINT('',(-2.1,1.1,0.));
#8407=CARTESIAN_POINT('',(2.1,1.1,0.));
#8408=CARTESIAN_POINT('',(2.1,1.1,0.));
#8409=CARTESIAN_POINT('',(2.1,0.,0.));
#8410=CARTESIAN_POINT('',(-3.825,0.,0.));
#8411=CARTESIAN_POINT('',(3.825,0.,0.));
#8412=CARTESIAN_POINT('',(3.825,2.,0.));
#8413=CARTESIAN_POINT('',(3.825,2.,0.));
#8414=CARTESIAN_POINT('',(-3.825,2.,0.));
#8415=CARTESIAN_POINT('',(-3.825,2.,1.0842021724855E-16));
#8416=CARTESIAN_POINT('',(-3.825,2.,1.0842021724855E-16));
#8417=CARTESIAN_POINT('',(-3.825,0.,1.0842021724855E-16));
#8418=CARTESIAN_POINT('',(-3.825,0.,0.));
#8419=CARTESIAN_POINT('',(-3.825,0.,-0.499999999999998));
#8420=CARTESIAN_POINT('',(2.1,0.,0.));
#8421=CARTESIAN_POINT('',(2.1,0.,-0.4));
#8422=CARTESIAN_POINT('',(2.1,0.,-0.4));
#8423=CARTESIAN_POINT('',(1.8,0.,-0.700000000000001));
#8424=CARTESIAN_POINT('',(1.8,0.,-0.700000000000001));
#8425=CARTESIAN_POINT('',(4.325,0.,-1.7));
#8426=CARTESIAN_POINT('',(3.575,0.,-1.7));
#8427=CARTESIAN_POINT('',(4.325,0.,-1.7));
#8428=CARTESIAN_POINT('',(4.325,0.,-1.7));
#8429=CARTESIAN_POINT('',(4.325,0.,-0.5));
#8430=CARTESIAN_POINT('',(4.325,0.,-0.5));
#8431=CARTESIAN_POINT('',(3.825,0.,-0.499999999999998));
#8432=CARTESIAN_POINT('',(-3.825,0.,-0.499999999999998));
#8433=CARTESIAN_POINT('',(-2.1,0.,-0.4));
#8434=CARTESIAN_POINT('',(-2.1,0.,-0.4));
#8435=CARTESIAN_POINT('',(-3.825,0.,-0.499999999999998));
#8436=CARTESIAN_POINT('',(-4.325,0.,-0.5));
#8437=CARTESIAN_POINT('',(-4.325,0.,-1.7));
#8438=CARTESIAN_POINT('',(-4.325,0.,-1.7));
#8439=CARTESIAN_POINT('',(4.325,0.,-1.7));
#8440=CARTESIAN_POINT('',(-3.575,0.,-1.7));
#8441=CARTESIAN_POINT('',(4.325,0.,-1.7));
#8442=CARTESIAN_POINT('',(-1.8,0.,-2.98));
#8443=CARTESIAN_POINT('',(-1.8,0.,-0.7));
#8444=CARTESIAN_POINT('',(-1.8,0.,-0.7));
#8445=CARTESIAN_POINT('',(4.325,2.,-1.7));
#8446=CARTESIAN_POINT('',(2.075,2.05,-1.7));
#8447=CARTESIAN_POINT('',(2.075,2.,-1.7));
#8448=CARTESIAN_POINT('',(-2.075,2.05,-1.7));
#8449=CARTESIAN_POINT('',(-2.075,2.,-1.7));
#8450=CARTESIAN_POINT('',(4.325,2.,-1.7));
#8451=CARTESIAN_POINT('',(4.325,2.,-1.7));
#8452=CARTESIAN_POINT('',(3.575,2.05,-1.7));
#8453=CARTESIAN_POINT('',(3.575,2.,-1.7));
#8454=CARTESIAN_POINT('',(4.325,2.,-1.7));
#8455=CARTESIAN_POINT('',(4.325,2.,-1.7));
#8456=CARTESIAN_POINT('',(4.325,2.,-1.7));
#8457=CARTESIAN_POINT('',(-4.325,2.,-1.7));
#8458=CARTESIAN_POINT('',(-4.325,2.,-0.5));
#8459=CARTESIAN_POINT('',(-4.325,2.,-0.5));
#8460=CARTESIAN_POINT('',(-4.325,2.,-1.7));
#8461=CARTESIAN_POINT('',(-4.325,2.,-1.7));
#8462=CARTESIAN_POINT('',(-4.325,2.,-1.7));
#8463=CARTESIAN_POINT('',(-3.825,2.,-0.499999999999998));
#8464=CARTESIAN_POINT('',(-3.825,2.,-0.499999999999998));
#8465=CARTESIAN_POINT('',(3.825,2.,-0.499999999999998));
#8466=CARTESIAN_POINT('',(4.325,2.,-0.5));
#8467=CARTESIAN_POINT('',(4.325,2.,-0.5));
#8468=CARTESIAN_POINT('',(3.825,2.,-0.499999999999998));
#8469=CARTESIAN_POINT('',(4.325,2.,-0.5));
#8470=CARTESIAN_POINT('',(4.325,2.,-0.5));
#8471=CARTESIAN_POINT('',(4.325,2.,-1.7));
#8472=CARTESIAN_POINT('',(4.325,2.,-1.7));
#8473=CARTESIAN_POINT('',(-3.575,2.,-1.7));
#8474=CARTESIAN_POINT('',(-3.575,2.05,-1.7));
#8475=CARTESIAN_POINT('',(-3.825,2.,-0.499999999999998));
#8476=CARTESIAN_POINT('',(-3.825,2.,-1.7));
#8477=CARTESIAN_POINT('',(4.325,2.,-1.7));
#8478=CARTESIAN_POINT('',(-3.575,2.05,-1.7));
#8479=CARTESIAN_POINT('',(-2.075,2.05,-1.7));
#8480=CARTESIAN_POINT('',(-2.075,-0.05,-1.7));
#8481=CARTESIAN_POINT('',(-3.575,2.05,-1.7));
#8482=CARTESIAN_POINT('',(-3.575,-0.05,-1.7));
#8483=CARTESIAN_POINT('',(-3.575,-0.05,-1.7));
#8484=CARTESIAN_POINT('',(-2.075,2.05,-4.82));
#8485=CARTESIAN_POINT('',(-2.075,-0.05,-4.82));
#8486=CARTESIAN_POINT('',(-2.075,-0.05,-4.82));
#8487=CARTESIAN_POINT('',(-3.575,-0.05,-4.82));
#8488=CARTESIAN_POINT('',(-3.575,2.05,-4.82));
#8489=CARTESIAN_POINT('',(-3.575,2.05,-4.82));
#8490=CARTESIAN_POINT('',(-2.075,2.05,-4.82));
#8491=CARTESIAN_POINT('',(-2.075,2.05,-4.82));
#8492=CARTESIAN_POINT('',(-2.075,2.05,-4.82));
#8493=CARTESIAN_POINT('',(-3.575,2.05,-4.82));
#8494=CARTESIAN_POINT('',(-3.575,-0.05,-4.82));
#8495=CARTESIAN_POINT('',(-3.575,2.05,-1.7));
#8496=CARTESIAN_POINT('',(-3.575,2.05,-1.7));
#8497=CARTESIAN_POINT('',(-3.575,2.05,-4.82));
#8498=CARTESIAN_POINT('',(-3.575,2.05,-1.7));
#8499=CARTESIAN_POINT('',(-2.075,2.05,-1.7));
#8500=CARTESIAN_POINT('',(-2.075,2.05,-1.7));
#8501=CARTESIAN_POINT('',(-3.575,2.05,-1.7));
#8502=CARTESIAN_POINT('',(-2.075,2.05,-1.7));
#8503=CARTESIAN_POINT('',(-2.075,-0.05,-1.7));
#8504=CARTESIAN_POINT('',(-2.075,2.05,-1.7));
#8505=CARTESIAN_POINT('',(0.,2.05,0.));
#8506=CARTESIAN_POINT('',(0.,-0.05,0.));
#8507=CARTESIAN_POINT('',(2.075,2.05,-1.7));
#8508=CARTESIAN_POINT('',(3.575,2.05,-1.7));
#8509=CARTESIAN_POINT('',(3.575,-0.05,-1.7));
#8510=CARTESIAN_POINT('',(2.075,2.05,-1.7));
#8511=CARTESIAN_POINT('',(2.075,-0.05,-1.7));
#8512=CARTESIAN_POINT('',(2.075,-0.05,-1.7));
#8513=CARTESIAN_POINT('',(3.575,2.05,-4.82));
#8514=CARTESIAN_POINT('',(3.575,-0.05,-4.82));
#8515=CARTESIAN_POINT('',(3.575,-0.05,-4.82));
#8516=CARTESIAN_POINT('',(2.075,-0.05,-4.82));
#8517=CARTESIAN_POINT('',(2.075,2.05,-4.82));
#8518=CARTESIAN_POINT('',(2.075,2.05,-4.82));
#8519=CARTESIAN_POINT('',(3.575,2.05,-4.82));
#8520=CARTESIAN_POINT('',(3.575,2.05,-4.82));
#8521=CARTESIAN_POINT('',(3.575,2.05,-4.82));
#8522=CARTESIAN_POINT('',(2.075,2.05,-4.82));
#8523=CARTESIAN_POINT('',(2.075,2.05,-1.7));
#8524=CARTESIAN_POINT('',(2.075,2.05,-1.7));
#8525=CARTESIAN_POINT('',(2.075,2.05,-4.82));
#8526=CARTESIAN_POINT('',(2.075,-0.05,-4.82));
#8527=CARTESIAN_POINT('',(2.075,2.05,-1.7));
#8528=CARTESIAN_POINT('',(3.575,2.05,-1.7));
#8529=CARTESIAN_POINT('',(3.575,2.05,-1.7));
#8530=CARTESIAN_POINT('',(2.075,2.05,-1.7));
#8531=CARTESIAN_POINT('',(3.575,2.05,-1.7));
#8532=CARTESIAN_POINT('',(3.575,-0.05,-1.7));
#8533=CARTESIAN_POINT('',(3.575,2.05,-1.7));
#8534=CARTESIAN_POINT('',(0.,2.05,0.));
#8535=CARTESIAN_POINT('',(0.,-0.05,0.));
#8536=CARTESIAN_POINT('',(1.8,1.1,-0.700000000000001));
#8537=CARTESIAN_POINT('',(1.8,1.1,-0.700000000000001));
#8538=CARTESIAN_POINT('',(1.8,1.1,-0.700000000000001));
#8539=CARTESIAN_POINT('',(1.8,1.1,-0.700000000000001));
#8540=CARTESIAN_POINT('',(1.8,1.1,-2.98));
#8541=CARTESIAN_POINT('',(1.8,1.1,-2.98));
#8542=CARTESIAN_POINT('',(1.8,1.1,-2.98));
#8543=CARTESIAN_POINT('',(1.75,1.1,-2.98));
#8544=CARTESIAN_POINT('',(1.75,0.9,-2.98));
#8545=CARTESIAN_POINT('',(1.8,1.1,-2.98));
#8546=CARTESIAN_POINT('',(-1.8,1.1,-2.98));
#8547=CARTESIAN_POINT('',(-1.8,1.1,-2.98));
#8548=CARTESIAN_POINT('',(-1.75,1.1,-2.98));
#8549=CARTESIAN_POINT('',(-1.75,0.9,-2.98));
#8550=CARTESIAN_POINT('',(1.75,0.9,-2.98));
#8551=CARTESIAN_POINT('',(-1.8,1.1,-2.98));
#8552=CARTESIAN_POINT('',(-1.8,1.1,-2.98));
#8553=CARTESIAN_POINT('',(-1.8,1.1,-0.7));
#8554=CARTESIAN_POINT('',(-1.8,1.1,-0.7));
#8555=CARTESIAN_POINT('',(-1.8,1.1,-0.7));
#8556=CARTESIAN_POINT('',(-1.8,1.1,-0.7));
#8557=CARTESIAN_POINT('',(-2.1,1.1,-0.4));
#8558=CARTESIAN_POINT('',(-2.1,1.1,-0.4));
#8559=CARTESIAN_POINT('',(-2.1,1.1,-0.4));
#8560=CARTESIAN_POINT('',(-2.1,1.1,-0.4));
#8561=CARTESIAN_POINT('',(2.1,1.1,0.));
#8562=CARTESIAN_POINT('',(2.1,1.1,0.));
#8563=CARTESIAN_POINT('',(2.1,1.1,-0.4));
#8564=CARTESIAN_POINT('',(2.1,1.1,-0.4));
#8565=CARTESIAN_POINT('',(2.1,1.1,-0.4));
#8566=CARTESIAN_POINT('',(2.1,1.1,-0.4));
#8567=CARTESIAN_POINT('',(0.,1.1,0.));
#8568=CARTESIAN_POINT('',(1.75,0.9,-1.74373870972731));
#8569=CARTESIAN_POINT('',(1.75,0.4,-0.37));
#8570=CARTESIAN_POINT('',(-0.85,0.4,-0.37));
#8571=CARTESIAN_POINT('',(-1.15,0.4,-0.37));
#8572=CARTESIAN_POINT('',(-0.85,0.9,-1.74373870972731));
#8573=CARTESIAN_POINT('',(-0.85,0.9,-1.74373870972731));
#8574=CARTESIAN_POINT('',(1.75,0.9,-1.74373870972731));
#8575=CARTESIAN_POINT('',(-1.15,0.9,-1.74373870972731));
#8576=CARTESIAN_POINT('',(-1.15,0.9,-1.74373870972731));
#8577=CARTESIAN_POINT('',(1.75,0.4,-0.37));
#8578=CARTESIAN_POINT('',(1.75,0.25,-0.37));
#8579=CARTESIAN_POINT('',(-1.35,0.25,-0.37));
#8580=CARTESIAN_POINT('',(-1.15,0.25,-0.37));
#8581=CARTESIAN_POINT('',(-1.35,0.4,-0.37));
#8582=CARTESIAN_POINT('',(-1.75,0.4,-0.37));
#8583=CARTESIAN_POINT('',(1.75,0.4,-0.37));
#8584=CARTESIAN_POINT('',(1.35,0.4,-0.37));
#8585=CARTESIAN_POINT('',(1.35,0.25,-0.37));
#8586=CARTESIAN_POINT('',(1.75,0.25,-0.37));
#8587=CARTESIAN_POINT('',(1.15,0.25,-0.37));
#8588=CARTESIAN_POINT('',(1.15,0.4,-0.37));
#8589=CARTESIAN_POINT('',(0.85,0.4,-0.37));
#8590=CARTESIAN_POINT('',(0.85,0.25,-0.37));
#8591=CARTESIAN_POINT('',(1.75,0.25,-0.37));
#8592=CARTESIAN_POINT('',(0.65,0.25,-0.37));
#8593=CARTESIAN_POINT('',(0.65,0.4,-0.37));
#8594=CARTESIAN_POINT('',(0.35,0.4,-0.37));
#8595=CARTESIAN_POINT('',(0.35,0.25,-0.37));
#8596=CARTESIAN_POINT('',(1.75,0.25,-0.37));
#8597=CARTESIAN_POINT('',(0.15,0.25,-0.37));
#8598=CARTESIAN_POINT('',(0.15,0.4,-0.37));
#8599=CARTESIAN_POINT('',(-0.15,0.4,-0.37));
#8600=CARTESIAN_POINT('',(-0.15,0.25,-0.37));
#8601=CARTESIAN_POINT('',(1.75,0.25,-0.37));
#8602=CARTESIAN_POINT('',(-0.35,0.25,-0.37));
#8603=CARTESIAN_POINT('',(-0.35,0.4,-0.37));
#8604=CARTESIAN_POINT('',(-0.65,0.4,-0.37));
#8605=CARTESIAN_POINT('',(-0.65,0.25,-0.37));
#8606=CARTESIAN_POINT('',(1.75,0.25,-0.37));
#8607=CARTESIAN_POINT('',(-0.85,0.25,-0.37));
#8608=CARTESIAN_POINT('',(-0.85,0.4,-0.37));
#8609=CARTESIAN_POINT('',(-1.15,0.4,-0.37));
#8610=CARTESIAN_POINT('',(1.75,0.9,-2.98));
#8611=CARTESIAN_POINT('',(1.75,0.9,-2.));
#8612=CARTESIAN_POINT('',(1.15,0.9,-2.));
#8613=CARTESIAN_POINT('',(1.35,0.9,-2.));
#8614=CARTESIAN_POINT('',(1.35,0.9,-2.98));
#8615=CARTESIAN_POINT('',(1.75,0.9,-2.98));
#8616=CARTESIAN_POINT('',(-1.75,0.9,-2.98));
#8617=CARTESIAN_POINT('',(-1.35,0.9,-2.98));
#8618=CARTESIAN_POINT('',(-1.35,0.9,-2.));
#8619=CARTESIAN_POINT('',(1.75,0.9,-2.));
#8620=CARTESIAN_POINT('',(-1.15,0.9,-2.));
#8621=CARTESIAN_POINT('',(-1.15,0.9,-2.98));
#8622=CARTESIAN_POINT('',(-0.85,0.9,-2.98));
#8623=CARTESIAN_POINT('',(-0.85,0.9,-2.));
#8624=CARTESIAN_POINT('',(1.75,0.9,-2.));
#8625=CARTESIAN_POINT('',(-0.65,0.9,-2.));
#8626=CARTESIAN_POINT('',(-0.65,0.9,-2.98));
#8627=CARTESIAN_POINT('',(-0.35,0.9,-2.98));
#8628=CARTESIAN_POINT('',(-0.35,0.9,-2.));
#8629=CARTESIAN_POINT('',(1.75,0.9,-2.));
#8630=CARTESIAN_POINT('',(-0.15,0.9,-2.));
#8631=CARTESIAN_POINT('',(-0.15,0.9,-2.98));
#8632=CARTESIAN_POINT('',(0.15,0.9,-2.98));
#8633=CARTESIAN_POINT('',(0.15,0.9,-2.));
#8634=CARTESIAN_POINT('',(1.75,0.9,-2.));
#8635=CARTESIAN_POINT('',(0.35,0.9,-2.));
#8636=CARTESIAN_POINT('',(0.35,0.9,-2.98));
#8637=CARTESIAN_POINT('',(0.65,0.9,-2.98));
#8638=CARTESIAN_POINT('',(0.65,0.9,-2.));
#8639=CARTESIAN_POINT('',(1.75,0.9,-2.));
#8640=CARTESIAN_POINT('',(0.85,0.9,-2.));
#8641=CARTESIAN_POINT('',(0.85,0.9,-2.98));
#8642=CARTESIAN_POINT('',(1.15,0.9,-2.98));
#8643=CARTESIAN_POINT('',(1.75,0.,0.));
#8644=CARTESIAN_POINT('',(-1.75,0.,0.));
#8645=CARTESIAN_POINT('',(1.35,2.,-4.));
#8646=CARTESIAN_POINT('',(1.35,0.1,-1.8));
#8647=CARTESIAN_POINT('',(1.35,0.1,-1.8));
#8648=CARTESIAN_POINT('',(1.35,0.1,-1.8));
#8649=CARTESIAN_POINT('',(1.35,1.9,-1.8));
#8650=CARTESIAN_POINT('',(1.35,1.9,-1.8));
#8651=CARTESIAN_POINT('',(1.35,1.9,-1.8));
#8652=CARTESIAN_POINT('',(1.15,2.,-5.2));
#8653=CARTESIAN_POINT('',(1.15,0.1,-4.8));
#8654=CARTESIAN_POINT('',(1.15,0.1,-1.8));
#8655=CARTESIAN_POINT('',(1.15,0.1,-1.8));
#8656=CARTESIAN_POINT('',(1.15,1.9,-1.8));
#8657=CARTESIAN_POINT('',(1.15,1.9,-1.8));
#8658=CARTESIAN_POINT('',(1.15,1.9,-4.8));
#8659=CARTESIAN_POINT('',(0.850000000000001,2.,-4.));
#8660=CARTESIAN_POINT('',(0.850000000000001,0.1,-1.8));
#8661=CARTESIAN_POINT('',(0.850000000000001,0.1,-1.8));
#8662=CARTESIAN_POINT('',(0.850000000000001,0.1,-1.8));
#8663=CARTESIAN_POINT('',(0.850000000000001,1.9,-1.8));
#8664=CARTESIAN_POINT('',(0.850000000000001,1.9,-1.8));
#8665=CARTESIAN_POINT('',(0.850000000000001,1.9,-1.8));
#8666=CARTESIAN_POINT('',(0.650000000000001,2.,-5.2));
#8667=CARTESIAN_POINT('',(0.650000000000001,0.1,-4.8));
#8668=CARTESIAN_POINT('',(0.650000000000001,0.1,-1.8));
#8669=CARTESIAN_POINT('',(0.650000000000001,0.1,-1.8));
#8670=CARTESIAN_POINT('',(0.650000000000001,1.9,-1.8));
#8671=CARTESIAN_POINT('',(0.650000000000001,1.9,-1.8));
#8672=CARTESIAN_POINT('',(0.650000000000001,1.9,-4.8));
#8673=CARTESIAN_POINT('',(0.350000000000001,2.,-4.));
#8674=CARTESIAN_POINT('',(0.350000000000001,0.1,-1.8));
#8675=CARTESIAN_POINT('',(0.350000000000001,0.1,-1.8));
#8676=CARTESIAN_POINT('',(0.350000000000001,0.1,-1.8));
#8677=CARTESIAN_POINT('',(0.350000000000001,1.9,-1.8));
#8678=CARTESIAN_POINT('',(0.350000000000001,1.9,-1.8));
#8679=CARTESIAN_POINT('',(0.350000000000001,1.9,-1.8));
#8680=CARTESIAN_POINT('',(0.150000000000001,2.,-5.2));
#8681=CARTESIAN_POINT('',(0.150000000000001,0.1,-4.8));
#8682=CARTESIAN_POINT('',(0.150000000000001,0.1,-1.8));
#8683=CARTESIAN_POINT('',(0.150000000000001,0.1,-1.8));
#8684=CARTESIAN_POINT('',(0.150000000000001,1.9,-1.8));
#8685=CARTESIAN_POINT('',(0.150000000000001,1.9,-1.8));
#8686=CARTESIAN_POINT('',(0.150000000000001,1.9,-4.8));
#8687=CARTESIAN_POINT('',(-0.149999999999997,2.,-4.));
#8688=CARTESIAN_POINT('',(-0.149999999999997,0.1,-1.8));
#8689=CARTESIAN_POINT('',(-0.149999999999997,0.1,-1.8));
#8690=CARTESIAN_POINT('',(-0.149999999999997,0.1,-1.8));
#8691=CARTESIAN_POINT('',(-0.149999999999997,1.9,-1.8));
#8692=CARTESIAN_POINT('',(-0.149999999999997,1.9,-1.8));
#8693=CARTESIAN_POINT('',(-0.149999999999997,1.9,-1.8));
#8694=CARTESIAN_POINT('',(-0.349999999999999,2.,-5.2));
#8695=CARTESIAN_POINT('',(-0.349999999999999,0.1,-4.8));
#8696=CARTESIAN_POINT('',(-0.349999999999999,0.1,-1.8));
#8697=CARTESIAN_POINT('',(-0.349999999999999,0.1,-1.8));
#8698=CARTESIAN_POINT('',(-0.349999999999999,1.9,-1.8));
#8699=CARTESIAN_POINT('',(-0.349999999999999,1.9,-1.8));
#8700=CARTESIAN_POINT('',(-0.349999999999999,1.9,-4.8));
#8701=CARTESIAN_POINT('',(-0.649999999999999,2.,-4.));
#8702=CARTESIAN_POINT('',(-0.649999999999999,0.1,-1.8));
#8703=CARTESIAN_POINT('',(-0.649999999999999,0.1,-1.8));
#8704=CARTESIAN_POINT('',(-0.649999999999999,0.1,-1.8));
#8705=CARTESIAN_POINT('',(-0.649999999999999,1.9,-1.8));
#8706=CARTESIAN_POINT('',(-0.649999999999999,1.9,-1.8));
#8707=CARTESIAN_POINT('',(-0.649999999999999,1.9,-1.8));
#8708=CARTESIAN_POINT('',(-0.849999999999999,2.,-5.2));
#8709=CARTESIAN_POINT('',(-0.849999999999999,0.1,-4.8));
#8710=CARTESIAN_POINT('',(-0.849999999999999,0.1,-1.8));
#8711=CARTESIAN_POINT('',(-0.849999999999999,0.1,-1.8));
#8712=CARTESIAN_POINT('',(-0.849999999999999,1.9,-1.8));
#8713=CARTESIAN_POINT('',(-0.849999999999999,1.9,-1.8));
#8714=CARTESIAN_POINT('',(-0.849999999999999,1.9,-4.8));
#8715=CARTESIAN_POINT('',(-1.35,2.,-5.8));
#8716=CARTESIAN_POINT('',(-1.35,0.1,-7.4));
#8717=CARTESIAN_POINT('',(-1.35,0.1,-1.8));
#8718=CARTESIAN_POINT('',(-1.35,0.1,-1.8));
#8719=CARTESIAN_POINT('',(-1.35,1.9,-1.8));
#8720=CARTESIAN_POINT('',(-1.35,1.9,-1.8));
#8721=CARTESIAN_POINT('',(-1.35,1.9,-7.4));
#8722=CARTESIAN_POINT('',(-1.15,2.,-4.));
#8723=CARTESIAN_POINT('',(-1.15,0.1,-1.8));
#8724=CARTESIAN_POINT('',(-1.15,0.1,-1.8));
#8725=CARTESIAN_POINT('',(-1.15,0.1,-1.8));
#8726=CARTESIAN_POINT('',(-1.15,1.9,-1.8));
#8727=CARTESIAN_POINT('',(-1.15,1.9,-1.8));
#8728=CARTESIAN_POINT('',(-1.15,1.9,-1.8));
#8729=CARTESIAN_POINT('',(0.,1.9,0.));
#8730=CARTESIAN_POINT('',(-1.35,1.9,-1.8));
#8731=CARTESIAN_POINT('',(-1.35,1.9,-1.8));
#8732=CARTESIAN_POINT('',(0.,1.9,0.));
#8733=CARTESIAN_POINT('',(-0.849999999999999,1.9,-1.8));
#8734=CARTESIAN_POINT('',(-0.849999999999999,1.9,-1.8));
#8735=CARTESIAN_POINT('',(0.,1.9,0.));
#8736=CARTESIAN_POINT('',(-0.349999999999999,1.9,-1.8));
#8737=CARTESIAN_POINT('',(-0.349999999999999,1.9,-1.8));
#8738=CARTESIAN_POINT('',(0.,1.9,0.));
#8739=CARTESIAN_POINT('',(0.150000000000001,1.9,-1.8));
#8740=CARTESIAN_POINT('',(0.150000000000001,1.9,-1.8));
#8741=CARTESIAN_POINT('',(0.,1.9,0.));
#8742=CARTESIAN_POINT('',(0.650000000000001,1.9,-1.8));
#8743=CARTESIAN_POINT('',(0.650000000000001,1.9,-1.8));
#8744=CARTESIAN_POINT('',(0.,1.9,0.));
#8745=CARTESIAN_POINT('',(1.15,1.9,-1.8));
#8746=CARTESIAN_POINT('',(1.15,1.9,-1.8));
#8747=CARTESIAN_POINT('',(1.15,0.1,-1.8));
#8748=CARTESIAN_POINT('',(1.15,0.1,-1.8));
#8749=CARTESIAN_POINT('',(0.,0.1,0.));
#8750=CARTESIAN_POINT('',(0.650000000000001,0.1,-1.8));
#8751=CARTESIAN_POINT('',(0.650000000000001,0.1,-1.8));
#8752=CARTESIAN_POINT('',(0.,0.1,0.));
#8753=CARTESIAN_POINT('',(0.150000000000001,0.1,-1.8));
#8754=CARTESIAN_POINT('',(0.150000000000001,0.1,-1.8));
#8755=CARTESIAN_POINT('',(0.,0.1,0.));
#8756=CARTESIAN_POINT('',(-0.349999999999999,0.1,-1.8));
#8757=CARTESIAN_POINT('',(-0.349999999999999,0.1,-1.8));
#8758=CARTESIAN_POINT('',(0.,0.1,0.));
#8759=CARTESIAN_POINT('',(-0.849999999999999,0.1,-1.8));
#8760=CARTESIAN_POINT('',(-0.849999999999999,0.1,-1.8));
#8761=CARTESIAN_POINT('',(0.,0.1,0.));
#8762=CARTESIAN_POINT('',(-1.35,0.1,-1.8));
#8763=CARTESIAN_POINT('',(-1.35,0.1,-1.8));
#8764=CARTESIAN_POINT('',(0.,0.1,0.));
#8765=CARTESIAN_POINT('',(-1.15,0.25,-2.));
#8766=CARTESIAN_POINT('',(-1.35,0.25,-2.));
#8767=CARTESIAN_POINT('',(-1.35,0.25,-2.));
#8768=CARTESIAN_POINT('',(-1.15,0.25,-2.));
#8769=CARTESIAN_POINT('',(-1.15,0.25,-2.));
#8770=CARTESIAN_POINT('',(-1.15,0.25,-2.));
#8771=CARTESIAN_POINT('',(-1.15,0.25,0.0499999999999998));
#8772=CARTESIAN_POINT('',(-1.15,0.25,0.0499999999999998));
#8773=CARTESIAN_POINT('',(-1.35,0.25,-2.));
#8774=CARTESIAN_POINT('',(-1.35,0.25,-2.));
#8775=CARTESIAN_POINT('',(0.,0.25,0.));
#8776=CARTESIAN_POINT('',(-0.85,0.25,-2.));
#8777=CARTESIAN_POINT('',(-0.85,0.25,-2.));
#8778=CARTESIAN_POINT('',(-0.85,0.25,-2.));
#8779=CARTESIAN_POINT('',(-0.85,0.25,-2.));
#8780=CARTESIAN_POINT('',(-0.65,0.25,-2.));
#8781=CARTESIAN_POINT('',(-0.65,0.25,-2.));
#8782=CARTESIAN_POINT('',(-0.65,0.25,-2.));
#8783=CARTESIAN_POINT('',(-0.65,0.25,-2.));
#8784=CARTESIAN_POINT('',(-0.65,0.25,0.0499999999999998));
#8785=CARTESIAN_POINT('',(-0.65,0.25,0.0499999999999998));
#8786=CARTESIAN_POINT('',(0.,0.25,0.));
#8787=CARTESIAN_POINT('',(-0.35,0.25,-2.));
#8788=CARTESIAN_POINT('',(-0.35,0.25,-2.));
#8789=CARTESIAN_POINT('',(-0.35,0.25,-2.));
#8790=CARTESIAN_POINT('',(-0.35,0.25,-2.));
#8791=CARTESIAN_POINT('',(-0.15,0.25,-2.));
#8792=CARTESIAN_POINT('',(-0.15,0.25,-2.));
#8793=CARTESIAN_POINT('',(-0.15,0.25,-2.));
#8794=CARTESIAN_POINT('',(-0.15,0.25,-2.));
#8795=CARTESIAN_POINT('',(-0.15,0.25,0.0499999999999998));
#8796=CARTESIAN_POINT('',(-0.15,0.25,0.0499999999999998));
#8797=CARTESIAN_POINT('',(0.,0.25,0.));
#8798=CARTESIAN_POINT('',(0.15,0.25,-2.));
#8799=CARTESIAN_POINT('',(0.15,0.25,-2.));
#8800=CARTESIAN_POINT('',(0.15,0.25,-2.));
#8801=CARTESIAN_POINT('',(0.15,0.25,-2.));
#8802=CARTESIAN_POINT('',(0.35,0.25,-2.));
#8803=CARTESIAN_POINT('',(0.35,0.25,-2.));
#8804=CARTESIAN_POINT('',(0.35,0.25,-2.));
#8805=CARTESIAN_POINT('',(0.35,0.25,-2.));
#8806=CARTESIAN_POINT('',(0.35,0.25,0.0499999999999998));
#8807=CARTESIAN_POINT('',(0.35,0.25,0.0499999999999998));
#8808=CARTESIAN_POINT('',(0.,0.25,0.));
#8809=CARTESIAN_POINT('',(0.65,0.25,-2.));
#8810=CARTESIAN_POINT('',(0.65,0.25,-2.));
#8811=CARTESIAN_POINT('',(0.65,0.25,-2.));
#8812=CARTESIAN_POINT('',(0.65,0.25,-2.));
#8813=CARTESIAN_POINT('',(0.85,0.25,-2.));
#8814=CARTESIAN_POINT('',(0.85,0.25,-2.));
#8815=CARTESIAN_POINT('',(0.85,0.25,-2.));
#8816=CARTESIAN_POINT('',(0.85,0.25,-2.));
#8817=CARTESIAN_POINT('',(0.85,0.25,0.0499999999999998));
#8818=CARTESIAN_POINT('',(0.85,0.25,0.0499999999999998));
#8819=CARTESIAN_POINT('',(0.,0.25,0.));
#8820=CARTESIAN_POINT('',(0.,0.25,0.));
#8821=CARTESIAN_POINT('',(1.35,0.25,0.0499999999999998));
#8822=CARTESIAN_POINT('',(1.35,0.25,-2.));
#8823=CARTESIAN_POINT('',(1.35,0.25,-2.));
#8824=CARTESIAN_POINT('',(1.15,0.25,-2.));
#8825=CARTESIAN_POINT('',(1.15,0.25,-2.));
#8826=CARTESIAN_POINT('',(1.35,0.25,0.0499999999999998));
#8827=CARTESIAN_POINT('',(1.35,0.25,-2.));
#8828=CARTESIAN_POINT('',(1.35,0.25,-2.));
#8829=CARTESIAN_POINT('',(1.15,0.25,-2.));
#8830=CARTESIAN_POINT('',(1.15,0.25,-2.));
#8831=CARTESIAN_POINT('',(0.,0.,0.));
#8832=CARTESIAN_POINT('',(1.6,0.25,-1.5));
#8833=CARTESIAN_POINT('',(1.6,0.25,-3.));
#8834=CARTESIAN_POINT('',(1.35,0.25,-3.));
#8835=CARTESIAN_POINT('',(1.6,0.25,-3.));
#8836=CARTESIAN_POINT('',(1.35,0.25,-1.5));
#8837=CARTESIAN_POINT('',(1.35,0.25,-1.5));
#8838=CARTESIAN_POINT('',(1.6,0.25,-1.5));
#8839=CARTESIAN_POINT('',(1.15,0.25,-1.5));
#8840=CARTESIAN_POINT('',(1.15,0.25,-1.5));
#8841=CARTESIAN_POINT('',(1.15,0.25,-3.));
#8842=CARTESIAN_POINT('',(1.6,0.25,-3.));
#8843=CARTESIAN_POINT('',(0.85,0.25,-3.));
#8844=CARTESIAN_POINT('',(0.85,0.25,-1.5));
#8845=CARTESIAN_POINT('',(0.85,0.25,-1.5));
#8846=CARTESIAN_POINT('',(1.6,0.25,-1.5));
#8847=CARTESIAN_POINT('',(0.65,0.25,-1.5));
#8848=CARTESIAN_POINT('',(0.65,0.25,-1.5));
#8849=CARTESIAN_POINT('',(0.65,0.25,-3.));
#8850=CARTESIAN_POINT('',(1.6,0.25,-3.));
#8851=CARTESIAN_POINT('',(0.35,0.25,-3.));
#8852=CARTESIAN_POINT('',(0.35,0.25,-1.5));
#8853=CARTESIAN_POINT('',(0.35,0.25,-1.5));
#8854=CARTESIAN_POINT('',(1.6,0.25,-1.5));
#8855=CARTESIAN_POINT('',(0.15,0.25,-1.5));
#8856=CARTESIAN_POINT('',(0.15,0.25,-1.5));
#8857=CARTESIAN_POINT('',(0.15,0.25,-3.));
#8858=CARTESIAN_POINT('',(1.6,0.25,-3.));
#8859=CARTESIAN_POINT('',(-0.15,0.25,-3.));
#8860=CARTESIAN_POINT('',(-0.15,0.25,-1.5));
#8861=CARTESIAN_POINT('',(-0.15,0.25,-1.5));
#8862=CARTESIAN_POINT('',(1.6,0.25,-1.5));
#8863=CARTESIAN_POINT('',(-0.35,0.25,-1.5));
#8864=CARTESIAN_POINT('',(-0.35,0.25,-1.5));
#8865=CARTESIAN_POINT('',(-0.35,0.25,-3.));
#8866=CARTESIAN_POINT('',(1.6,0.25,-3.));
#8867=CARTESIAN_POINT('',(-0.65,0.25,-3.));
#8868=CARTESIAN_POINT('',(-0.65,0.25,-1.5));
#8869=CARTESIAN_POINT('',(-0.65,0.25,-1.5));
#8870=CARTESIAN_POINT('',(1.6,0.25,-1.5));
#8871=CARTESIAN_POINT('',(-0.85,0.25,-1.5));
#8872=CARTESIAN_POINT('',(-0.85,0.25,-1.5));
#8873=CARTESIAN_POINT('',(-0.85,0.25,-3.));
#8874=CARTESIAN_POINT('',(1.6,0.25,-3.));
#8875=CARTESIAN_POINT('',(-1.15,0.25,-3.));
#8876=CARTESIAN_POINT('',(-1.15,0.25,-1.5));
#8877=CARTESIAN_POINT('',(-1.15,0.25,-1.5));
#8878=CARTESIAN_POINT('',(1.6,0.25,-1.5));
#8879=CARTESIAN_POINT('',(-1.35,0.25,-1.5));
#8880=CARTESIAN_POINT('',(-1.35,0.25,-1.5));
#8881=CARTESIAN_POINT('',(-1.35,0.25,-3.));
#8882=CARTESIAN_POINT('',(1.6,0.25,-3.));
#8883=CARTESIAN_POINT('',(-1.6,0.25,-3.));
#8884=CARTESIAN_POINT('',(-1.6,0.25,-1.5));
#8885=CARTESIAN_POINT('',(-1.6,0.25,-3.6));
#8886=CARTESIAN_POINT('',(1.6,0.25,-3.6));
#8887=CARTESIAN_POINT('',(-1.35,0.25,-3.6));
#8888=CARTESIAN_POINT('',(-1.35,0.25,-1.5));
#8889=CARTESIAN_POINT('',(-1.35,0.25,-4.38));
#8890=CARTESIAN_POINT('',(1.6,0.25,-4.38));
#8891=CARTESIAN_POINT('',(-1.15,0.25,-4.38));
#8892=CARTESIAN_POINT('',(-1.15,0.25,-1.5));
#8893=CARTESIAN_POINT('',(-1.15,0.25,-3.6));
#8894=CARTESIAN_POINT('',(1.6,0.25,-3.6));
#8895=CARTESIAN_POINT('',(-0.85,0.25,-3.6));
#8896=CARTESIAN_POINT('',(-0.85,0.25,-1.5));
#8897=CARTESIAN_POINT('',(-0.85,0.25,-4.38));
#8898=CARTESIAN_POINT('',(1.6,0.25,-4.38));
#8899=CARTESIAN_POINT('',(-0.65,0.25,-4.38));
#8900=CARTESIAN_POINT('',(-0.65,0.25,-1.5));
#8901=CARTESIAN_POINT('',(-0.65,0.25,-3.6));
#8902=CARTESIAN_POINT('',(1.6,0.25,-3.6));
#8903=CARTESIAN_POINT('',(-0.35,0.25,-3.6));
#8904=CARTESIAN_POINT('',(-0.35,0.25,-1.5));
#8905=CARTESIAN_POINT('',(-0.35,0.25,-4.38));
#8906=CARTESIAN_POINT('',(1.6,0.25,-4.38));
#8907=CARTESIAN_POINT('',(-0.15,0.25,-4.38));
#8908=CARTESIAN_POINT('',(-0.15,0.25,-1.5));
#8909=CARTESIAN_POINT('',(-0.149999999999999,0.25,-3.6));
#8910=CARTESIAN_POINT('',(1.6,0.25,-3.6));
#8911=CARTESIAN_POINT('',(0.15,0.25,-3.6));
#8912=CARTESIAN_POINT('',(0.15,0.25,-1.5));
#8913=CARTESIAN_POINT('',(0.15,0.25,-4.38));
#8914=CARTESIAN_POINT('',(1.6,0.25,-4.38));
#8915=CARTESIAN_POINT('',(0.35,0.25,-4.38));
#8916=CARTESIAN_POINT('',(0.35,0.25,-1.5));
#8917=CARTESIAN_POINT('',(0.350000000000001,0.25,-3.6));
#8918=CARTESIAN_POINT('',(1.6,0.25,-3.6));
#8919=CARTESIAN_POINT('',(0.650000000000001,0.25,-3.6));
#8920=CARTESIAN_POINT('',(0.650000000000001,0.25,-1.5));
#8921=CARTESIAN_POINT('',(0.650000000000001,0.25,-4.38));
#8922=CARTESIAN_POINT('',(1.6,0.25,-4.38));
#8923=CARTESIAN_POINT('',(0.85,0.25,-4.38));
#8924=CARTESIAN_POINT('',(0.85,0.25,-1.5));
#8925=CARTESIAN_POINT('',(0.85,0.25,-3.6));
#8926=CARTESIAN_POINT('',(1.6,0.25,-3.6));
#8927=CARTESIAN_POINT('',(1.15,0.25,-3.6));
#8928=CARTESIAN_POINT('',(1.15,0.25,-1.5));
#8929=CARTESIAN_POINT('',(1.15,0.25,-4.38));
#8930=CARTESIAN_POINT('',(1.6,0.25,-4.38));
#8931=CARTESIAN_POINT('',(1.35,0.25,-4.38));
#8932=CARTESIAN_POINT('',(1.35,0.25,-1.5));
#8933=CARTESIAN_POINT('',(1.35,0.25,-3.6));
#8934=CARTESIAN_POINT('',(1.6,0.25,-3.6));
#8935=CARTESIAN_POINT('',(1.6,0.25,-3.6));
#8936=CARTESIAN_POINT('',(1.6,0.25,-1.5));
#8937=CARTESIAN_POINT('',(1.6,1.6,-4.57));
#8938=CARTESIAN_POINT('',(1.6,1.6,-3.));
#8939=CARTESIAN_POINT('',(1.6,1.6,-3.));
#8940=CARTESIAN_POINT('',(1.35,1.6,-3.));
#8941=CARTESIAN_POINT('',(1.6,1.6,-4.57));
#8942=CARTESIAN_POINT('',(1.6,1.6,-3.6));
#8943=CARTESIAN_POINT('',(1.6,1.6,-3.6));
#8944=CARTESIAN_POINT('',(1.35,1.6,-3.6));
#8945=CARTESIAN_POINT('',(1.35,1.6,-4.57));
#8946=CARTESIAN_POINT('',(1.35,1.6,-4.57));
#8947=CARTESIAN_POINT('',(1.6,1.6,-4.57));
#8948=CARTESIAN_POINT('',(1.15,1.6,-4.57));
#8949=CARTESIAN_POINT('',(1.15,1.6,-4.57));
#8950=CARTESIAN_POINT('',(1.15,1.6,-3.6));
#8951=CARTESIAN_POINT('',(1.6,1.6,-3.6));
#8952=CARTESIAN_POINT('',(0.85,1.6,-3.6));
#8953=CARTESIAN_POINT('',(0.85,1.6,-4.57));
#8954=CARTESIAN_POINT('',(0.85,1.6,-4.57));
#8955=CARTESIAN_POINT('',(1.6,1.6,-4.57));
#8956=CARTESIAN_POINT('',(0.650000000000001,1.6,-4.57));
#8957=CARTESIAN_POINT('',(0.650000000000001,1.6,-4.57));
#8958=CARTESIAN_POINT('',(0.650000000000001,1.6,-3.6));
#8959=CARTESIAN_POINT('',(1.6,1.6,-3.6));
#8960=CARTESIAN_POINT('',(0.350000000000001,1.6,-3.6));
#8961=CARTESIAN_POINT('',(0.35,1.6,-4.57));
#8962=CARTESIAN_POINT('',(0.35,1.6,-4.57));
#8963=CARTESIAN_POINT('',(1.6,1.6,-4.57));
#8964=CARTESIAN_POINT('',(0.15,1.6,-4.57));
#8965=CARTESIAN_POINT('',(0.15,1.6,-4.57));
#8966=CARTESIAN_POINT('',(0.15,1.6,-3.6));
#8967=CARTESIAN_POINT('',(1.6,1.6,-3.6));
#8968=CARTESIAN_POINT('',(-0.149999999999999,1.6,-3.6));
#8969=CARTESIAN_POINT('',(-0.15,1.6,-4.57));
#8970=CARTESIAN_POINT('',(-0.15,1.6,-4.57));
#8971=CARTESIAN_POINT('',(1.6,1.6,-4.57));
#8972=CARTESIAN_POINT('',(-0.35,1.6,-4.57));
#8973=CARTESIAN_POINT('',(-0.35,1.6,-4.57));
#8974=CARTESIAN_POINT('',(-0.35,1.6,-3.6));
#8975=CARTESIAN_POINT('',(1.6,1.6,-3.6));
#8976=CARTESIAN_POINT('',(-0.65,1.6,-3.6));
#8977=CARTESIAN_POINT('',(-0.65,1.6,-4.57));
#8978=CARTESIAN_POINT('',(-0.65,1.6,-4.57));
#8979=CARTESIAN_POINT('',(1.6,1.6,-4.57));
#8980=CARTESIAN_POINT('',(-0.85,1.6,-4.57));
#8981=CARTESIAN_POINT('',(-0.85,1.6,-4.57));
#8982=CARTESIAN_POINT('',(-0.85,1.6,-3.6));
#8983=CARTESIAN_POINT('',(1.6,1.6,-3.6));
#8984=CARTESIAN_POINT('',(-1.15,1.6,-3.6));
#8985=CARTESIAN_POINT('',(-1.15,1.6,-4.57));
#8986=CARTESIAN_POINT('',(-1.15,1.6,-4.57));
#8987=CARTESIAN_POINT('',(1.6,1.6,-4.57));
#8988=CARTESIAN_POINT('',(-1.35,1.6,-4.57));
#8989=CARTESIAN_POINT('',(-1.35,1.6,-4.57));
#8990=CARTESIAN_POINT('',(-1.35,1.6,-3.6));
#8991=CARTESIAN_POINT('',(1.6,1.6,-3.6));
#8992=CARTESIAN_POINT('',(-1.6,1.6,-3.6));
#8993=CARTESIAN_POINT('',(-1.6,1.6,-4.57));
#8994=CARTESIAN_POINT('',(-1.6,1.6,-3.));
#8995=CARTESIAN_POINT('',(1.6,1.6,-3.));
#8996=CARTESIAN_POINT('',(-1.35,1.6,-3.));
#8997=CARTESIAN_POINT('',(-1.35,1.6,-4.57));
#8998=CARTESIAN_POINT('',(-1.35,1.6,-1.5));
#8999=CARTESIAN_POINT('',(1.6,1.6,-1.5));
#9000=CARTESIAN_POINT('',(-1.15,1.6,-1.5));
#9001=CARTESIAN_POINT('',(-1.15,1.6,-4.57));
#9002=CARTESIAN_POINT('',(-1.15,1.6,-3.));
#9003=CARTESIAN_POINT('',(1.6,1.6,-3.));
#9004=CARTESIAN_POINT('',(-0.85,1.6,-3.));
#9005=CARTESIAN_POINT('',(-0.85,1.6,-4.57));
#9006=CARTESIAN_POINT('',(-0.85,1.6,-1.5));
#9007=CARTESIAN_POINT('',(1.6,1.6,-1.5));
#9008=CARTESIAN_POINT('',(-0.65,1.6,-1.5));
#9009=CARTESIAN_POINT('',(-0.65,1.6,-4.57));
#9010=CARTESIAN_POINT('',(-0.65,1.6,-3.));
#9011=CARTESIAN_POINT('',(1.6,1.6,-3.));
#9012=CARTESIAN_POINT('',(-0.35,1.6,-3.));
#9013=CARTESIAN_POINT('',(-0.35,1.6,-4.57));
#9014=CARTESIAN_POINT('',(-0.35,1.6,-1.5));
#9015=CARTESIAN_POINT('',(1.6,1.6,-1.5));
#9016=CARTESIAN_POINT('',(-0.15,1.6,-1.5));
#9017=CARTESIAN_POINT('',(-0.15,1.6,-4.57));
#9018=CARTESIAN_POINT('',(-0.15,1.6,-3.));
#9019=CARTESIAN_POINT('',(1.6,1.6,-3.));
#9020=CARTESIAN_POINT('',(0.15,1.6,-3.));
#9021=CARTESIAN_POINT('',(0.15,1.6,-4.57));
#9022=CARTESIAN_POINT('',(0.15,1.6,-1.5));
#9023=CARTESIAN_POINT('',(1.6,1.6,-1.5));
#9024=CARTESIAN_POINT('',(0.35,1.6,-1.5));
#9025=CARTESIAN_POINT('',(0.35,1.6,-4.57));
#9026=CARTESIAN_POINT('',(0.35,1.6,-3.));
#9027=CARTESIAN_POINT('',(1.6,1.6,-3.));
#9028=CARTESIAN_POINT('',(0.65,1.6,-3.));
#9029=CARTESIAN_POINT('',(0.65,1.6,-4.57));
#9030=CARTESIAN_POINT('',(0.65,1.6,-1.5));
#9031=CARTESIAN_POINT('',(1.6,1.6,-1.5));
#9032=CARTESIAN_POINT('',(0.85,1.6,-1.5));
#9033=CARTESIAN_POINT('',(0.85,1.6,-4.57));
#9034=CARTESIAN_POINT('',(0.85,1.6,-3.));
#9035=CARTESIAN_POINT('',(1.6,1.6,-3.));
#9036=CARTESIAN_POINT('',(1.15,1.6,-3.));
#9037=CARTESIAN_POINT('',(1.15,1.6,-4.57));
#9038=CARTESIAN_POINT('',(1.15,1.6,-1.5));
#9039=CARTESIAN_POINT('',(1.6,1.6,-1.5));
#9040=CARTESIAN_POINT('',(1.35,1.6,-1.5));
#9041=CARTESIAN_POINT('',(1.35,1.6,-4.57));
#9042=CARTESIAN_POINT('',(1.6,0.036292973919254,-5.57));
#9043=CARTESIAN_POINT('',(1.6,0.036292973919254,-3.));
#9044=CARTESIAN_POINT('',(1.6,1.4,-3.));
#9045=CARTESIAN_POINT('',(1.6,1.4,-1.5));
#9046=CARTESIAN_POINT('',(1.6,1.4,-3.5));
#9047=CARTESIAN_POINT('',(1.6,1.4,-3.5));
#9048=CARTESIAN_POINT('',(1.6,0.693968225382753,-3.5));
#9049=CARTESIAN_POINT('',(1.6,0.693968225382753,-3.5));
#9050=CARTESIAN_POINT('',(1.6,0.782131715736986,-3.));
#9051=CARTESIAN_POINT('',(1.6,0.036292973919254,-3.));
#9052=CARTESIAN_POINT('',(1.6,0.036292973919254,-3.6));
#9053=CARTESIAN_POINT('',(-1.6,0.036292973919254,-5.57));
#9054=CARTESIAN_POINT('',(-1.6,0.036292973919254,-3.));
#9055=CARTESIAN_POINT('',(-1.6,1.4,-3.));
#9056=CARTESIAN_POINT('',(-1.6,0.036292973919254,-3.6));
#9057=CARTESIAN_POINT('',(-1.6,0.036292973919254,-3.));
#9058=CARTESIAN_POINT('',(-1.6,0.782131715736986,-3.));
#9059=CARTESIAN_POINT('',(-1.6,0.693968225382753,-3.5));
#9060=CARTESIAN_POINT('',(-1.6,0.693968225382753,-3.5));
#9061=CARTESIAN_POINT('',(-1.6,1.4,-3.5));
#9062=CARTESIAN_POINT('',(-1.6,1.4,-3.5));
#9063=CARTESIAN_POINT('',(-1.6,1.4,-1.5));
#9064=CARTESIAN_POINT('',(1.6,0.597264973081038,-1.5));
#9065=CARTESIAN_POINT('',(1.35,0.597264973081038,-1.5));
#9066=CARTESIAN_POINT('',(1.35,0.597264973081038,-1.5));
#9067=CARTESIAN_POINT('',(1.6,0.597264973081038,-1.5));
#9068=CARTESIAN_POINT('',(1.15,0.597264973081038,-1.5));
#9069=CARTESIAN_POINT('',(1.15,0.597264973081038,-1.5));
#9070=CARTESIAN_POINT('',(1.6,0.597264973081038,-1.5));
#9071=CARTESIAN_POINT('',(0.85,0.597264973081038,-1.5));
#9072=CARTESIAN_POINT('',(0.85,0.597264973081038,-1.5));
#9073=CARTESIAN_POINT('',(1.6,0.597264973081038,-1.5));
#9074=CARTESIAN_POINT('',(0.65,0.597264973081038,-1.5));
#9075=CARTESIAN_POINT('',(0.65,0.597264973081038,-1.5));
#9076=CARTESIAN_POINT('',(1.6,0.597264973081038,-1.5));
#9077=CARTESIAN_POINT('',(0.35,0.597264973081038,-1.5));
#9078=CARTESIAN_POINT('',(0.35,0.597264973081038,-1.5));
#9079=CARTESIAN_POINT('',(1.6,0.597264973081038,-1.5));
#9080=CARTESIAN_POINT('',(0.15,0.597264973081038,-1.5));
#9081=CARTESIAN_POINT('',(0.15,0.597264973081038,-1.5));
#9082=CARTESIAN_POINT('',(1.6,0.597264973081038,-1.5));
#9083=CARTESIAN_POINT('',(-0.15,0.597264973081038,-1.5));
#9084=CARTESIAN_POINT('',(-0.15,0.597264973081038,-1.5));
#9085=CARTESIAN_POINT('',(1.6,0.597264973081038,-1.5));
#9086=CARTESIAN_POINT('',(-0.35,0.597264973081038,-1.5));
#9087=CARTESIAN_POINT('',(-0.35,0.597264973081038,-1.5));
#9088=CARTESIAN_POINT('',(1.6,0.597264973081038,-1.5));
#9089=CARTESIAN_POINT('',(-0.65,0.597264973081038,-1.5));
#9090=CARTESIAN_POINT('',(-0.65,0.597264973081038,-1.5));
#9091=CARTESIAN_POINT('',(1.6,0.597264973081038,-1.5));
#9092=CARTESIAN_POINT('',(-0.85,0.597264973081038,-1.5));
#9093=CARTESIAN_POINT('',(-0.85,0.597264973081038,-1.5));
#9094=CARTESIAN_POINT('',(1.6,0.597264973081038,-1.5));
#9095=CARTESIAN_POINT('',(-1.15,0.597264973081038,-1.5));
#9096=CARTESIAN_POINT('',(-1.15,0.597264973081038,-1.5));
#9097=CARTESIAN_POINT('',(1.6,0.597264973081038,-1.5));
#9098=CARTESIAN_POINT('',(-1.35,0.597264973081038,-1.5));
#9099=CARTESIAN_POINT('',(-1.35,0.597264973081038,-1.5));
#9100=CARTESIAN_POINT('',(1.6,1.6,-1.5));
#9101=CARTESIAN_POINT('',(1.35,1.6,-1.5));
#9102=CARTESIAN_POINT('',(1.35,1.4,-1.5));
#9103=CARTESIAN_POINT('',(1.15,1.6,-1.5));
#9104=CARTESIAN_POINT('',(1.15,1.4,-1.5));
#9105=CARTESIAN_POINT('',(1.6,1.4,-1.5));
#9106=CARTESIAN_POINT('',(1.6,1.6,-1.5));
#9107=CARTESIAN_POINT('',(0.85,1.6,-1.5));
#9108=CARTESIAN_POINT('',(0.85,1.4,-1.5));
#9109=CARTESIAN_POINT('',(0.65,1.6,-1.5));
#9110=CARTESIAN_POINT('',(0.65,1.4,-1.5));
#9111=CARTESIAN_POINT('',(1.6,1.4,-1.5));
#9112=CARTESIAN_POINT('',(1.6,1.6,-1.5));
#9113=CARTESIAN_POINT('',(0.35,1.6,-1.5));
#9114=CARTESIAN_POINT('',(0.35,1.4,-1.5));
#9115=CARTESIAN_POINT('',(0.15,1.6,-1.5));
#9116=CARTESIAN_POINT('',(0.15,1.4,-1.5));
#9117=CARTESIAN_POINT('',(1.6,1.4,-1.5));
#9118=CARTESIAN_POINT('',(1.6,1.6,-1.5));
#9119=CARTESIAN_POINT('',(-0.15,1.6,-1.5));
#9120=CARTESIAN_POINT('',(-0.15,1.4,-1.5));
#9121=CARTESIAN_POINT('',(-0.35,1.6,-1.5));
#9122=CARTESIAN_POINT('',(-0.35,1.4,-1.5));
#9123=CARTESIAN_POINT('',(1.6,1.4,-1.5));
#9124=CARTESIAN_POINT('',(1.6,1.6,-1.5));
#9125=CARTESIAN_POINT('',(-0.65,1.6,-1.5));
#9126=CARTESIAN_POINT('',(-0.65,1.4,-1.5));
#9127=CARTESIAN_POINT('',(-0.85,1.6,-1.5));
#9128=CARTESIAN_POINT('',(-0.85,1.4,-1.5));
#9129=CARTESIAN_POINT('',(1.6,1.4,-1.5));
#9130=CARTESIAN_POINT('',(1.6,1.6,-1.5));
#9131=CARTESIAN_POINT('',(-1.15,1.6,-1.5));
#9132=CARTESIAN_POINT('',(-1.15,1.4,-1.5));
#9133=CARTESIAN_POINT('',(-1.35,1.6,-1.5));
#9134=CARTESIAN_POINT('',(-1.35,1.4,-1.5));
#9135=CARTESIAN_POINT('',(1.6,1.4,-1.5));
#9136=CARTESIAN_POINT('',(1.6,1.4,-1.5));
#9137=CARTESIAN_POINT('',(1.6,1.4,-3.));
#9138=CARTESIAN_POINT('',(1.35,1.4,-3.));
#9139=CARTESIAN_POINT('',(1.35,1.4,-1.5));
#9140=CARTESIAN_POINT('',(1.15,1.4,-1.5));
#9141=CARTESIAN_POINT('',(1.15,1.4,-3.));
#9142=CARTESIAN_POINT('',(1.6,1.4,-3.));
#9143=CARTESIAN_POINT('',(0.85,1.4,-3.));
#9144=CARTESIAN_POINT('',(0.85,1.4,-1.5));
#9145=CARTESIAN_POINT('',(0.65,1.4,-1.5));
#9146=CARTESIAN_POINT('',(0.65,1.4,-3.));
#9147=CARTESIAN_POINT('',(1.6,1.4,-3.));
#9148=CARTESIAN_POINT('',(0.35,1.4,-3.));
#9149=CARTESIAN_POINT('',(0.35,1.4,-1.5));
#9150=CARTESIAN_POINT('',(0.15,1.4,-1.5));
#9151=CARTESIAN_POINT('',(0.15,1.4,-3.));
#9152=CARTESIAN_POINT('',(1.6,1.4,-3.));
#9153=CARTESIAN_POINT('',(-0.15,1.4,-3.));
#9154=CARTESIAN_POINT('',(-0.15,1.4,-1.5));
#9155=CARTESIAN_POINT('',(-0.35,1.4,-1.5));
#9156=CARTESIAN_POINT('',(-0.35,1.4,-3.));
#9157=CARTESIAN_POINT('',(1.6,1.4,-3.));
#9158=CARTESIAN_POINT('',(-0.65,1.4,-3.));
#9159=CARTESIAN_POINT('',(-0.65,1.4,-1.5));
#9160=CARTESIAN_POINT('',(-0.85,1.4,-1.5));
#9161=CARTESIAN_POINT('',(-0.85,1.4,-3.));
#9162=CARTESIAN_POINT('',(1.6,1.4,-3.));
#9163=CARTESIAN_POINT('',(-1.15,1.4,-3.));
#9164=CARTESIAN_POINT('',(-1.15,1.4,-1.5));
#9165=CARTESIAN_POINT('',(-1.35,1.4,-1.5));
#9166=CARTESIAN_POINT('',(-1.35,1.4,-3.));
#9167=CARTESIAN_POINT('',(1.6,1.4,-3.));
#9168=CARTESIAN_POINT('',(1.6,1.4,-3.5));
#9169=CARTESIAN_POINT('',(1.6,0.693968225382753,-3.5));
#9170=CARTESIAN_POINT('',(1.6,0.782131715736986,-3.));
#9171=CARTESIAN_POINT('',(1.35,0.782131715736986,-3.));
#9172=CARTESIAN_POINT('',(1.6,0.693968225382753,-3.5));
#9173=CARTESIAN_POINT('',(1.6,0.782131715736986,-3.));
#9174=CARTESIAN_POINT('',(-1.35,0.782131715736986,-3.));
#9175=CARTESIAN_POINT('',(-1.35,0.693968225382753,-3.5));
#9176=CARTESIAN_POINT('',(-1.35,0.955,-2.01961524227066));
#9177=CARTESIAN_POINT('',(1.6,0.955,-2.01961524227066));
#9178=CARTESIAN_POINT('',(-1.15,0.955,-2.01961524227066));
#9179=CARTESIAN_POINT('',(-1.15,0.693968225382753,-3.5));
#9180=CARTESIAN_POINT('',(-1.15,0.782131715736986,-3.));
#9181=CARTESIAN_POINT('',(1.6,0.782131715736986,-3.));
#9182=CARTESIAN_POINT('',(-0.85,0.782131715736986,-3.));
#9183=CARTESIAN_POINT('',(-0.85,0.693968225382753,-3.5));
#9184=CARTESIAN_POINT('',(-0.85,0.955,-2.01961524227066));
#9185=CARTESIAN_POINT('',(1.6,0.955,-2.01961524227066));
#9186=CARTESIAN_POINT('',(-0.65,0.955,-2.01961524227066));
#9187=CARTESIAN_POINT('',(-0.65,0.693968225382753,-3.5));
#9188=CARTESIAN_POINT('',(-0.65,0.782131715736986,-3.));
#9189=CARTESIAN_POINT('',(1.6,0.782131715736986,-3.));
#9190=CARTESIAN_POINT('',(-0.35,0.782131715736986,-3.));
#9191=CARTESIAN_POINT('',(-0.35,0.693968225382753,-3.5));
#9192=CARTESIAN_POINT('',(-0.35,0.955,-2.01961524227066));
#9193=CARTESIAN_POINT('',(1.6,0.955,-2.01961524227066));
#9194=CARTESIAN_POINT('',(-0.15,0.955,-2.01961524227066));
#9195=CARTESIAN_POINT('',(-0.15,0.693968225382753,-3.5));
#9196=CARTESIAN_POINT('',(-0.15,0.782131715736986,-3.));
#9197=CARTESIAN_POINT('',(1.6,0.782131715736986,-3.));
#9198=CARTESIAN_POINT('',(0.15,0.782131715736986,-3.));
#9199=CARTESIAN_POINT('',(0.15,0.693968225382753,-3.5));
#9200=CARTESIAN_POINT('',(0.15,0.955,-2.01961524227066));
#9201=CARTESIAN_POINT('',(1.6,0.955,-2.01961524227066));
#9202=CARTESIAN_POINT('',(0.35,0.955,-2.01961524227066));
#9203=CARTESIAN_POINT('',(0.35,0.693968225382753,-3.5));
#9204=CARTESIAN_POINT('',(0.35,0.782131715736986,-3.));
#9205=CARTESIAN_POINT('',(1.6,0.782131715736986,-3.));
#9206=CARTESIAN_POINT('',(0.65,0.782131715736986,-3.));
#9207=CARTESIAN_POINT('',(0.65,0.693968225382753,-3.5));
#9208=CARTESIAN_POINT('',(0.65,0.955,-2.01961524227066));
#9209=CARTESIAN_POINT('',(1.6,0.955,-2.01961524227066));
#9210=CARTESIAN_POINT('',(0.85,0.955,-2.01961524227066));
#9211=CARTESIAN_POINT('',(0.85,0.693968225382753,-3.5));
#9212=CARTESIAN_POINT('',(0.85,0.782131715736986,-3.));
#9213=CARTESIAN_POINT('',(1.6,0.782131715736986,-3.));
#9214=CARTESIAN_POINT('',(1.15,0.782131715736986,-3.));
#9215=CARTESIAN_POINT('',(1.15,0.693968225382753,-3.5));
#9216=CARTESIAN_POINT('',(1.15,0.955,-2.01961524227066));
#9217=CARTESIAN_POINT('',(1.6,0.955,-2.01961524227066));
#9218=CARTESIAN_POINT('',(1.35,0.955,-2.01961524227066));
#9219=CARTESIAN_POINT('',(1.35,0.693968225382753,-3.5));
#9220=CARTESIAN_POINT('',(1.6,0.955,-2.01961524227066));
#9221=CARTESIAN_POINT('',(1.35,0.955,-2.01961524227066));
#9222=CARTESIAN_POINT('',(1.35,0.683867513459481,-1.55));
#9223=CARTESIAN_POINT('',(1.15,0.955,-2.01961524227066));
#9224=CARTESIAN_POINT('',(1.15,0.683867513459481,-1.55));
#9225=CARTESIAN_POINT('',(1.6,0.683867513459481,-1.55));
#9226=CARTESIAN_POINT('',(1.6,0.955,-2.01961524227066));
#9227=CARTESIAN_POINT('',(0.85,0.955,-2.01961524227066));
#9228=CARTESIAN_POINT('',(0.85,0.683867513459481,-1.55));
#9229=CARTESIAN_POINT('',(0.65,0.955,-2.01961524227066));
#9230=CARTESIAN_POINT('',(0.65,0.683867513459481,-1.55));
#9231=CARTESIAN_POINT('',(1.6,0.683867513459481,-1.55));
#9232=CARTESIAN_POINT('',(1.6,0.955,-2.01961524227066));
#9233=CARTESIAN_POINT('',(0.35,0.955,-2.01961524227066));
#9234=CARTESIAN_POINT('',(0.35,0.683867513459481,-1.55));
#9235=CARTESIAN_POINT('',(0.15,0.955,-2.01961524227066));
#9236=CARTESIAN_POINT('',(0.15,0.683867513459481,-1.55));
#9237=CARTESIAN_POINT('',(1.6,0.683867513459481,-1.55));
#9238=CARTESIAN_POINT('',(1.6,0.955,-2.01961524227066));
#9239=CARTESIAN_POINT('',(-0.15,0.955,-2.01961524227066));
#9240=CARTESIAN_POINT('',(-0.15,0.683867513459481,-1.55));
#9241=CARTESIAN_POINT('',(-0.35,0.955,-2.01961524227066));
#9242=CARTESIAN_POINT('',(-0.35,0.683867513459481,-1.55));
#9243=CARTESIAN_POINT('',(1.6,0.683867513459481,-1.55));
#9244=CARTESIAN_POINT('',(1.6,0.955,-2.01961524227066));
#9245=CARTESIAN_POINT('',(-0.65,0.955,-2.01961524227066));
#9246=CARTESIAN_POINT('',(-0.65,0.683867513459481,-1.55));
#9247=CARTESIAN_POINT('',(-0.85,0.955,-2.01961524227066));
#9248=CARTESIAN_POINT('',(-0.85,0.683867513459481,-1.55));
#9249=CARTESIAN_POINT('',(1.6,0.683867513459481,-1.55));
#9250=CARTESIAN_POINT('',(1.6,0.955,-2.01961524227066));
#9251=CARTESIAN_POINT('',(-1.15,0.955,-2.01961524227066));
#9252=CARTESIAN_POINT('',(-1.15,0.683867513459481,-1.55));
#9253=CARTESIAN_POINT('',(-1.35,0.955,-2.01961524227066));
#9254=CARTESIAN_POINT('',(-1.35,0.683867513459481,-1.55));
#9255=CARTESIAN_POINT('',(1.6,0.683867513459481,-1.55));
#9256=CARTESIAN_POINT('',(1.6,0.597264973081038,-1.6));
#9257=CARTESIAN_POINT('',(1.35,0.597264973081038,-1.6));
#9258=CARTESIAN_POINT('',(1.15,0.597264973081038,-1.6));
#9259=CARTESIAN_POINT('',(1.6,0.597264973081038,-1.6));
#9260=CARTESIAN_POINT('',(0.85,0.597264973081038,-1.6));
#9261=CARTESIAN_POINT('',(0.65,0.597264973081038,-1.6));
#9262=CARTESIAN_POINT('',(1.6,0.597264973081038,-1.6));
#9263=CARTESIAN_POINT('',(0.35,0.597264973081038,-1.6));
#9264=CARTESIAN_POINT('',(0.15,0.597264973081038,-1.6));
#9265=CARTESIAN_POINT('',(1.6,0.597264973081038,-1.6));
#9266=CARTESIAN_POINT('',(-0.15,0.597264973081038,-1.6));
#9267=CARTESIAN_POINT('',(-0.35,0.597264973081038,-1.6));
#9268=CARTESIAN_POINT('',(1.6,0.597264973081038,-1.6));
#9269=CARTESIAN_POINT('',(-0.65,0.597264973081038,-1.6));
#9270=CARTESIAN_POINT('',(-0.85,0.597264973081038,-1.6));
#9271=CARTESIAN_POINT('',(1.6,0.597264973081038,-1.6));
#9272=CARTESIAN_POINT('',(-1.15,0.597264973081038,-1.6));
#9273=CARTESIAN_POINT('',(-1.35,0.597264973081038,-1.6));
#9274=CARTESIAN_POINT('',(1.6,0.25,-4.38));
#9275=CARTESIAN_POINT('',(-1.35,0.25,-4.38));
#9276=CARTESIAN_POINT('',(-1.35,-0.04,-4.67));
#9277=CARTESIAN_POINT('',(1.6,-0.0399999999999999,-4.67));
#9278=CARTESIAN_POINT('',(-1.15,-0.04,-4.67));
#9279=CARTESIAN_POINT('',(-1.15,0.25,-4.38));
#9280=CARTESIAN_POINT('',(1.6,0.25,-4.38));
#9281=CARTESIAN_POINT('',(-0.85,0.25,-4.38));
#9282=CARTESIAN_POINT('',(-0.85,-0.04,-4.67));
#9283=CARTESIAN_POINT('',(1.6,-0.0399999999999999,-4.67));
#9284=CARTESIAN_POINT('',(-0.65,-0.04,-4.67));
#9285=CARTESIAN_POINT('',(-0.65,0.25,-4.38));
#9286=CARTESIAN_POINT('',(1.6,0.25,-4.38));
#9287=CARTESIAN_POINT('',(-0.35,0.25,-4.38));
#9288=CARTESIAN_POINT('',(-0.35,-0.04,-4.67));
#9289=CARTESIAN_POINT('',(1.6,-0.0399999999999999,-4.67));
#9290=CARTESIAN_POINT('',(-0.149999999999999,-0.04,-4.67));
#9291=CARTESIAN_POINT('',(-0.15,0.25,-4.38));
#9292=CARTESIAN_POINT('',(1.6,0.25,-4.38));
#9293=CARTESIAN_POINT('',(0.15,0.25,-4.38));
#9294=CARTESIAN_POINT('',(0.15,-0.04,-4.67));
#9295=CARTESIAN_POINT('',(1.6,-0.0399999999999999,-4.67));
#9296=CARTESIAN_POINT('',(0.350000000000001,-0.04,-4.67));
#9297=CARTESIAN_POINT('',(0.35,0.25,-4.38));
#9298=CARTESIAN_POINT('',(1.6,0.25,-4.38));
#9299=CARTESIAN_POINT('',(0.650000000000001,0.25,-4.38));
#9300=CARTESIAN_POINT('',(0.650000000000001,-0.04,-4.67));
#9301=CARTESIAN_POINT('',(1.6,-0.0399999999999999,-4.67));
#9302=CARTESIAN_POINT('',(0.85,-0.04,-4.67));
#9303=CARTESIAN_POINT('',(0.85,0.25,-4.38));
#9304=CARTESIAN_POINT('',(1.6,0.25,-4.38));
#9305=CARTESIAN_POINT('',(1.15,0.25,-4.38));
#9306=CARTESIAN_POINT('',(1.15,-0.04,-4.67));
#9307=CARTESIAN_POINT('',(1.6,-0.0399999999999999,-4.67));
#9308=CARTESIAN_POINT('',(1.35,-0.04,-4.67));
#9309=CARTESIAN_POINT('',(1.35,0.25,-4.38));
#9310=CARTESIAN_POINT('',(1.6,-0.04,-4.67));
#9311=CARTESIAN_POINT('',(-1.35,-0.04,-3.6));
#9312=CARTESIAN_POINT('',(-1.35,-0.04,-5.67));
#9313=CARTESIAN_POINT('',(1.6,-0.04,-5.67));
#9314=CARTESIAN_POINT('',(-1.15,-0.04,-5.67));
#9315=CARTESIAN_POINT('',(-1.15,-0.04,-6.09));
#9316=CARTESIAN_POINT('',(1.6,-0.04,-4.67));
#9317=CARTESIAN_POINT('',(-0.85,-0.04,-3.6));
#9318=CARTESIAN_POINT('',(-0.85,-0.04,-5.67));
#9319=CARTESIAN_POINT('',(1.6,-0.04,-5.67));
#9320=CARTESIAN_POINT('',(-0.65,-0.04,-5.67));
#9321=CARTESIAN_POINT('',(-0.65,-0.04,-6.09));
#9322=CARTESIAN_POINT('',(1.6,-0.04,-4.67));
#9323=CARTESIAN_POINT('',(-0.35,-0.04,-3.6));
#9324=CARTESIAN_POINT('',(-0.35,-0.04,-5.67));
#9325=CARTESIAN_POINT('',(1.6,-0.04,-5.67));
#9326=CARTESIAN_POINT('',(-0.149999999999999,-0.04,-5.67));
#9327=CARTESIAN_POINT('',(-0.149999999999999,-0.04,-6.09));
#9328=CARTESIAN_POINT('',(1.6,-0.04,-4.67));
#9329=CARTESIAN_POINT('',(0.15,-0.04,-3.6));
#9330=CARTESIAN_POINT('',(0.15,-0.04,-5.67));
#9331=CARTESIAN_POINT('',(1.6,-0.04,-5.67));
#9332=CARTESIAN_POINT('',(0.350000000000001,-0.04,-5.67));
#9333=CARTESIAN_POINT('',(0.350000000000001,-0.04,-6.09));
#9334=CARTESIAN_POINT('',(1.6,-0.04,-4.67));
#9335=CARTESIAN_POINT('',(0.650000000000001,-0.04,-3.6));
#9336=CARTESIAN_POINT('',(0.650000000000001,-0.04,-5.67));
#9337=CARTESIAN_POINT('',(1.6,-0.04,-5.67));
#9338=CARTESIAN_POINT('',(0.85,-0.04,-5.67));
#9339=CARTESIAN_POINT('',(0.85,-0.04,-6.09));
#9340=CARTESIAN_POINT('',(1.6,-0.04,-4.67));
#9341=CARTESIAN_POINT('',(1.15,-0.04,-3.6));
#9342=CARTESIAN_POINT('',(1.15,-0.04,-5.67));
#9343=CARTESIAN_POINT('',(1.6,-0.04,-5.67));
#9344=CARTESIAN_POINT('',(1.35,-0.04,-5.67));
#9345=CARTESIAN_POINT('',(1.35,-0.04,-6.09));
#9346=CARTESIAN_POINT('',(1.6,-0.04,-5.67));
#9347=CARTESIAN_POINT('',(-1.35,-0.04,-5.67));
#9348=CARTESIAN_POINT('',(-1.35,0.0362929739192504,-5.67));
#9349=CARTESIAN_POINT('',(1.6,0.0362929739192504,-5.67));
#9350=CARTESIAN_POINT('',(-1.15,0.036292973919254,-5.67));
#9351=CARTESIAN_POINT('',(-1.15,-0.04,-5.67));
#9352=CARTESIAN_POINT('',(1.6,-0.04,-5.67));
#9353=CARTESIAN_POINT('',(-0.85,-0.04,-5.67));
#9354=CARTESIAN_POINT('',(-0.85,0.0362929739192504,-5.67));
#9355=CARTESIAN_POINT('',(1.6,0.0362929739192504,-5.67));
#9356=CARTESIAN_POINT('',(-0.65,0.036292973919254,-5.67));
#9357=CARTESIAN_POINT('',(-0.65,-0.04,-5.67));
#9358=CARTESIAN_POINT('',(1.6,-0.04,-5.67));
#9359=CARTESIAN_POINT('',(-0.35,-0.04,-5.67));
#9360=CARTESIAN_POINT('',(-0.35,0.0362929739192504,-5.67));
#9361=CARTESIAN_POINT('',(1.6,0.0362929739192504,-5.67));
#9362=CARTESIAN_POINT('',(-0.15,0.036292973919254,-5.67));
#9363=CARTESIAN_POINT('',(-0.15,-0.04,-5.67));
#9364=CARTESIAN_POINT('',(1.6,-0.04,-5.67));
#9365=CARTESIAN_POINT('',(0.15,-0.04,-5.67));
#9366=CARTESIAN_POINT('',(0.15,0.0362929739192504,-5.67));
#9367=CARTESIAN_POINT('',(1.6,0.0362929739192504,-5.67));
#9368=CARTESIAN_POINT('',(0.35,0.036292973919254,-5.67));
#9369=CARTESIAN_POINT('',(0.35,-0.04,-5.67));
#9370=CARTESIAN_POINT('',(1.6,-0.04,-5.67));
#9371=CARTESIAN_POINT('',(0.650000000000001,-0.04,-5.67));
#9372=CARTESIAN_POINT('',(0.650000000000001,0.0362929739192504,-5.67));
#9373=CARTESIAN_POINT('',(1.6,0.0362929739192504,-5.67));
#9374=CARTESIAN_POINT('',(0.85,0.036292973919254,-5.67));
#9375=CARTESIAN_POINT('',(0.85,-0.04,-5.67));
#9376=CARTESIAN_POINT('',(1.6,-0.04,-5.67));
#9377=CARTESIAN_POINT('',(1.15,-0.04,-5.67));
#9378=CARTESIAN_POINT('',(1.15,0.0362929739192504,-5.67));
#9379=CARTESIAN_POINT('',(1.6,0.0362929739192504,-5.67));
#9380=CARTESIAN_POINT('',(1.35,0.036292973919254,-5.67));
#9381=CARTESIAN_POINT('',(1.35,-0.04,-5.67));
#9382=CARTESIAN_POINT('',(1.6,0.036292973919254,-5.57));
#9383=CARTESIAN_POINT('',(-1.35,0.036292973919254,-5.57));
#9384=CARTESIAN_POINT('',(-1.35,0.126923752622916,-5.61226182617407));
#9385=CARTESIAN_POINT('',(1.6,0.126923752622916,-5.61226182617407));
#9386=CARTESIAN_POINT('',(-1.15,0.126923752622916,-5.61226182617407));
#9387=CARTESIAN_POINT('',(-1.15,0.036292973919254,-5.57));
#9388=CARTESIAN_POINT('',(1.6,0.036292973919254,-5.57));
#9389=CARTESIAN_POINT('',(-0.85,0.036292973919254,-5.57));
#9390=CARTESIAN_POINT('',(-0.85,0.126923752622916,-5.61226182617407));
#9391=CARTESIAN_POINT('',(1.6,0.126923752622916,-5.61226182617407));
#9392=CARTESIAN_POINT('',(-0.65,0.126923752622916,-5.61226182617407));
#9393=CARTESIAN_POINT('',(-0.65,0.036292973919254,-5.57));
#9394=CARTESIAN_POINT('',(1.6,0.036292973919254,-5.57));
#9395=CARTESIAN_POINT('',(-0.35,0.036292973919254,-5.57));
#9396=CARTESIAN_POINT('',(-0.35,0.126923752622916,-5.61226182617407));
#9397=CARTESIAN_POINT('',(1.6,0.126923752622916,-5.61226182617407));
#9398=CARTESIAN_POINT('',(-0.15,0.126923752622916,-5.61226182617407));
#9399=CARTESIAN_POINT('',(-0.15,0.036292973919254,-5.57));
#9400=CARTESIAN_POINT('',(1.6,0.036292973919254,-5.57));
#9401=CARTESIAN_POINT('',(0.15,0.036292973919254,-5.57));
#9402=CARTESIAN_POINT('',(0.15,0.126923752622916,-5.61226182617407));
#9403=CARTESIAN_POINT('',(1.6,0.126923752622916,-5.61226182617407));
#9404=CARTESIAN_POINT('',(0.35,0.126923752622916,-5.61226182617407));
#9405=CARTESIAN_POINT('',(0.35,0.036292973919254,-5.57));
#9406=CARTESIAN_POINT('',(1.6,0.036292973919254,-5.57));
#9407=CARTESIAN_POINT('',(0.650000000000001,0.036292973919254,-5.57));
#9408=CARTESIAN_POINT('',(0.650000000000001,0.126923752622916,-5.61226182617407));
#9409=CARTESIAN_POINT('',(1.6,0.126923752622916,-5.61226182617407));
#9410=CARTESIAN_POINT('',(0.85,0.126923752622916,-5.61226182617407));
#9411=CARTESIAN_POINT('',(0.85,0.036292973919254,-5.57));
#9412=CARTESIAN_POINT('',(1.6,0.036292973919254,-5.57));
#9413=CARTESIAN_POINT('',(1.15,0.036292973919254,-5.57));
#9414=CARTESIAN_POINT('',(1.15,0.126923752622916,-5.61226182617407));
#9415=CARTESIAN_POINT('',(1.6,0.126923752622916,-5.61226182617407));
#9416=CARTESIAN_POINT('',(1.35,0.126923752622916,-5.61226182617407));
#9417=CARTESIAN_POINT('',(1.35,0.036292973919254,-5.57));
#9418=CARTESIAN_POINT('',(1.6,0.126923752622916,-5.61226182617407));
#9419=CARTESIAN_POINT('',(-1.35,0.126923752622916,-5.61226182617407));
#9420=CARTESIAN_POINT('',(-1.35,0.566307658154999,-4.67));
#9421=CARTESIAN_POINT('',(1.6,0.566307658154999,-4.67));
#9422=CARTESIAN_POINT('',(-1.15,0.566307658154999,-4.67));
#9423=CARTESIAN_POINT('',(-1.15,0.126923752622916,-5.61226182617407));
#9424=CARTESIAN_POINT('',(1.6,0.126923752622916,-5.61226182617407));
#9425=CARTESIAN_POINT('',(-0.85,0.126923752622916,-5.61226182617407));
#9426=CARTESIAN_POINT('',(-0.85,0.566307658154999,-4.67));
#9427=CARTESIAN_POINT('',(1.6,0.566307658154999,-4.67));
#9428=CARTESIAN_POINT('',(-0.65,0.566307658154999,-4.67));
#9429=CARTESIAN_POINT('',(-0.65,0.126923752622916,-5.61226182617407));
#9430=CARTESIAN_POINT('',(1.6,0.126923752622916,-5.61226182617407));
#9431=CARTESIAN_POINT('',(-0.35,0.126923752622916,-5.61226182617407));
#9432=CARTESIAN_POINT('',(-0.35,0.566307658154999,-4.67));
#9433=CARTESIAN_POINT('',(1.6,0.566307658154999,-4.67));
#9434=CARTESIAN_POINT('',(-0.15,0.566307658154999,-4.67));
#9435=CARTESIAN_POINT('',(-0.15,0.126923752622916,-5.61226182617407));
#9436=CARTESIAN_POINT('',(1.6,0.126923752622916,-5.61226182617407));
#9437=CARTESIAN_POINT('',(0.15,0.126923752622916,-5.61226182617407));
#9438=CARTESIAN_POINT('',(0.15,0.566307658154999,-4.67));
#9439=CARTESIAN_POINT('',(1.6,0.566307658154999,-4.67));
#9440=CARTESIAN_POINT('',(0.35,0.566307658154999,-4.67));
#9441=CARTESIAN_POINT('',(0.35,0.126923752622916,-5.61226182617407));
#9442=CARTESIAN_POINT('',(1.6,0.126923752622916,-5.61226182617407));
#9443=CARTESIAN_POINT('',(0.650000000000001,0.126923752622916,-5.61226182617407));
#9444=CARTESIAN_POINT('',(0.650000000000001,0.566307658154999,-4.67));
#9445=CARTESIAN_POINT('',(1.6,0.566307658154999,-4.67));
#9446=CARTESIAN_POINT('',(0.85,0.566307658154999,-4.67));
#9447=CARTESIAN_POINT('',(0.85,0.126923752622916,-5.61226182617407));
#9448=CARTESIAN_POINT('',(1.6,0.126923752622916,-5.61226182617407));
#9449=CARTESIAN_POINT('',(1.15,0.126923752622916,-5.61226182617407));
#9450=CARTESIAN_POINT('',(1.15,0.566307658154999,-4.67));
#9451=CARTESIAN_POINT('',(1.6,0.566307658154999,-4.67));
#9452=CARTESIAN_POINT('',(1.35,0.566307658154999,-4.67));
#9453=CARTESIAN_POINT('',(1.35,0.126923752622916,-5.61226182617407));
#9454=CARTESIAN_POINT('',(1.6,0.566307658154999,-4.67));
#9455=CARTESIAN_POINT('',(-1.35,0.566307658154999,-4.67));
#9456=CARTESIAN_POINT('',(-1.35,1.5,-4.67));
#9457=CARTESIAN_POINT('',(1.6,1.5,-4.67));
#9458=CARTESIAN_POINT('',(-1.15,1.5,-4.67));
#9459=CARTESIAN_POINT('',(-1.15,0.566307658154999,-4.67));
#9460=CARTESIAN_POINT('',(1.6,0.566307658154999,-4.67));
#9461=CARTESIAN_POINT('',(-0.85,0.566307658154999,-4.67));
#9462=CARTESIAN_POINT('',(-0.85,1.5,-4.67));
#9463=CARTESIAN_POINT('',(1.6,1.5,-4.67));
#9464=CARTESIAN_POINT('',(-0.65,1.5,-4.67));
#9465=CARTESIAN_POINT('',(-0.65,0.566307658154999,-4.67));
#9466=CARTESIAN_POINT('',(1.6,0.566307658154999,-4.67));
#9467=CARTESIAN_POINT('',(-0.35,0.566307658154999,-4.67));
#9468=CARTESIAN_POINT('',(-0.35,1.5,-4.67));
#9469=CARTESIAN_POINT('',(1.6,1.5,-4.67));
#9470=CARTESIAN_POINT('',(-0.15,1.5,-4.67));
#9471=CARTESIAN_POINT('',(-0.15,0.566307658154999,-4.67));
#9472=CARTESIAN_POINT('',(1.6,0.566307658154999,-4.67));
#9473=CARTESIAN_POINT('',(0.15,0.566307658154999,-4.67));
#9474=CARTESIAN_POINT('',(0.15,1.5,-4.67));
#9475=CARTESIAN_POINT('',(1.6,1.5,-4.67));
#9476=CARTESIAN_POINT('',(0.35,1.5,-4.67));
#9477=CARTESIAN_POINT('',(0.35,0.566307658154999,-4.67));
#9478=CARTESIAN_POINT('',(1.6,0.566307658154999,-4.67));
#9479=CARTESIAN_POINT('',(0.650000000000001,0.566307658154999,-4.67));
#9480=CARTESIAN_POINT('',(0.650000000000001,1.5,-4.67));
#9481=CARTESIAN_POINT('',(1.6,1.5,-4.67));
#9482=CARTESIAN_POINT('',(0.85,1.5,-4.67));
#9483=CARTESIAN_POINT('',(0.85,0.566307658154999,-4.67));
#9484=CARTESIAN_POINT('',(1.6,0.566307658154999,-4.67));
#9485=CARTESIAN_POINT('',(1.15,0.566307658154999,-4.67));
#9486=CARTESIAN_POINT('',(1.15,1.5,-4.67));
#9487=CARTESIAN_POINT('',(1.6,1.5,-4.67));
#9488=CARTESIAN_POINT('',(1.35,1.5,-4.67));
#9489=CARTESIAN_POINT('',(1.35,0.566307658154999,-4.67));
#9490=CARTESIAN_POINT('',(1.6,1.5,-4.57));
#9491=CARTESIAN_POINT('',(-1.35,1.5,-4.57));
#9492=CARTESIAN_POINT('',(-1.15,1.5,-4.57));
#9493=CARTESIAN_POINT('',(1.6,1.5,-4.57));
#9494=CARTESIAN_POINT('',(-0.85,1.5,-4.57));
#9495=CARTESIAN_POINT('',(-0.65,1.5,-4.57));
#9496=CARTESIAN_POINT('',(1.6,1.5,-4.57));
#9497=CARTESIAN_POINT('',(-0.35,1.5,-4.57));
#9498=CARTESIAN_POINT('',(-0.15,1.5,-4.57));
#9499=CARTESIAN_POINT('',(1.6,1.5,-4.57));
#9500=CARTESIAN_POINT('',(0.15,1.5,-4.57));
#9501=CARTESIAN_POINT('',(0.35,1.5,-4.57));
#9502=CARTESIAN_POINT('',(1.6,1.5,-4.57));
#9503=CARTESIAN_POINT('',(0.650000000000001,1.5,-4.57));
#9504=CARTESIAN_POINT('',(0.85,1.5,-4.57));
#9505=CARTESIAN_POINT('',(1.6,1.5,-4.57));
#9506=CARTESIAN_POINT('',(1.15,1.5,-4.57));
#9507=CARTESIAN_POINT('',(1.35,1.5,-4.57));
#9508=CARTESIAN_POINT('',(1.6,1.4,-3.5));
#9509=CARTESIAN_POINT('',(-1.65,2.5,-3.6));
#9510=CARTESIAN_POINT('',(-1.35,2.5,-3.6));
#9511=CARTESIAN_POINT('',(-1.35,2.5,-3.6));
#9512=CARTESIAN_POINT('',(1.35,2.5,-3.6));
#9513=CARTESIAN_POINT('',(1.35,2.5,-3.6));
#9514=CARTESIAN_POINT('',(1.35,2.5,-6.09));
#9515=CARTESIAN_POINT('',(1.15,2.5,-3.6));
#9516=CARTESIAN_POINT('',(1.15,2.5,-3.6));
#9517=CARTESIAN_POINT('',(0.85,2.5,-3.6));
#9518=CARTESIAN_POINT('',(0.85,2.5,-3.6));
#9519=CARTESIAN_POINT('',(0.85,2.5,-6.09));
#9520=CARTESIAN_POINT('',(0.650000000000001,2.5,-3.6));
#9521=CARTESIAN_POINT('',(0.650000000000001,2.5,-3.6));
#9522=CARTESIAN_POINT('',(0.350000000000001,2.5,-3.6));
#9523=CARTESIAN_POINT('',(0.350000000000001,2.5,-3.6));
#9524=CARTESIAN_POINT('',(0.350000000000001,2.5,-6.09));
#9525=CARTESIAN_POINT('',(0.15,2.5,-3.6));
#9526=CARTESIAN_POINT('',(0.15,2.5,-3.6));
#9527=CARTESIAN_POINT('',(-0.149999999999999,2.5,-3.6));
#9528=CARTESIAN_POINT('',(-0.149999999999999,2.5,-3.6));
#9529=CARTESIAN_POINT('',(-0.149999999999999,2.5,-6.09));
#9530=CARTESIAN_POINT('',(-0.35,2.5,-3.6));
#9531=CARTESIAN_POINT('',(-0.35,2.5,-3.6));
#9532=CARTESIAN_POINT('',(-0.65,2.5,-3.6));
#9533=CARTESIAN_POINT('',(-0.65,2.5,-3.6));
#9534=CARTESIAN_POINT('',(-0.65,2.5,-6.09));
#9535=CARTESIAN_POINT('',(-1.15,2.5,-6.09));
#9536=CARTESIAN_POINT('',(-1.15,2.5,-3.6));
#9537=CARTESIAN_POINT('',(-1.15,2.5,-3.6));
#9538=CARTESIAN_POINT('',(-0.85,2.5,-3.6));
#9539=CARTESIAN_POINT('',(-0.85,2.5,-3.6));
#9540=CARTESIAN_POINT('',(-1.35,2.,-0.51));
#9541=CARTESIAN_POINT('',(-1.35,2.,-3.));
#9542=CARTESIAN_POINT('',(-1.35,2.,-3.));
#9543=CARTESIAN_POINT('',(-0.85,2.,-0.51));
#9544=CARTESIAN_POINT('',(-0.85,2.,-3.));
#9545=CARTESIAN_POINT('',(-1.15,2.,-3.));
#9546=CARTESIAN_POINT('',(-1.15,2.,-3.));
#9547=CARTESIAN_POINT('',(-0.85,2.,-3.));
#9548=CARTESIAN_POINT('',(-0.35,2.,-0.51));
#9549=CARTESIAN_POINT('',(-0.35,2.,-3.));
#9550=CARTESIAN_POINT('',(-0.65,2.,-3.));
#9551=CARTESIAN_POINT('',(-0.65,2.,-3.));
#9552=CARTESIAN_POINT('',(-0.35,2.,-3.));
#9553=CARTESIAN_POINT('',(0.15,2.,-0.51));
#9554=CARTESIAN_POINT('',(0.15,2.,-3.));
#9555=CARTESIAN_POINT('',(-0.15,2.,-3.));
#9556=CARTESIAN_POINT('',(-0.15,2.,-3.));
#9557=CARTESIAN_POINT('',(0.15,2.,-3.));
#9558=CARTESIAN_POINT('',(0.65,2.,-0.51));
#9559=CARTESIAN_POINT('',(0.65,2.,-3.));
#9560=CARTESIAN_POINT('',(0.35,2.,-3.));
#9561=CARTESIAN_POINT('',(0.35,2.,-3.));
#9562=CARTESIAN_POINT('',(0.65,2.,-3.));
#9563=CARTESIAN_POINT('',(1.15,2.,-0.51));
#9564=CARTESIAN_POINT('',(1.15,2.,-3.));
#9565=CARTESIAN_POINT('',(0.85,2.,-3.));
#9566=CARTESIAN_POINT('',(0.85,2.,-3.));
#9567=CARTESIAN_POINT('',(1.15,2.,-3.));
#9568=CARTESIAN_POINT('',(1.35,2.,-3.));
#9569=CARTESIAN_POINT('',(1.35,2.,-3.));
#9570=CARTESIAN_POINT('',(1.65,2.,-3.));
#9571=CARTESIAN_POINT('',(-1.35,2.,-3.));
#9572=CARTESIAN_POINT('',(-1.35,2.,-3.));
#9573=CARTESIAN_POINT('',(-1.35,2.,-0.51));
#9574=CARTESIAN_POINT('',(-1.15,2.,-3.));
#9575=CARTESIAN_POINT('',(-1.15,2.,-3.));
#9576=CARTESIAN_POINT('',(-0.85,2.,-3.));
#9577=CARTESIAN_POINT('',(-0.85,2.,-3.));
#9578=CARTESIAN_POINT('',(-0.85,2.,-0.51));
#9579=CARTESIAN_POINT('',(-0.65,2.,-3.));
#9580=CARTESIAN_POINT('',(-0.65,2.,-3.));
#9581=CARTESIAN_POINT('',(-0.35,2.,-3.));
#9582=CARTESIAN_POINT('',(-0.35,2.,-3.));
#9583=CARTESIAN_POINT('',(-0.35,2.,-0.51));
#9584=CARTESIAN_POINT('',(-0.15,2.,-3.));
#9585=CARTESIAN_POINT('',(-0.15,2.,-3.));
#9586=CARTESIAN_POINT('',(0.15,2.,-3.));
#9587=CARTESIAN_POINT('',(0.15,2.,-3.));
#9588=CARTESIAN_POINT('',(0.15,2.,-0.51));
#9589=CARTESIAN_POINT('',(0.35,2.,-3.));
#9590=CARTESIAN_POINT('',(0.35,2.,-3.));
#9591=CARTESIAN_POINT('',(0.65,2.,-3.));
#9592=CARTESIAN_POINT('',(0.65,2.,-3.));
#9593=CARTESIAN_POINT('',(0.65,2.,-0.51));
#9594=CARTESIAN_POINT('',(0.85,2.,-3.));
#9595=CARTESIAN_POINT('',(0.85,2.,-3.));
#9596=CARTESIAN_POINT('',(1.15,2.,-3.));
#9597=CARTESIAN_POINT('',(1.15,2.,-3.));
#9598=CARTESIAN_POINT('',(1.15,2.,-0.51));
#9599=CARTESIAN_POINT('',(1.65,2.,-3.));
#9600=CARTESIAN_POINT('',(1.35,2.,-3.));
#9601=CARTESIAN_POINT('',(1.35,2.,-3.));
#9602=CARTESIAN_POINT('',(0.,0.,0.));
#9603=MECHANICAL_DESIGN_GEOMETRIC_PRESENTATION_REPRESENTATION('',(#5162,
#5163,#5164,#5165,#5166,#5167,#5168,#5169,#5170,#5171,#5172,#5173,#5174,
#5175,#5176,#5177,#5178,#5179,#5180,#5181,#5182,#5183,#5184,#5185,#5186,
#5187,#5188,#5189,#5190,#5191,#5192,#5193,#5194,#5195,#5196,#5197,#5198,
#5199,#5200,#5201,#5202,#5203,#5204,#5205,#5206,#5207,#5208,#5209,#5210,
#5211,#5212,#5213,#5214,#5215,#5216,#5217,#5218,#5219,#5220,#5221,#5222,
#5223,#5224,#5225,#5226,#5227,#5228,#5229,#5230,#5231,#5232,#5233,#5234,
#5235,#5236,#5237,#5238,#5239,#5240,#5241,#5242,#5243,#5244,#5245,#5246,
#5247,#5248,#5249,#5250,#5251,#5252,#5253,#5254,#5255,#5256,#5257,#5258,
#5259,#5260,#5261,#5262,#5263,#5264,#5265,#5266,#5267,#5268,#5269,#5270,
#5271,#5272,#5273,#5274,#5275,#5276,#5277,#5278,#5279,#5280,#5281,#5282,
#5283,#5284,#5285,#5286,#5287,#5288,#5289,#5290,#5291,#5292,#5293,#5294,
#5295,#5296,#5297),#9604);
#9604=(
GEOMETRIC_REPRESENTATION_CONTEXT(3)
GLOBAL_UNCERTAINTY_ASSIGNED_CONTEXT((#9607))
GLOBAL_UNIT_ASSIGNED_CONTEXT((#9612,#9611,#9610))
REPRESENTATION_CONTEXT('ZF5S-06-01-T-WT','TOP_LEVEL_ASSEMBLY_PART')
);
#9605=(
GEOMETRIC_REPRESENTATION_CONTEXT(3)
GLOBAL_UNCERTAINTY_ASSIGNED_CONTEXT((#9608))
GLOBAL_UNIT_ASSIGNED_CONTEXT((#9612,#9611,#9610))
REPRESENTATION_CONTEXT('ZF5S-06-01-WT_socket','COMPONENT_PART')
);
#9606=(
GEOMETRIC_REPRESENTATION_CONTEXT(3)
GLOBAL_UNCERTAINTY_ASSIGNED_CONTEXT((#9609))
GLOBAL_UNIT_ASSIGNED_CONTEXT((#9612,#9611,#9610))
REPRESENTATION_CONTEXT('C-297-06-01_pins','COMPONENT_PART')
);
#9607=UNCERTAINTY_MEASURE_WITH_UNIT(LENGTH_MEASURE(0.005),#9612,
'DISTANCE_ACCURACY_VALUE','Maximum Tolerance applied to model');
#9608=UNCERTAINTY_MEASURE_WITH_UNIT(LENGTH_MEASURE(0.005),#9612,
'DISTANCE_ACCURACY_VALUE','Maximum Tolerance applied to model');
#9609=UNCERTAINTY_MEASURE_WITH_UNIT(LENGTH_MEASURE(0.005),#9612,
'DISTANCE_ACCURACY_VALUE','Maximum Tolerance applied to model');
#9610=(
NAMED_UNIT(*)
SI_UNIT($,.STERADIAN.)
SOLID_ANGLE_UNIT()
);
#9611=(
NAMED_UNIT(*)
PLANE_ANGLE_UNIT()
SI_UNIT($,.RADIAN.)
);
#9612=(
LENGTH_UNIT()
NAMED_UNIT(*)
SI_UNIT(.MILLI.,.METRE.)
);
#9613=PRODUCT_DEFINITION_SHAPE('','',#9618);
#9614=PRODUCT_DEFINITION_SHAPE('','',#9619);
#9615=PRODUCT_DEFINITION_SHAPE(' ','NAUO PRDDFN',#20);
#9616=PRODUCT_DEFINITION_SHAPE('','',#9620);
#9617=PRODUCT_DEFINITION_SHAPE(' ','NAUO PRDDFN',#21);
#9618=PRODUCT_DEFINITION('','',#9624,#9621);
#9619=PRODUCT_DEFINITION('','',#9625,#9622);
#9620=PRODUCT_DEFINITION('','',#9626,#9623);
#9621=PRODUCT_DEFINITION_CONTEXT('',#9640,'design');
#9622=PRODUCT_DEFINITION_CONTEXT('',#9640,'design');
#9623=PRODUCT_DEFINITION_CONTEXT('',#9640,'design');
#9624=PRODUCT_DEFINITION_FORMATION_WITH_SPECIFIED_SOURCE('','',#9630,
 .NOT_KNOWN.);
#9625=PRODUCT_DEFINITION_FORMATION_WITH_SPECIFIED_SOURCE('','',#9631,
 .NOT_KNOWN.);
#9626=PRODUCT_DEFINITION_FORMATION_WITH_SPECIFIED_SOURCE('','',#9632,
 .NOT_KNOWN.);
#9627=PRODUCT_RELATED_PRODUCT_CATEGORY('','',(#9630));
#9628=PRODUCT_RELATED_PRODUCT_CATEGORY('','',(#9631));
#9629=PRODUCT_RELATED_PRODUCT_CATEGORY('','',(#9632));
#9630=PRODUCT('ZF5S-06-01-T-WT','ZF5S-06-01-T-WT','ZF5S-06-01-T-WT',(#9636));
#9631=PRODUCT('ZF5S-06-01-WT_socket','ZF5S-06-01-WT_socket',
'ZF5S-06-01-WT_socket',(#9637));
#9632=PRODUCT('C-297-06-01_pins','C-297-06-01_pins','C-297-06-01_pins',
(#9638));
#9633=PRODUCT_CATEGORY('','');
#9634=PRODUCT_CATEGORY('','');
#9635=PRODUCT_CATEGORY('','');
#9636=PRODUCT_CONTEXT('',#9640,'mechanical');
#9637=PRODUCT_CONTEXT('',#9640,'mechanical');
#9638=PRODUCT_CONTEXT('',#9640,'mechanical');
#9639=APPLICATION_PROTOCOL_DEFINITION('international standard',
'automotive_design',2010,#9640);
#9640=APPLICATION_CONTEXT(
'core data for automotive mechanical design processes');
ENDSEC;
END-ISO-10303-21;
